23/07/2024 09:00,Birmingham,Marjorie Chitty,Large Speciality Tea - English breakfast - 1.60,1.6,CARD,1324779108246534
23/07/2024 09:03,Birmingham,Brandon Hancock,"Large Speciality Tea - Camomile - 1.60, Large Flavoured hot chocolate - Caramel - 2.90",4.5,CARD,8553648736562624
23/07/2024 09:06,Birmingham,Natalie Kelley,"Regular Red Label tea - 1.20, Large Cortado - 2.35, Regular Speciality Tea - English breakfast - 1.30",4.85,CARD,5454370381462284
23/07/2024 09:09,Birmingham,Mauro Gauthier,Regular Chai latte - 2.30,2.3,CASH,
23/07/2024 09:12,Birmingham,Richard Davignon,Regular Speciality Tea - Camomile - 1.30,1.3,CASH,
23/07/2024 09:15,Birmingham,Theresa Workman,"Regular Flavoured hot chocolate - Caramel - 2.60, Large Speciality Tea - English breakfast - 1.60, Regular Chai latte - 2.30, Regular Flavoured hot chocolate - Caramel - 2.60",9.1,CARD,6552237320748620
23/07/2024 09:18,Birmingham,Brenda Snelson,"Large Flavoured hot chocolate - Caramel - 2.90, Large Cortado - 2.35, Regular Cortado - 2.05, Large Cortado - 2.35, Large Red Label tea - 1.80, Regular Cortado - 2.05",13.5,CARD,2106251508701583
23/07/2024 09:22,Birmingham,Robert Pearl,"Regular Chai latte - 2.30, Large Speciality Tea - English breakfast - 1.60, Large Speciality Tea - English breakfast - 1.60, Regular Flavoured hot chocolate - Caramel - 2.60, Regular Speciality Tea - English breakfast - 1.30, Regular Speciality Tea - Camomile - 1.30",10.7,CASH,
23/07/2024 09:25,Birmingham,James Galvis,Large Red Label tea - 1.80,1.8,CARD,4875800041671986
23/07/2024 09:28,Birmingham,Michelle Fisher,"Large Speciality Tea - English breakfast - 1.60, Regular Flavoured hot chocolate - Caramel - 2.60, Regular Cortado - 2.05",6.25,CARD,2563716148889973
23/07/2024 09:31,Birmingham,Annie Anderson,"Large Chai latte - 2.60, Regular Cortado - 2.05, Regular Red Label tea - 1.20",5.85,CASH,
23/07/2024 09:34,Birmingham,Jose Starzyk,"Large Speciality Tea - English breakfast - 1.60, Regular Chai latte - 2.30, Large Flavoured hot chocolate - Caramel - 2.90, Large Speciality Tea - Camomile - 1.60, Regular Red Label tea - 1.20, Large Chai latte - 2.60",12.2,CARD,8730644745038928
23/07/2024 09:37,Birmingham,Gwen Jones,"Large Speciality Tea - Camomile - 1.60, Large Speciality Tea - Camomile - 1.60",3.2,CARD,1898379305680341
23/07/2024 09:40,Birmingham,Samuel Kapinos,"Regular Speciality Tea - Camomile - 1.30, Regular Chai latte - 2.30, Regular Flavoured hot chocolate - Caramel - 2.60",6.2,CASH,
23/07/2024 09:44,Birmingham,Cassidy Anderson,"Regular Speciality Tea - Camomile - 1.30, Regular Speciality Tea - Camomile - 1.30",2.6,CARD,7547528494052426
23/07/2024 09:47,Birmingham,Jose Dudley,Large Red Label tea - 1.80,1.8,CASH,
23/07/2024 09:50,Birmingham,Michael Carey,"Regular Speciality Tea - English breakfast - 1.30, Regular Speciality Tea - English breakfast - 1.30, Regular Speciality Tea - English breakfast - 1.30",3.9,CARD,9743989167881144
23/07/2024 09:53,Birmingham,Rose Rodrigues,"Regular Cortado - 2.05, Regular Cortado - 2.05, Large Flavoured hot chocolate - Caramel - 2.90, Regular Chai latte - 2.30",9.3,CARD,1453367614324340
23/07/2024 09:56,Birmingham,Maria Ramos,"Regular Chai latte - 2.30, Large Cortado - 2.35",4.65,CARD,7662595336876356
23/07/2024 09:59,Birmingham,Alan Howerton,Regular Flavoured hot chocolate - Caramel - 2.60,2.6,CASH,
23/07/2024 10:03,Birmingham,Kevin Tobon,"Regular Cortado - 2.05, Regular Red Label tea - 1.20, Large Flavoured hot chocolate - Caramel - 2.90",6.15,CARD,6768218953305389
23/07/2024 10:04,Birmingham,Michael Criscuolo,"Regular Cortado - 2.05, Regular Flavoured hot chocolate - Caramel - 2.60, Large Chai latte - 2.60, Large Speciality Tea - English breakfast - 1.60",8.85,CARD,7339053616622953
23/07/2024 10:06,Birmingham,Eddie Sharp,"Regular Speciality Tea - English breakfast - 1.30, Large Chai latte - 2.60, Regular Chai latte - 2.30",6.2,CASH,
23/07/2024 10:07,Birmingham,Wayne Stilson,"Regular Red Label tea - 1.20, Regular Speciality Tea - Camomile - 1.30, Large Chai latte - 2.60, Large Speciality Tea - Camomile - 1.60, Large Speciality Tea - English breakfast - 1.60",8.3,CASH,
23/07/2024 10:09,Birmingham,Paul Breland,"Large Cortado - 2.35, Large Speciality Tea - Camomile - 1.60",3.95,CASH,
23/07/2024 10:10,Birmingham,Louise Ball,"Regular Flavoured hot chocolate - Caramel - 2.60, Large Cortado - 2.35, Regular Flavoured hot chocolate - Caramel - 2.60, Large Cortado - 2.35, Large Speciality Tea - English breakfast - 1.60",11.5,CARD,5637447038868991
23/07/2024 10:12,Birmingham,Jenelle Juan,"Large Chai latte - 2.60, Regular Red Label tea - 1.20, Large Speciality Tea - English breakfast - 1.60",5.4,CASH,
23/07/2024 10:13,Birmingham,Kristina Mcguire,Regular Flavoured hot chocolate - Caramel - 2.60,2.6,CARD,5055746678855795
23/07/2024 10:15,Birmingham,Luciana Torres,Large Flavoured hot chocolate - Caramel - 2.90,2.9,CASH,
23/07/2024 10:16,Birmingham,Mary Beckford,"Large Cortado - 2.35, Large Cortado - 2.35, Large Cortado - 2.35, Large Speciality Tea - Camomile - 1.60, Large Cortado - 2.35, Regular Speciality Tea - English breakfast - 1.30",12.3,CARD,9914902673776956
23/07/2024 10:18,Birmingham,Mary Hines,Regular Speciality Tea - Camomile - 1.30,1.3,CASH,
23/07/2024 10:19,Birmingham,Martha James,Regular Speciality Tea - Camomile - 1.30,1.3,CARD,5350190732777866
23/07/2024 10:21,Birmingham,Kristina Cline,"Regular Red Label tea - 1.20, Large Speciality Tea - Camomile - 1.60, Large Flavoured hot chocolate - Caramel - 2.90, Regular Flavoured hot chocolate - Caramel - 2.60",8.3,CARD,2483202748891254
23/07/2024 10:22,Birmingham,Margaret Garcia,"Large Red Label tea - 1.80, Regular Red Label tea - 1.20",3.0,CASH,
23/07/2024 10:24,Birmingham,Irene Lenhardt,"Large Flavoured hot chocolate - Caramel - 2.90, Regular Speciality Tea - Camomile - 1.30, Large Cortado - 2.35, Regular Red Label tea - 1.20, Regular Flavoured hot chocolate - Caramel - 2.60, Large Red Label tea - 1.80",12.15,CASH,
23/07/2024 10:26,Birmingham,John Littell,"Regular Cortado - 2.05, Regular Red Label tea - 1.20",3.25,CASH,
23/07/2024 10:27,Birmingham,Robert Walsh,"Large Speciality Tea - English breakfast - 1.60, Large Red Label tea - 1.80, Large Flavoured hot chocolate - Caramel - 2.90",6.3,CARD,7255359184132651
23/07/2024 10:29,Birmingham,Wendy Lewis,"Regular Chai latte - 2.30, Large Red Label tea - 1.80, Large Flavoured hot chocolate - Caramel - 2.90, Large Speciality Tea - English breakfast - 1.60",8.6,CARD,9238629803965881
23/07/2024 10:30,Birmingham,Kevin Phelps,"Regular Flavoured hot chocolate - Caramel - 2.60, Large Speciality Tea - Camomile - 1.60, Regular Red Label tea - 1.20",5.4,CARD,4831219310816074
23/07/2024 10:32,Birmingham,Ernestine Mora,"Regular Speciality Tea - English breakfast - 1.30, Regular Speciality Tea - Camomile - 1.30",2.6,CARD,7588123748036755
23/07/2024 10:33,Birmingham,Paige Griffin,"Large Speciality Tea - English breakfast - 1.60, Regular Flavoured hot chocolate - Caramel - 2.60, Large Cortado - 2.35, Large Speciality Tea - Camomile - 1.60",8.15,CARD,9592204989203304
23/07/2024 10:35,Birmingham,Robert Salvo,"Large Red Label tea - 1.80, Regular Flavoured hot chocolate - Caramel - 2.60, Regular Chai latte - 2.30, Large Cortado - 2.35, Large Red Label tea - 1.80",10.85,CARD,1565035548155962
23/07/2024 10:36,Birmingham,Ramona Halm,"Large Red Label tea - 1.80, Regular Speciality Tea - English breakfast - 1.30",3.1,CARD,7687639547735181
23/07/2024 10:38,Birmingham,Ronald Johnson,"Large Cortado - 2.35, Large Cortado - 2.35, Large Cortado - 2.35, Large Speciality Tea - English breakfast - 1.60",8.65,CARD,2735632631060535
23/07/2024 10:39,Birmingham,Kevin Christman,Large Red Label tea - 1.80,1.8,CARD,8283256175615849
23/07/2024 10:41,Birmingham,Ofelia Bailey,Regular Red Label tea - 1.20,1.2,CARD,1734067295224092
23/07/2024 10:42,Birmingham,Christopher Chambers,"Regular Red Label tea - 1.20, Regular Speciality Tea - Camomile - 1.30",2.5,CASH,
23/07/2024 10:44,Birmingham,Dean Keath,"Large Chai latte - 2.60, Large Speciality Tea - English breakfast - 1.60, Regular Cortado - 2.05",6.25,CASH,
23/07/2024 10:45,Birmingham,Denise Johnson,"Large Speciality Tea - Camomile - 1.60, Large Speciality Tea - English breakfast - 1.60, Regular Chai latte - 2.30, Large Cortado - 2.35",7.85,CARD,7461013419280719
23/07/2024 10:47,Birmingham,Patricia Gallo,"Regular Red Label tea - 1.20, Regular Red Label tea - 1.20, Large Speciality Tea - English breakfast - 1.60",4.0,CARD,9954252350795703
23/07/2024 10:49,Birmingham,Gregory Pederson,Regular Speciality Tea - English breakfast - 1.30,1.3,CARD,9787695580887028
23/07/2024 10:50,Birmingham,Gerald Kelly,"Large Red Label tea - 1.80, Large Speciality Tea - Camomile - 1.60, Large Red Label tea - 1.80",5.2,CARD,4865017305075281
23/07/2024 10:52,Birmingham,Norma Wright,"Large Cortado - 2.35, Large Cortado - 2.35",4.7,CARD,8491451508472192
23/07/2024 10:53,Birmingham,Sheila Weisberg,"Regular Speciality Tea - Camomile - 1.30, Regular Red Label tea - 1.20, Large Speciality Tea - English breakfast - 1.60",4.1,CARD,1777649771852920
23/07/2024 10:55,Birmingham,Dale Orourke,"Large Cortado - 2.35, Large Speciality Tea - Camomile - 1.60, Regular Flavoured hot chocolate - Caramel - 2.60, Large Cortado - 2.35",8.9,CARD,5569575333144933
23/07/2024 10:56,Birmingham,Jeanne Emanuel,"Regular Chai latte - 2.30, Large Cortado - 2.35, Regular Chai latte - 2.30, Large Cortado - 2.35",9.3,CARD,7221236491295681
23/07/2024 10:58,Birmingham,Daniel Camus,"Regular Flavoured hot chocolate - Caramel - 2.60, Regular Chai latte - 2.30",4.9,CARD,2152867577693439
23/07/2024 10:59,Birmingham,Marilyn Gregory,"Regular Red Label tea - 1.20, Regular Red Label tea - 1.20",2.4,CARD,5417374056464887
23/07/2024 11:01,Birmingham,Christopher Bleiweiss,Large Cortado - 2.35,2.35,CARD,3478200377385274
23/07/2024 11:16,Birmingham,Mary Dirico,"Regular Cortado - 2.05, Regular Speciality Tea - Camomile - 1.30, Regular Red Label tea - 1.20, Regular Chai latte - 2.30, Regular Speciality Tea - Camomile - 1.30",8.15,CASH,
23/07/2024 11:31,Birmingham,Clarice Knoblock,"Regular Chai latte - 2.30, Large Chai latte - 2.60, Regular Cortado - 2.05",6.95,CARD,4140231521503075
23/07/2024 11:46,Birmingham,Robin Wilhoite,"Large Flavoured hot chocolate - Caramel - 2.90, Large Chai latte - 2.60, Large Chai latte - 2.60",8.1,CARD,3838996008582125
23/07/2024 12:01,Birmingham,Alexis Young,"Regular Red Label tea - 1.20, Large Speciality Tea - English breakfast - 1.60",2.8,CASH,
23/07/2024 12:04,Birmingham,Marcy Gibbs,"Large Cortado - 2.35, Large Cortado - 2.35",4.7,CARD,2889897245998800
23/07/2024 12:06,Birmingham,Donald Einhorn,"Large Cortado - 2.35, Large Red Label tea - 1.80",4.15,CARD,6913943231113403
23/07/2024 12:09,Birmingham,Jason Sponaugle,"Large Red Label tea - 1.80, Regular Chai latte - 2.30",4.1,CARD,3588038172530863
23/07/2024 12:12,Birmingham,David Roberts,"Large Red Label tea - 1.80, Regular Red Label tea - 1.20",3.0,CARD,7694588638187107
23/07/2024 12:15,Birmingham,Jimmy Robidoux,"Large Speciality Tea - English breakfast - 1.60, Regular Cortado - 2.05, Large Speciality Tea - Camomile - 1.60, Regular Speciality Tea - English breakfast - 1.30",6.55,CASH,
23/07/2024 12:18,Birmingham,Maurice Graham,"Large Chai latte - 2.60, Large Chai latte - 2.60, Large Speciality Tea - Camomile - 1.60, Large Red Label tea - 1.80",8.6,CARD,1742302383074322
23/07/2024 12:21,Birmingham,Russell Miller,"Large Speciality Tea - English breakfast - 1.60, Large Cortado - 2.35, Large Speciality Tea - English breakfast - 1.60",5.55,CARD,7297213849150487
23/07/2024 12:24,Birmingham,Marsha Bence,"Regular Flavoured hot chocolate - Caramel - 2.60, Regular Speciality Tea - English breakfast - 1.30, Regular Speciality Tea - Camomile - 1.30, Large Flavoured hot chocolate - Caramel - 2.90, Large Chai latte - 2.60",10.7,CASH,
23/07/2024 12:26,Birmingham,Linda Hudson,"Regular Speciality Tea - Camomile - 1.30, Large Speciality Tea - Camomile - 1.60, Regular Chai latte - 2.30, Regular Speciality Tea - English breakfast - 1.30",6.5,CARD,6793900252049497
23/07/2024 12:29,Birmingham,Malinda Macdonald,"Large Cortado - 2.35, Regular Cortado - 2.05",4.4,CARD,3390949467505254
23/07/2024 12:32,Birmingham,Robert Brown,Large Chai latte - 2.60,2.6,CASH,
23/07/2024 12:35,Birmingham,Robert Cole,Regular Chai latte - 2.30,2.3,CASH,
23/07/2024 12:38,Birmingham,May Gibson,Regular Chai latte - 2.30,2.3,CARD,7182177131944428
23/07/2024 12:41,Birmingham,Mark Newton,"Regular Speciality Tea - Camomile - 1.30, Regular Red Label tea - 1.20, Regular Speciality Tea - Camomile - 1.30, Regular Cortado - 2.05",5.85,CARD,1000006376650468
23/07/2024 12:44,Birmingham,Danielle Upshaw,Large Flavoured hot chocolate - Caramel - 2.90,2.9,CARD,6500095880212496
23/07/2024 12:46,Birmingham,Nannette Gerken,"Large Chai latte - 2.60, Large Cortado - 2.35",4.95,CARD,2371520863359012
23/07/2024 12:49,Birmingham,Kenneth Starling,Regular Speciality Tea - Camomile - 1.30,1.3,CARD,8226198958169631
23/07/2024 12:52,Birmingham,Verna Sink,Regular Speciality Tea - English breakfast - 1.30,1.3,CASH,
23/07/2024 12:55,Birmingham,William Calhoun,"Regular Chai latte - 2.30, Regular Chai latte - 2.30, Large Chai latte - 2.60",7.2,CARD,2311518331626806
23/07/2024 12:58,Birmingham,Pamela Morgan,"Large Cortado - 2.35, Regular Flavoured hot chocolate - Caramel - 2.60, Regular Speciality Tea - English breakfast - 1.30, Large Cortado - 2.35, Large Chai latte - 2.60",11.2,CARD,3956051778525480
23/07/2024 13:01,Birmingham,Paul Grappe,"Regular Red Label tea - 1.20, Regular Red Label tea - 1.20, Regular Speciality Tea - Camomile - 1.30",3.7,CARD,8190382791748059
23/07/2024 13:02,Birmingham,Karen Pennington,Large Flavoured hot chocolate - Caramel - 2.90,2.9,CARD,6027926298864862
23/07/2024 13:03,Birmingham,Amelia Orr,"Large Speciality Tea - Camomile - 1.60, Large Red Label tea - 1.80",3.4,CARD,4904157869009145
23/07/2024 13:04,Birmingham,Dominic South,"Regular Speciality Tea - English breakfast - 1.30, Regular Speciality Tea - Camomile - 1.30, Regular Red Label tea - 1.20, Regular Speciality Tea - English breakfast - 1.30, Large Speciality Tea - English breakfast - 1.60",6.7,CARD,8346936096676941
23/07/2024 13:05,Birmingham,Laura Copeland,"Regular Red Label tea - 1.20, Regular Speciality Tea - English breakfast - 1.30, Large Flavoured hot chocolate - Caramel - 2.90",5.4,CARD,8931080877430195
23/07/2024 13:06,Birmingham,Paul Stambaugh,"Large Chai latte - 2.60, Regular Flavoured hot chocolate - Caramel - 2.60, Regular Speciality Tea - English breakfast - 1.30, Large Chai latte - 2.60, Regular Speciality Tea - Camomile - 1.30",10.4,CARD,3129309286517409
23/07/2024 13:07,Birmingham,Johnny Moore,"Regular Cortado - 2.05, Regular Speciality Tea - Camomile - 1.30, Large Chai latte - 2.60",5.95,CARD,5579028443619273
23/07/2024 13:08,Birmingham,Dorothy Washington,Regular Speciality Tea - Camomile - 1.30,1.3,CARD,9346699487746502
23/07/2024 13:09,Birmingham,Rima Herriott,"Regular Cortado - 2.05, Regular Speciality Tea - Camomile - 1.30, Large Flavoured hot chocolate - Caramel - 2.90",6.25,CARD,7084621500956516
23/07/2024 13:11,Birmingham,Ronald Keyes,"Large Speciality Tea - English breakfast - 1.60, Regular Speciality Tea - English breakfast - 1.30, Large Speciality Tea - Camomile - 1.60",4.5,CARD,8006372525036766
23/07/2024 13:12,Birmingham,James Miller,"Regular Red Label tea - 1.20, Large Flavoured hot chocolate - Caramel - 2.90",4.1,CASH,
23/07/2024 13:13,Birmingham,Lynn Hanan,"Large Speciality Tea - English breakfast - 1.60, Regular Red Label tea - 1.20, Regular Cortado - 2.05, Large Cortado - 2.35",7.2,CASH,
23/07/2024 13:14,Birmingham,Floy Hines,"Regular Speciality Tea - English breakfast - 1.30, Large Speciality Tea - Camomile - 1.60, Large Flavoured hot chocolate - Caramel - 2.90, Large Speciality Tea - Camomile - 1.60",7.4,CARD,3539231550336225
23/07/2024 13:15,Birmingham,Jacqueline Jones,Large Speciality Tea - Camomile - 1.60,1.6,CARD,3056894195350253
23/07/2024 13:16,Birmingham,Marlin Harvey,"Regular Red Label tea - 1.20, Large Chai latte - 2.60, Large Flavoured hot chocolate - Caramel - 2.90, Large Speciality Tea - English breakfast - 1.60, Regular Flavoured hot chocolate - Caramel - 2.60",10.9,CARD,9559447263500091
23/07/2024 13:17,Birmingham,Marie Pavlick,"Large Chai latte - 2.60, Regular Speciality Tea - Camomile - 1.30",3.9,CARD,5789316829137809
23/07/2024 13:18,Birmingham,Adam Pierce,"Large Speciality Tea - English breakfast - 1.60, Regular Cortado - 2.05, Regular Speciality Tea - Camomile - 1.30",4.95,CARD,9988495268259247
23/07/2024 13:19,Birmingham,Harry Alliston,Regular Cortado - 2.05,2.05,CARD,1827505006787941
23/07/2024 13:20,Birmingham,Jacqueline Logan,"Large Chai latte - 2.60, Large Flavoured hot chocolate - Caramel - 2.90, Regular Speciality Tea - Camomile - 1.30",6.8,CASH,
23/07/2024 13:22,Birmingham,Shirley Cannon,Large Speciality Tea - Camomile - 1.60,1.6,CARD,2011810357708604
23/07/2024 13:23,Birmingham,Tyler Eckhart,Large Red Label tea - 1.80,1.8,CARD,9253483315072499
23/07/2024 13:24,Birmingham,Larry King,"Regular Red Label tea - 1.20, Large Chai latte - 2.60",3.8,CARD,7200212421309719
23/07/2024 13:25,Birmingham,Janet Tate,"Regular Chai latte - 2.30, Regular Speciality Tea - English breakfast - 1.30, Regular Chai latte - 2.30, Regular Speciality Tea - Camomile - 1.30, Large Cortado - 2.35",9.55,CARD,2948289805456375
23/07/2024 13:26,Birmingham,Tyrone Matlock,"Large Flavoured hot chocolate - Caramel - 2.90, Large Red Label tea - 1.80, Regular Cortado - 2.05, Regular Chai latte - 2.30, Large Speciality Tea - Camomile - 1.60",10.65,CARD,8241285893697784
23/07/2024 13:27,Birmingham,Howard Oden,"Large Chai latte - 2.60, Large Chai latte - 2.60, Large Speciality Tea - English breakfast - 1.60",6.8,CARD,7757690257995173
23/07/2024 13:28,Birmingham,Russell Kane,"Large Cortado - 2.35, Large Red Label tea - 1.80",4.15,CARD,4124285997376754
23/07/2024 13:29,Birmingham,Fred Mills,"Large Flavoured hot chocolate - Caramel - 2.90, Large Cortado - 2.35, Large Flavoured hot chocolate - Caramel - 2.90, Large Chai latte - 2.60, Regular Red Label tea - 1.20",11.95,CASH,
23/07/2024 13:30,Birmingham,Tommie Honaker,"Large Speciality Tea - English breakfast - 1.60, Large Chai latte - 2.60, Large Speciality Tea - English breakfast - 1.60, Regular Flavoured hot chocolate - Caramel - 2.60",8.4,CARD,6216260411770202
23/07/2024 13:31,Birmingham,Dennis Davis,"Regular Speciality Tea - English breakfast - 1.30, Regular Speciality Tea - Camomile - 1.30",2.6,CASH,
23/07/2024 13:33,Birmingham,Rhonda Atkins,Large Red Label tea - 1.80,1.8,CARD,2584955328577468
23/07/2024 13:34,Birmingham,Russell Sullivan,"Large Speciality Tea - Camomile - 1.60, Regular Flavoured hot chocolate - Caramel - 2.60",4.2,CARD,5531776277323954
23/07/2024 13:35,Birmingham,Javier Williams,"Large Flavoured hot chocolate - Caramel - 2.90, Large Red Label tea - 1.80, Regular Cortado - 2.05, Regular Red Label tea - 1.20",7.95,CASH,
23/07/2024 13:36,Birmingham,Sonja Guzman,"Regular Speciality Tea - Camomile - 1.30, Regular Red Label tea - 1.20, Large Red Label tea - 1.80, Regular Cortado - 2.05",6.35,CARD,2887582686348263
23/07/2024 13:37,Birmingham,Angela Buffington,"Large Speciality Tea - Camomile - 1.60, Regular Speciality Tea - Camomile - 1.30, Regular Cortado - 2.05",4.95,CARD,1462990547819577
23/07/2024 13:38,Birmingham,Frank Fries,"Large Chai latte - 2.60, Large Speciality Tea - English breakfast - 1.60",4.2,CASH,
23/07/2024 13:39,Birmingham,Larry Willis,"Regular Red Label tea - 1.20, Large Speciality Tea - Camomile - 1.60, Large Flavoured hot chocolate - Caramel - 2.90",5.7,CARD,3012048052696836
23/07/2024 13:40,Birmingham,Susan Jacobs,"Large Speciality Tea - Camomile - 1.60, Large Cortado - 2.35",3.95,CARD,6535235394328506
23/07/2024 13:41,Birmingham,Ray Dandurand,"Large Speciality Tea - English breakfast - 1.60, Large Speciality Tea - Camomile - 1.60, Large Chai latte - 2.60",5.8,CASH,
23/07/2024 13:42,Birmingham,Rosa Plant,"Large Speciality Tea - Camomile - 1.60, Regular Flavoured hot chocolate - Caramel - 2.60",4.2,CARD,1560978548144948
23/07/2024 13:44,Birmingham,Mary Cole,"Regular Speciality Tea - English breakfast - 1.30, Regular Cortado - 2.05, Regular Speciality Tea - Camomile - 1.30, Large Flavoured hot chocolate - Caramel - 2.90",7.55,CARD,5583491450871465
23/07/2024 13:45,Birmingham,Heather Montgomery,Large Speciality Tea - Camomile - 1.60,1.6,CARD,6950497027484590
23/07/2024 13:46,Birmingham,Margaret Shields,Large Cortado - 2.35,2.35,CARD,8565117043673424
23/07/2024 13:47,Birmingham,James Jones,"Large Speciality Tea - Camomile - 1.60, Large Red Label tea - 1.80, Regular Cortado - 2.05",5.45,CASH,
23/07/2024 13:48,Birmingham,William Aguirre,"Large Speciality Tea - English breakfast - 1.60, Large Speciality Tea - English breakfast - 1.60, Large Red Label tea - 1.80, Large Chai latte - 2.60",7.6,CARD,6210651403730507
23/07/2024 13:49,Birmingham,Erica Johnson,Large Flavoured hot chocolate - Caramel - 2.90,2.9,CASH,
23/07/2024 13:50,Birmingham,Chad Becker,"Regular Speciality Tea - Camomile - 1.30, Large Flavoured hot chocolate - Caramel - 2.90, Large Red Label tea - 1.80",6.0,CASH,
23/07/2024 13:51,Birmingham,Sandy Connelly,Regular Flavoured hot chocolate - Caramel - 2.60,2.6,CASH,
23/07/2024 13:52,Birmingham,Thomas Remus,Large Flavoured hot chocolate - Caramel - 2.90,2.9,CASH,
23/07/2024 13:53,Birmingham,Ardis Gibbs,Regular Speciality Tea - Camomile - 1.30,1.3,CARD,5099400622629940
23/07/2024 13:55,Birmingham,William Will,"Regular Chai latte - 2.30, Large Flavoured hot chocolate - Caramel - 2.90, Regular Speciality Tea - English breakfast - 1.30",6.5,CASH,
23/07/2024 13:56,Birmingham,Esther Struble,"Regular Flavoured hot chocolate - Caramel - 2.60, Large Flavoured hot chocolate - Caramel - 2.90, Large Speciality Tea - Camomile - 1.60, Large Red Label tea - 1.80, Large Speciality Tea - Camomile - 1.60",10.5,CARD,1045581644796433
23/07/2024 13:57,Birmingham,Katie Wilson,"Large Chai latte - 2.60, Regular Speciality Tea - Camomile - 1.30, Regular Speciality Tea - Camomile - 1.30, Regular Chai latte - 2.30, Regular Speciality Tea - Camomile - 1.30, Large Speciality Tea - Camomile - 1.60",10.4,CARD,7285158111715236
23/07/2024 13:58,Birmingham,Jason Harmon,"Regular Speciality Tea - English breakfast - 1.30, Large Cortado - 2.35, Regular Speciality Tea - Camomile - 1.30, Regular Cortado - 2.05, Regular Chai latte - 2.30",9.3,CARD,3181904831840818
23/07/2024 13:59,Birmingham,Ross Coleman,Regular Cortado - 2.05,2.05,CARD,4161784465995230
23/07/2024 14:00,Birmingham,Shirley Case,"Large Cortado - 2.35, Large Speciality Tea - English breakfast - 1.60, Large Speciality Tea - English breakfast - 1.60, Regular Speciality Tea - Camomile - 1.30",6.85,CASH,
23/07/2024 14:01,Birmingham,Walter Drake,Regular Chai latte - 2.30,2.3,CASH,
23/07/2024 14:02,Birmingham,Rita Findley,"Large Speciality Tea - English breakfast - 1.60, Large Red Label tea - 1.80, Regular Speciality Tea - Camomile - 1.30, Large Speciality Tea - English breakfast - 1.60",6.3,CASH,
23/07/2024 14:03,Birmingham,Anne Mcfall,"Regular Flavoured hot chocolate - Caramel - 2.60, Large Flavoured hot chocolate - Caramel - 2.90",5.5,CARD,8308957612008924
23/07/2024 14:05,Birmingham,Andrea Fox,"Regular Red Label tea - 1.20, Large Flavoured hot chocolate - Caramel - 2.90",4.1,CARD,2291183096833835
23/07/2024 14:06,Birmingham,William Mcgrath,"Regular Chai latte - 2.30, Regular Chai latte - 2.30",4.6,CARD,4577714642916728
23/07/2024 14:07,Birmingham,Barbara Villafana,Large Speciality Tea - English breakfast - 1.60,1.6,CARD,4653604801323941
23/07/2024 14:08,Birmingham,Linda Garkow,"Regular Speciality Tea - English breakfast - 1.30, Large Flavoured hot chocolate - Caramel - 2.90, Large Speciality Tea - English breakfast - 1.60",5.8,CARD,9341318651132681
23/07/2024 14:09,Birmingham,Justin Rollman,"Large Speciality Tea - Camomile - 1.60, Regular Flavoured hot chocolate - Caramel - 2.60, Large Cortado - 2.35",6.55,CARD,2593214697584531
23/07/2024 14:10,Birmingham,Eileen Bradford,"Regular Chai latte - 2.30, Regular Chai latte - 2.30",4.6,CARD,2729882999731660
23/07/2024 14:12,Birmingham,Vivian Hudson,"Regular Speciality Tea - Camomile - 1.30, Large Red Label tea - 1.80",3.1,CARD,7882434869468010
23/07/2024 14:13,Birmingham,Stormy Winn,Large Chai latte - 2.60,2.6,CARD,7219656799120065
23/07/2024 14:14,Birmingham,Daniel Wood,"Regular Red Label tea - 1.20, Regular Cortado - 2.05, Large Red Label tea - 1.80, Regular Cortado - 2.05, Large Red Label tea - 1.80, Large Flavoured hot chocolate - Caramel - 2.90",11.8,CARD,9482646392379218
23/07/2024 14:15,Birmingham,Kelly Brocklehurst,"Regular Speciality Tea - English breakfast - 1.30, Large Speciality Tea - English breakfast - 1.60, Regular Red Label tea - 1.20, Large Speciality Tea - Camomile - 1.60, Large Speciality Tea - English breakfast - 1.60, Large Chai latte - 2.60",9.9,CASH,
23/07/2024 14:16,Birmingham,Donna Hendricks,"Large Cortado - 2.35, Large Chai latte - 2.60, Regular Red Label tea - 1.20, Regular Red Label tea - 1.20, Large Cortado - 2.35",9.7,CARD,9198447048841659
23/07/2024 14:17,Birmingham,Mary Collins,"Large Speciality Tea - Camomile - 1.60, Regular Chai latte - 2.30, Large Red Label tea - 1.80",5.7,CASH,
23/07/2024 14:18,Birmingham,Paula Tilley,"Large Speciality Tea - Camomile - 1.60, Large Cortado - 2.35, Large Speciality Tea - Camomile - 1.60, Large Speciality Tea - English breakfast - 1.60, Regular Speciality Tea - English breakfast - 1.30",8.45,CASH,
23/07/2024 14:20,Birmingham,Rosie Kemmis,"Large Flavoured hot chocolate - Caramel - 2.90, Regular Speciality Tea - Camomile - 1.30",4.2,CARD,1736737197880895
23/07/2024 14:21,Birmingham,Margaret Davis,"Regular Flavoured hot chocolate - Caramel - 2.60, Large Cortado - 2.35, Large Flavoured hot chocolate - Caramel - 2.90",7.85,CARD,8861465504174244
23/07/2024 14:22,Birmingham,Tricia Ackerman,"Large Red Label tea - 1.80, Regular Red Label tea - 1.20, Large Chai latte - 2.60, Large Chai latte - 2.60, Large Chai latte - 2.60, Regular Speciality Tea - English breakfast - 1.30",12.1,CARD,3014508286418363
23/07/2024 14:23,Birmingham,Bobby Infantino,"Regular Cortado - 2.05, Regular Chai latte - 2.30, Regular Flavoured hot chocolate - Caramel - 2.60",6.95,CARD,5737982877901018
23/07/2024 14:24,Birmingham,Angela Utley,"Large Speciality Tea - English breakfast - 1.60, Regular Cortado - 2.05, Regular Red Label tea - 1.20",4.85,CARD,2143233415557932
23/07/2024 14:25,Birmingham,Maureen Scholes,Large Flavoured hot chocolate - Caramel - 2.90,2.9,CARD,6735526482272639
23/07/2024 14:26,Birmingham,Alice Butts,"Regular Speciality Tea - Camomile - 1.30, Large Cortado - 2.35",3.65,CASH,
23/07/2024 14:28,Birmingham,Terry Vallarta,Regular Cortado - 2.05,2.05,CARD,1878730008792854
23/07/2024 14:29,Birmingham,John Hawkins,"Large Flavoured hot chocolate - Caramel - 2.90, Regular Flavoured hot chocolate - Caramel - 2.60, Regular Chai latte - 2.30, Regular Flavoured hot chocolate - Caramel - 2.60, Regular Cortado - 2.05",12.45,CARD,2799180688283653
23/07/2024 14:30,Birmingham,Catalina Griffin,"Large Flavoured hot chocolate - Caramel - 2.90, Large Speciality Tea - English breakfast - 1.60",4.5,CARD,6406469773692131
23/07/2024 14:31,Birmingham,Alfredo Palmer,"Regular Cortado - 2.05, Regular Chai latte - 2.30, Regular Speciality Tea - English breakfast - 1.30, Large Flavoured hot chocolate - Caramel - 2.90",8.55,CARD,4822278029351905
23/07/2024 14:32,Birmingham,Christopher Spirer,"Regular Speciality Tea - Camomile - 1.30, Regular Speciality Tea - Camomile - 1.30, Regular Flavoured hot chocolate - Caramel - 2.60",5.2,CASH,
23/07/2024 14:33,Birmingham,Amanda Scott,"Large Speciality Tea - English breakfast - 1.60, Regular Red Label tea - 1.20, Large Speciality Tea - Camomile - 1.60",4.4,CASH,
23/07/2024 14:35,Birmingham,Katherine Darou,"Regular Chai latte - 2.30, Large Chai latte - 2.60, Regular Speciality Tea - Camomile - 1.30, Large Cortado - 2.35",8.55,CARD,6402339725257737
23/07/2024 14:36,Birmingham,Marguerite Bartholomew,Large Flavoured hot chocolate - Caramel - 2.90,2.9,CASH,
23/07/2024 14:37,Birmingham,Susan Rock,"Large Cortado - 2.35, Regular Chai latte - 2.30",4.65,CARD,9338528115784921
23/07/2024 14:38,Birmingham,James Hans,Regular Flavoured hot chocolate - Caramel - 2.60,2.6,CARD,4072022637368751
23/07/2024 14:39,Birmingham,Joseph Jamon,"Regular Speciality Tea - Camomile - 1.30, Regular Speciality Tea - Camomile - 1.30",2.6,CASH,
23/07/2024 14:40,Birmingham,Phillip Trilling,"Large Chai latte - 2.60, Regular Speciality Tea - English breakfast - 1.30, Regular Speciality Tea - Camomile - 1.30, Large Speciality Tea - English breakfast - 1.60, Regular Flavoured hot chocolate - Caramel - 2.60",9.4,CARD,7566595434309756
23/07/2024 14:41,Birmingham,Esther Valencia,"Regular Cortado - 2.05, Large Flavoured hot chocolate - Caramel - 2.90, Large Flavoured hot chocolate - Caramel - 2.90, Regular Speciality Tea - Camomile - 1.30",9.15,CARD,5261824946908033
23/07/2024 14:43,Birmingham,Stephen Bunn,Large Chai latte - 2.60,2.6,CASH,
23/07/2024 14:44,Birmingham,Alecia Walton,"Regular Chai latte - 2.30, Large Red Label tea - 1.80",4.1,CARD,2482022503472442
23/07/2024 14:45,Birmingham,Beverly Pratt,Large Red Label tea - 1.80,1.8,CARD,3779369885597927
23/07/2024 14:46,Birmingham,Charles Melgarejo,"Large Speciality Tea - English breakfast - 1.60, Regular Cortado - 2.05, Regular Speciality Tea - Camomile - 1.30",4.95,CARD,6827402366246919
23/07/2024 14:47,Birmingham,Scott Lupez,Regular Chai latte - 2.30,2.3,CASH,
23/07/2024 14:48,Birmingham,Mary Monaco,"Large Speciality Tea - Camomile - 1.60, Regular Flavoured hot chocolate - Caramel - 2.60",4.2,CARD,4055448109443483
23/07/2024 14:49,Birmingham,Maria Louthan,"Regular Chai latte - 2.30, Large Speciality Tea - English breakfast - 1.60",3.9,CARD,8643973680665188
23/07/2024 14:51,Birmingham,Felipe Waddell,"Regular Speciality Tea - Camomile - 1.30, Large Speciality Tea - Camomile - 1.60, Regular Speciality Tea - English breakfast - 1.30, Regular Speciality Tea - Camomile - 1.30",5.5,CARD,7917691448081286
23/07/2024 14:52,Birmingham,Blaine Carter,"Large Chai latte - 2.60, Regular Red Label tea - 1.20, Large Flavoured hot chocolate - Caramel - 2.90, Regular Chai latte - 2.30",9.0,CARD,4963369816804827
23/07/2024 14:53,Birmingham,William Lasher,"Regular Speciality Tea - Camomile - 1.30, Large Flavoured hot chocolate - Caramel - 2.90, Regular Flavoured hot chocolate - Caramel - 2.60",6.8,CASH,
23/07/2024 14:54,Birmingham,Fred Brown,"Large Speciality Tea - English breakfast - 1.60, Large Speciality Tea - Camomile - 1.60, Regular Speciality Tea - English breakfast - 1.30, Regular Flavoured hot chocolate - Caramel - 2.60, Regular Cortado - 2.05",9.15,CASH,
23/07/2024 14:55,Birmingham,Patricia Hutcherson,Regular Speciality Tea - Camomile - 1.30,1.3,CASH,
23/07/2024 14:56,Birmingham,Carol Box,"Large Cortado - 2.35, Large Cortado - 2.35, Large Chai latte - 2.60",7.3,CARD,7503339186049857
23/07/2024 14:58,Birmingham,Louise Pantoja,"Regular Red Label tea - 1.20, Large Speciality Tea - English breakfast - 1.60, Regular Flavoured hot chocolate - Caramel - 2.60",5.4,CARD,7744365074386954
23/07/2024 14:59,Birmingham,Mary Twiggs,Regular Red Label tea - 1.20,1.2,CASH,
23/07/2024 15:00,Birmingham,Josephine Mcmorris,Regular Cortado - 2.05,2.05,CASH,
23/07/2024 15:01,Birmingham,Amanda Roloff,Large Flavoured hot chocolate - Caramel - 2.90,2.9,CARD,7137626690846460
23/07/2024 15:02,Birmingham,Ryan Hartzell,Large Speciality Tea - English breakfast - 1.60,1.6,CARD,4315969938045857
23/07/2024 15:04,Birmingham,Leslie Hicks,"Large Speciality Tea - English breakfast - 1.60, Large Red Label tea - 1.80, Large Red Label tea - 1.80, Regular Speciality Tea - Camomile - 1.30",6.5,CARD,7834437314214493
23/07/2024 15:05,Birmingham,Carroll Kurland,"Regular Speciality Tea - English breakfast - 1.30, Regular Cortado - 2.05",3.35,CASH,
23/07/2024 15:06,Birmingham,Mary Williams,Large Chai latte - 2.60,2.6,CASH,
23/07/2024 15:07,Birmingham,Vanessa Brown,"Regular Speciality Tea - English breakfast - 1.30, Regular Red Label tea - 1.20",2.5,CASH,
23/07/2024 15:09,Birmingham,Robert Plaza,Large Flavoured hot chocolate - Caramel - 2.90,2.9,CASH,
23/07/2024 15:10,Birmingham,Anthony Lopez,"Large Speciality Tea - Camomile - 1.60, Large Flavoured hot chocolate - Caramel - 2.90, Large Speciality Tea - Camomile - 1.60, Regular Cortado - 2.05",8.15,CARD,8779844826760630
23/07/2024 15:11,Birmingham,Merrill Colin,"Large Red Label tea - 1.80, Large Cortado - 2.35, Regular Flavoured hot chocolate - Caramel - 2.60, Large Chai latte - 2.60, Large Cortado - 2.35, Regular Chai latte - 2.30",14.0,CASH,
23/07/2024 15:12,Birmingham,Shawn Negron,"Large Speciality Tea - English breakfast - 1.60, Large Cortado - 2.35",3.95,CASH,
23/07/2024 15:14,Birmingham,William Matzke,"Large Speciality Tea - Camomile - 1.60, Regular Flavoured hot chocolate - Caramel - 2.60",4.2,CASH,
23/07/2024 15:15,Birmingham,Dorothy Schaedler,Regular Speciality Tea - Camomile - 1.30,1.3,CARD,7576783239405077
23/07/2024 15:16,Birmingham,Clement Toscani,Large Speciality Tea - English breakfast - 1.60,1.6,CARD,9785218315080059
23/07/2024 15:18,Birmingham,Lawrence Smith,Regular Chai latte - 2.30,2.3,CARD,2309862882275115
23/07/2024 15:19,Birmingham,Mark Mauro,"Regular Red Label tea - 1.20, Large Speciality Tea - Camomile - 1.60",2.8,CARD,1865021650413621
23/07/2024 15:20,Birmingham,Katheryn Scott,"Large Chai latte - 2.60, Large Flavoured hot chocolate - Caramel - 2.90, Regular Speciality Tea - English breakfast - 1.30, Regular Speciality Tea - Camomile - 1.30",8.1,CARD,6086503703456977
23/07/2024 15:21,Birmingham,Antonio Robinson,"Large Cortado - 2.35, Large Chai latte - 2.60, Large Red Label tea - 1.80, Large Chai latte - 2.60",9.35,CARD,9103252314136868
23/07/2024 15:23,Birmingham,Kathryn Dunn,"Large Speciality Tea - Camomile - 1.60, Large Speciality Tea - Camomile - 1.60, Regular Cortado - 2.05",5.25,CASH,
23/07/2024 15:24,Birmingham,Clifton Bivens,"Large Speciality Tea - Camomile - 1.60, Regular Red Label tea - 1.20, Regular Flavoured hot chocolate - Caramel - 2.60",5.4,CARD,3555237750215065
23/07/2024 15:25,Birmingham,James Seymour,Regular Speciality Tea - Camomile - 1.30,1.3,CARD,8189673668767838
23/07/2024 15:26,Birmingham,Arthur Tabb,"Regular Speciality Tea - Camomile - 1.30, Large Red Label tea - 1.80, Large Chai latte - 2.60",5.7,CARD,9474184564245188
23/07/2024 15:28,Birmingham,Patty Miller,"Large Red Label tea - 1.80, Large Chai latte - 2.60, Large Cortado - 2.35, Large Flavoured hot chocolate - Caramel - 2.90, Large Speciality Tea - English breakfast - 1.60",11.25,CASH,
23/07/2024 15:29,Birmingham,Maxine Cantu,"Regular Chai latte - 2.30, Large Speciality Tea - English breakfast - 1.60, Regular Speciality Tea - English breakfast - 1.30",5.2,CARD,1781704395192011
23/07/2024 15:30,Birmingham,James Halcomb,"Regular Speciality Tea - English breakfast - 1.30, Large Speciality Tea - Camomile - 1.60",2.9,CASH,
23/07/2024 15:31,Birmingham,Walter Garretson,Regular Red Label tea - 1.20,1.2,CARD,2489288669704501
23/07/2024 15:33,Birmingham,Brandy Hayes,Regular Red Label tea - 1.20,1.2,CARD,3387848788087886
23/07/2024 15:34,Birmingham,Alberta Ready,"Regular Flavoured hot chocolate - Caramel - 2.60, Regular Speciality Tea - Camomile - 1.30",3.9,CARD,4763582016503365
23/07/2024 15:35,Birmingham,Allen Rowland,"Regular Chai latte - 2.30, Regular Cortado - 2.05",4.35,CARD,6191009860019517
23/07/2024 15:37,Birmingham,Nadine Bardin,"Regular Cortado - 2.05, Regular Flavoured hot chocolate - Caramel - 2.60, Regular Speciality Tea - English breakfast - 1.30, Large Cortado - 2.35, Regular Speciality Tea - English breakfast - 1.30",9.6,CARD,4630208209075093
23/07/2024 15:38,Birmingham,Vanessa Leverett,"Large Speciality Tea - Camomile - 1.60, Large Chai latte - 2.60",4.2,CASH,
23/07/2024 15:39,Birmingham,Elvira Malloy,"Regular Flavoured hot chocolate - Caramel - 2.60, Regular Cortado - 2.05, Regular Speciality Tea - English breakfast - 1.30, Large Speciality Tea - Camomile - 1.60, Regular Red Label tea - 1.20",8.75,CASH,
23/07/2024 15:40,Birmingham,Bobby Mullis,"Regular Flavoured hot chocolate - Caramel - 2.60, Regular Cortado - 2.05, Large Speciality Tea - English breakfast - 1.60, Large Flavoured hot chocolate - Caramel - 2.90",9.15,CARD,3805428881331639
23/07/2024 15:42,Birmingham,Misty Driskill,Regular Speciality Tea - Camomile - 1.30,1.3,CASH,
23/07/2024 15:43,Birmingham,Fidel Nixon,"Regular Chai latte - 2.30, Large Red Label tea - 1.80, Regular Flavoured hot chocolate - Caramel - 2.60, Regular Red Label tea - 1.20",7.9,CASH,
23/07/2024 15:44,Birmingham,Rolanda Ziegler,"Large Speciality Tea - English breakfast - 1.60, Regular Speciality Tea - Camomile - 1.30, Large Speciality Tea - English breakfast - 1.60",4.5,CARD,6018963881963930
23/07/2024 15:45,Birmingham,Ellen Jones,"Large Red Label tea - 1.80, Regular Speciality Tea - English breakfast - 1.30, Regular Speciality Tea - Camomile - 1.30, Regular Speciality Tea - Camomile - 1.30, Large Speciality Tea - Camomile - 1.60, Regular Speciality Tea - English breakfast - 1.30",8.6,CARD,4129151552273781
23/07/2024 15:47,Birmingham,Angelita Lucero,"Large Cortado - 2.35, Regular Speciality Tea - Camomile - 1.30, Large Flavoured hot chocolate - Caramel - 2.90, Regular Chai latte - 2.30, Large Red Label tea - 1.80, Regular Chai latte - 2.30",12.95,CASH,
23/07/2024 15:48,Birmingham,Mary Holcomb,Large Speciality Tea - English breakfast - 1.60,1.6,CARD,9599041769207999
23/07/2024 15:49,Birmingham,Marie Howell,Regular Chai latte - 2.30,2.3,CARD,3618184199003873
23/07/2024 15:50,Birmingham,Kathy Harris,"Large Cortado - 2.35, Regular Cortado - 2.05",4.4,CARD,9450315977228169
23/07/2024 15:52,Birmingham,Levi Jacobs,"Large Speciality Tea - English breakfast - 1.60, Regular Chai latte - 2.30",3.9,CARD,6113035393278692
23/07/2024 15:53,Birmingham,Lillie Miller,"Regular Flavoured hot chocolate - Caramel - 2.60, Regular Cortado - 2.05, Large Red Label tea - 1.80, Large Red Label tea - 1.80, Large Flavoured hot chocolate - Caramel - 2.90",11.15,CASH,
23/07/2024 15:54,Birmingham,Mary Merritt,"Large Flavoured hot chocolate - Caramel - 2.90, Large Red Label tea - 1.80",4.7,CARD,6367967896863566
23/07/2024 15:56,Birmingham,Carl Anthony,"Regular Cortado - 2.05, Regular Flavoured hot chocolate - Caramel - 2.60",4.65,CASH,
23/07/2024 15:57,Birmingham,Aurora Bouchard,"Regular Speciality Tea - English breakfast - 1.30, Regular Speciality Tea - English breakfast - 1.30, Large Red Label tea - 1.80, Regular Speciality Tea - Camomile - 1.30, Large Speciality Tea - Camomile - 1.60",7.3,CASH,
23/07/2024 15:58,Birmingham,Elizabeth Lincoln,"Regular Flavoured hot chocolate - Caramel - 2.60, Large Speciality Tea - Camomile - 1.60, Regular Speciality Tea - English breakfast - 1.30, Large Flavoured hot chocolate - Caramel - 2.90",8.4,CARD,6317735302289379
23/07/2024 15:59,Birmingham,Michelle Beery,"Regular Flavoured hot chocolate - Caramel - 2.60, Regular Speciality Tea - Camomile - 1.30",3.9,CARD,5983793902547565
23/07/2024 16:01,Birmingham,Lisa Johnson,"Large Chai latte - 2.60, Large Speciality Tea - English breakfast - 1.60",4.2,CARD,4492602956091026
23/07/2024 16:04,Birmingham,Sue Fuller,"Regular Speciality Tea - Camomile - 1.30, Regular Flavoured hot chocolate - Caramel - 2.60",3.9,CASH,
23/07/2024 16:08,Birmingham,Samuel Scheel,"Regular Flavoured hot chocolate - Caramel - 2.60, Regular Speciality Tea - Camomile - 1.30, Large Speciality Tea - English breakfast - 1.60",5.5,CASH,
23/07/2024 16:11,Birmingham,Catherine Neverson,"Large Flavoured hot chocolate - Caramel - 2.90, Regular Red Label tea - 1.20",4.1,CARD,2460913922602360
23/07/2024 16:15,Birmingham,William Anderson,Regular Speciality Tea - English breakfast - 1.30,1.3,CARD,8479850827867171
23/07/2024 16:18,Birmingham,Robert Lowe,"Large Chai latte - 2.60, Large Speciality Tea - Camomile - 1.60",4.2,CASH,
23/07/2024 16:22,Birmingham,Patricia Maddox,Regular Chai latte - 2.30,2.3,CASH,
23/07/2024 16:25,Birmingham,Donnie Corbett,Large Chai latte - 2.60,2.6,CARD,9476744118317429
23/07/2024 16:29,Birmingham,Luis Johnson,Large Speciality Tea - English breakfast - 1.60,1.6,CASH,
23/07/2024 16:32,Birmingham,James Carter,Large Flavoured hot chocolate - Caramel - 2.90,2.9,CASH,
23/07/2024 16:36,Birmingham,Rosemary Ray,"Regular Speciality Tea - English breakfast - 1.30, Large Red Label tea - 1.80, Regular Chai latte - 2.30, Large Flavoured hot chocolate - Caramel - 2.90",8.3,CARD,8687489533876967
23/07/2024 16:39,Birmingham,Larry Boyer,"Regular Flavoured hot chocolate - Caramel - 2.60, Large Cortado - 2.35, Regular Speciality Tea - English breakfast - 1.30, Regular Flavoured hot chocolate - Caramel - 2.60",8.85,CARD,2829028443495783
23/07/2024 16:43,Birmingham,Michael Fackrell,"Large Flavoured hot chocolate - Caramel - 2.90, Regular Speciality Tea - English breakfast - 1.30, Large Speciality Tea - English breakfast - 1.60",5.8,CASH,
23/07/2024 16:46,Birmingham,Stephanie Martinez,"Regular Red Label tea - 1.20, Large Flavoured hot chocolate - Caramel - 2.90, Regular Chai latte - 2.30, Large Speciality Tea - Camomile - 1.60",8.0,CARD,2533249402125733
23/07/2024 16:50,Birmingham,Lisa White,Large Speciality Tea - Camomile - 1.60,1.6,CASH,
23/07/2024 16:53,Birmingham,James Ford,Regular Cortado - 2.05,2.05,CASH,
23/07/2024 16:57,Birmingham,Steven Turner,"Large Flavoured hot chocolate - Caramel - 2.90, Regular Speciality Tea - English breakfast - 1.30",4.2,CARD,5979940675332450
