23/07/2024 09:00,Chesterfield,William Mayo,"Regular Latte - 2.15, Large Latte - 2.45, Large Flavoured iced latte - Hazelnut - 3.25",7.85,CASH,
23/07/2024 09:02,Chesterfield,Francis Hendricks,"Large Flavoured iced latte - Caramel - 3.25, Regular Flavoured iced latte - Hazelnut - 2.75, Large Flat white - 2.45, Large Flavoured iced latte - Hazelnut - 3.25",11.7,CASH,
23/07/2024 09:04,Chesterfield,William Grover,"Large Flavoured iced latte - Caramel - 3.25, Regular Flavoured iced latte - Caramel - 2.75, Large Flavoured iced latte - Hazelnut - 3.25, Regular Flavoured iced latte - Caramel - 2.75",12.0,CARD,5449922919607429
23/07/2024 09:06,Chesterfield,Amanda Hall,"Large Flat white - 2.45, Large Flavoured iced latte - Caramel - 3.25, Large Latte - 2.45, Regular Flat white - 2.15, Large Flavoured latte - Hazelnut - 2.85",13.15,CARD,7315145738116059
23/07/2024 09:08,Chesterfield,Sherman Nichols,"Regular Flavoured latte - Hazelnut - 2.55, Regular Flavoured iced latte - Vanilla - 2.75, Large Flavoured iced latte - Caramel - 3.25, Large Flavoured iced latte - Hazelnut - 3.25, Regular Flavoured iced latte - Caramel - 2.75, Large Flavoured latte - Hazelnut - 2.85",17.4,CARD,5315097075565970
23/07/2024 09:10,Chesterfield,James Cuppernell,"Regular Flavoured iced latte - Caramel - 2.75, Regular Flat white - 2.15, Regular Flat white - 2.15, Regular Latte - 2.15",9.2,CASH,
23/07/2024 09:12,Chesterfield,Cynthia Villalba,"Regular Flavoured iced latte - Vanilla - 2.75, Regular Flat white - 2.15, Large Flat white - 2.45",7.35,CARD,1584965973146917
23/07/2024 09:14,Chesterfield,Walter Longoria,"Regular Flavoured latte - Hazelnut - 2.55, Regular Flavoured iced latte - Vanilla - 2.75, Regular Flavoured iced latte - Caramel - 2.75, Large Latte - 2.45",10.5,CARD,5479630226916742
23/07/2024 09:17,Chesterfield,Mary Stevens,Regular Flavoured latte - Hazelnut - 2.55,2.55,CARD,3039376227903069
23/07/2024 09:19,Chesterfield,Joshua Blevins,"Large Flat white - 2.45, Regular Latte - 2.15, Regular Flavoured iced latte - Hazelnut - 2.75, Large Flavoured iced latte - Caramel - 3.25, Regular Flavoured iced latte - Hazelnut - 2.75, Regular Flavoured latte - Hazelnut - 2.55",15.9,CARD,5632046197306816
23/07/2024 09:21,Chesterfield,Dennis Olague,"Regular Flavoured iced latte - Caramel - 2.75, Regular Flavoured latte - Hazelnut - 2.55, Regular Flavoured iced latte - Vanilla - 2.75, Large Latte - 2.45, Regular Flavoured iced latte - Vanilla - 2.75, Regular Flat white - 2.15",15.4,CARD,4976362137217979
23/07/2024 09:23,Chesterfield,Paul Binkley,Large Latte - 2.45,2.45,CARD,8108790994926570
23/07/2024 09:25,Chesterfield,Kathleen Madden,Regular Flavoured latte - Hazelnut - 2.55,2.55,CASH,
23/07/2024 09:27,Chesterfield,Robert Parker,"Large Flavoured iced latte - Hazelnut - 3.25, Regular Flavoured latte - Hazelnut - 2.55, Large Flavoured iced latte - Caramel - 3.25",9.05,CARD,6215605733784823
23/07/2024 09:29,Chesterfield,Melvin Taveras,Regular Flavoured iced latte - Vanilla - 2.75,2.75,CARD,3314418881779624
23/07/2024 09:32,Chesterfield,George Kirk,"Large Flat white - 2.45, Large Flavoured latte - Hazelnut - 2.85, Large Flat white - 2.45",7.75,CARD,8418770640995020
23/07/2024 09:34,Chesterfield,Martin Munoz,"Large Flavoured latte - Hazelnut - 2.85, Large Latte - 2.45",5.3,CARD,6411662527770234
23/07/2024 09:36,Chesterfield,Rodolfo Nii,"Regular Flavoured latte - Hazelnut - 2.55, Regular Flat white - 2.15",4.7,CARD,6228580147447007
23/07/2024 09:38,Chesterfield,Jose Garrett,"Large Flavoured iced latte - Hazelnut - 3.25, Regular Flavoured iced latte - Caramel - 2.75, Regular Flat white - 2.15, Large Flavoured latte - Hazelnut - 2.85, Regular Flavoured iced latte - Caramel - 2.75",13.75,CARD,7705418661401847
23/07/2024 09:40,Chesterfield,Michael Tuck,Large Flavoured iced latte - Caramel - 3.25,3.25,CARD,6385642727909513
23/07/2024 09:42,Chesterfield,Ralph Carr,Regular Latte - 2.15,2.15,CARD,9976799432854392
23/07/2024 09:44,Chesterfield,Jerome Smith,"Large Flavoured latte - Hazelnut - 2.85, Large Latte - 2.45",5.3,CARD,6203953848480588
23/07/2024 09:46,Chesterfield,Theresa Ritter,Large Flavoured latte - Hazelnut - 2.85,2.85,CARD,2221882202642555
23/07/2024 09:49,Chesterfield,Jennifer Cameron,Regular Flat white - 2.15,2.15,CASH,
23/07/2024 09:51,Chesterfield,Nancy Halsted,"Regular Latte - 2.15, Large Latte - 2.45, Large Flavoured iced latte - Vanilla - 3.25, Large Latte - 2.45",10.3,CARD,2961258395664567
23/07/2024 09:53,Chesterfield,Debbie Elrod,"Regular Flavoured latte - Hazelnut - 2.55, Regular Flat white - 2.15, Large Flat white - 2.45, Large Flat white - 2.45, Large Flavoured iced latte - Caramel - 3.25",12.85,CARD,7523796192301219
23/07/2024 09:55,Chesterfield,Terrence Kerns,"Large Flavoured iced latte - Hazelnut - 3.25, Regular Flavoured iced latte - Vanilla - 2.75",6.0,CASH,
23/07/2024 09:57,Chesterfield,Charles Thompson,"Regular Flavoured iced latte - Caramel - 2.75, Large Flavoured iced latte - Caramel - 3.25, Large Flavoured latte - Hazelnut - 2.85, Regular Flavoured iced latte - Hazelnut - 2.75",11.6,CASH,
23/07/2024 09:59,Chesterfield,Agnes Wertz,"Large Latte - 2.45, Regular Flavoured latte - Hazelnut - 2.55, Regular Flat white - 2.15, Regular Flat white - 2.15",9.3,CARD,5747966581133885
23/07/2024 10:01,Chesterfield,Catherine Johnson,"Regular Flavoured iced latte - Hazelnut - 2.75, Large Flavoured latte - Hazelnut - 2.85",5.6,CARD,2310361537895607
23/07/2024 10:02,Chesterfield,Christopher Cunningham,"Regular Flavoured iced latte - Hazelnut - 2.75, Regular Flat white - 2.15, Large Flavoured iced latte - Vanilla - 3.25, Regular Flavoured iced latte - Caramel - 2.75",10.9,CARD,7551418832201282
23/07/2024 10:03,Chesterfield,Ana Johnson,"Regular Latte - 2.15, Regular Flavoured latte - Hazelnut - 2.55, Regular Flavoured iced latte - Hazelnut - 2.75, Regular Flavoured iced latte - Hazelnut - 2.75, Regular Flavoured iced latte - Vanilla - 2.75",12.95,CASH,
23/07/2024 10:04,Chesterfield,Rita Lorge,"Regular Flavoured iced latte - Vanilla - 2.75, Regular Flavoured latte - Hazelnut - 2.55",5.3,CARD,5471116711265900
23/07/2024 10:05,Chesterfield,Rose Schnader,"Large Flavoured latte - Hazelnut - 2.85, Large Flavoured iced latte - Hazelnut - 3.25",6.1,CARD,2830426271482513
23/07/2024 10:06,Chesterfield,Amy Baumann,"Large Flat white - 2.45, Large Flavoured latte - Hazelnut - 2.85, Large Flavoured iced latte - Hazelnut - 3.25",8.55,CARD,1606813383081292
23/07/2024 10:07,Chesterfield,Melissa Johnson,"Regular Flavoured latte - Hazelnut - 2.55, Large Flavoured latte - Hazelnut - 2.85",5.4,CASH,
23/07/2024 10:08,Chesterfield,Curtis Schupbach,"Large Flavoured iced latte - Vanilla - 3.25, Regular Flavoured iced latte - Caramel - 2.75, Large Flavoured latte - Hazelnut - 2.85",8.85,CARD,9747462581629522
23/07/2024 10:09,Chesterfield,Barbara Larson,Large Flavoured iced latte - Caramel - 3.25,3.25,CARD,7554589987552934
23/07/2024 10:10,Chesterfield,Lillian Alger,"Regular Flavoured iced latte - Hazelnut - 2.75, Large Flavoured iced latte - Vanilla - 3.25",6.0,CARD,2555112626921648
23/07/2024 10:11,Chesterfield,Mary Dubois,"Large Latte - 2.45, Large Flat white - 2.45",4.9,CARD,3464649964958291
23/07/2024 10:12,Chesterfield,Olive Jefferson,Large Flat white - 2.45,2.45,CARD,6561529950944363
23/07/2024 10:13,Chesterfield,Krystal Folk,"Large Flavoured iced latte - Hazelnut - 3.25, Large Flavoured iced latte - Hazelnut - 3.25",6.5,CARD,5540084850048325
23/07/2024 10:14,Chesterfield,Billy Kulp,Regular Flavoured iced latte - Vanilla - 2.75,2.75,CASH,
23/07/2024 10:15,Chesterfield,Percy Mays,"Large Latte - 2.45, Large Flavoured iced latte - Hazelnut - 3.25",5.7,CASH,
23/07/2024 10:16,Chesterfield,Michael Jenks,"Regular Flat white - 2.15, Large Flat white - 2.45, Large Flavoured latte - Hazelnut - 2.85, Regular Flat white - 2.15, Regular Flavoured iced latte - Caramel - 2.75, Large Flavoured iced latte - Vanilla - 3.25",15.6,CARD,2409094523713330
23/07/2024 10:17,Chesterfield,Stephanie Rumley,"Regular Flavoured iced latte - Vanilla - 2.75, Regular Flavoured iced latte - Vanilla - 2.75, Regular Flavoured latte - Hazelnut - 2.55, Large Latte - 2.45",10.5,CARD,2868026444151060
23/07/2024 10:18,Chesterfield,Debra Thompson,"Regular Latte - 2.15, Large Latte - 2.45",4.6,CASH,
23/07/2024 10:19,Chesterfield,Laura Slade,"Regular Flavoured iced latte - Vanilla - 2.75, Large Latte - 2.45, Large Flavoured iced latte - Caramel - 3.25",8.45,CARD,2957394745032992
23/07/2024 10:20,Chesterfield,Sandra Schwab,"Regular Flavoured iced latte - Caramel - 2.75, Large Flavoured latte - Hazelnut - 2.85, Large Flavoured iced latte - Hazelnut - 3.25",8.85,CASH,
23/07/2024 10:21,Chesterfield,Todd Shafer,"Large Flavoured iced latte - Vanilla - 3.25, Large Flavoured latte - Hazelnut - 2.85",6.1,CASH,
23/07/2024 10:22,Chesterfield,Phyllis Matthews,Regular Flavoured iced latte - Hazelnut - 2.75,2.75,CASH,
23/07/2024 10:23,Chesterfield,Marjorie Friedman,"Large Flavoured iced latte - Vanilla - 3.25, Regular Flavoured iced latte - Hazelnut - 2.75",6.0,CASH,
23/07/2024 10:24,Chesterfield,Leigh Greenwood,"Large Flavoured iced latte - Caramel - 3.25, Large Flat white - 2.45, Regular Latte - 2.15, Regular Flat white - 2.15, Large Latte - 2.45, Regular Flavoured iced latte - Caramel - 2.75",15.2,CARD,2363292720665297
23/07/2024 10:25,Chesterfield,Patrick Sherwood,"Large Flavoured iced latte - Vanilla - 3.25, Large Flavoured latte - Hazelnut - 2.85, Large Flavoured iced latte - Vanilla - 3.25",9.35,CARD,3828352425208832
23/07/2024 10:26,Chesterfield,Tammy Reeb,"Regular Latte - 2.15, Regular Flat white - 2.15, Large Flavoured latte - Hazelnut - 2.85, Large Flat white - 2.45, Large Latte - 2.45",12.05,CARD,2045247114368770
23/07/2024 10:27,Chesterfield,Christopher Naylor,"Large Flavoured iced latte - Vanilla - 3.25, Regular Flat white - 2.15, Large Flavoured latte - Hazelnut - 2.85",8.25,CARD,2191785098996660
23/07/2024 10:27,Chesterfield,Roger Artrip,"Large Latte - 2.45, Large Latte - 2.45, Regular Flat white - 2.15",7.05,CARD,4879528038583905
23/07/2024 10:28,Chesterfield,Caroline Ortiz,"Regular Flavoured iced latte - Caramel - 2.75, Large Flat white - 2.45",5.2,CARD,8989037924495954
23/07/2024 10:29,Chesterfield,Robin Sparks,"Large Flavoured iced latte - Hazelnut - 3.25, Regular Flat white - 2.15, Regular Flat white - 2.15, Regular Flavoured iced latte - Caramel - 2.75, Large Flavoured latte - Hazelnut - 2.85",13.15,CARD,7821701195944211
23/07/2024 10:30,Chesterfield,Curtis Goodman,"Regular Flavoured iced latte - Vanilla - 2.75, Large Flavoured iced latte - Hazelnut - 3.25",6.0,CASH,
23/07/2024 10:31,Chesterfield,Robert Ragland,"Large Flavoured iced latte - Vanilla - 3.25, Regular Flat white - 2.15, Regular Flavoured iced latte - Caramel - 2.75, Regular Flavoured iced latte - Caramel - 2.75, Regular Flat white - 2.15",13.05,CARD,1597897905246748
23/07/2024 10:32,Chesterfield,Kathy Pickel,"Regular Flat white - 2.15, Large Flavoured iced latte - Hazelnut - 3.25",5.4,CARD,7354882252735323
23/07/2024 10:33,Chesterfield,Brian Bond,"Large Flavoured latte - Hazelnut - 2.85, Regular Flavoured iced latte - Caramel - 2.75, Regular Flavoured iced latte - Caramel - 2.75",8.35,CASH,
23/07/2024 10:34,Chesterfield,Joan Smail,"Regular Flavoured latte - Hazelnut - 2.55, Regular Flavoured iced latte - Caramel - 2.75, Large Flavoured latte - Hazelnut - 2.85",8.15,CASH,
23/07/2024 10:35,Chesterfield,Dennis Garney,"Large Flavoured iced latte - Hazelnut - 3.25, Large Flavoured iced latte - Hazelnut - 3.25",6.5,CASH,
23/07/2024 10:36,Chesterfield,Deborah Jefferson,"Large Flavoured latte - Hazelnut - 2.85, Regular Flat white - 2.15, Large Flavoured iced latte - Caramel - 3.25",8.25,CARD,5056974968203858
23/07/2024 10:37,Chesterfield,Nathanial Smith,Regular Flavoured iced latte - Caramel - 2.75,2.75,CASH,
23/07/2024 10:38,Chesterfield,Scott Kunzler,"Regular Flavoured latte - Hazelnut - 2.55, Regular Latte - 2.15",4.7,CARD,7741359843167491
23/07/2024 10:39,Chesterfield,Johnny Smith,"Large Flat white - 2.45, Large Flavoured latte - Hazelnut - 2.85",5.3,CASH,
23/07/2024 10:40,Chesterfield,Chris Binder,"Large Flavoured iced latte - Hazelnut - 3.25, Large Latte - 2.45",5.7,CARD,6514274823651201
23/07/2024 10:41,Chesterfield,Sharonda Salcedo,"Large Flat white - 2.45, Large Flavoured iced latte - Hazelnut - 3.25, Regular Latte - 2.15",7.85,CARD,1605271418036230
23/07/2024 10:42,Chesterfield,Jennifer Dennis,"Large Flavoured latte - Hazelnut - 2.85, Large Latte - 2.45, Regular Latte - 2.15, Large Flavoured latte - Hazelnut - 2.85, Large Flavoured iced latte - Vanilla - 3.25",13.55,CASH,
23/07/2024 10:43,Chesterfield,Larry Smith,Large Flavoured iced latte - Caramel - 3.25,3.25,CARD,4867476736182258
23/07/2024 10:44,Chesterfield,Susan Mota,"Large Flavoured iced latte - Vanilla - 3.25, Regular Flavoured iced latte - Vanilla - 2.75, Large Flavoured iced latte - Vanilla - 3.25, Regular Flat white - 2.15, Regular Latte - 2.15",13.55,CARD,7916235113165056
23/07/2024 10:45,Chesterfield,Roy Rossin,"Regular Latte - 2.15, Large Flavoured iced latte - Caramel - 3.25",5.4,CASH,
23/07/2024 10:46,Chesterfield,Cynthia Rodriguez,"Regular Flavoured iced latte - Caramel - 2.75, Large Flavoured iced latte - Hazelnut - 3.25, Regular Flat white - 2.15",8.15,CARD,5709908363280414
23/07/2024 10:47,Chesterfield,Morris Fluegge,"Regular Flat white - 2.15, Large Flavoured iced latte - Hazelnut - 3.25, Regular Flavoured iced latte - Vanilla - 2.75",8.15,CARD,1910549105730293
23/07/2024 10:48,Chesterfield,Dustin Duke,"Regular Flavoured iced latte - Vanilla - 2.75, Large Flavoured iced latte - Vanilla - 3.25",6.0,CARD,8005762542641883
23/07/2024 10:49,Chesterfield,Dolores Austin,"Regular Flavoured iced latte - Hazelnut - 2.75, Regular Latte - 2.15, Regular Latte - 2.15",7.05,CARD,4858209057754809
23/07/2024 10:50,Chesterfield,Melissa Fitch,"Regular Flavoured iced latte - Hazelnut - 2.75, Regular Flavoured iced latte - Caramel - 2.75, Large Flavoured iced latte - Vanilla - 3.25",8.75,CARD,3885715366674363
23/07/2024 10:51,Chesterfield,Norma Parker,"Regular Flavoured latte - Hazelnut - 2.55, Regular Flat white - 2.15, Regular Latte - 2.15",6.85,CARD,5158442400335290
23/07/2024 10:52,Chesterfield,John Clayton,"Regular Flavoured iced latte - Hazelnut - 2.75, Large Flat white - 2.45, Regular Latte - 2.15, Regular Flavoured iced latte - Hazelnut - 2.75, Regular Flavoured iced latte - Caramel - 2.75",12.85,CARD,9823668521495155
23/07/2024 10:53,Chesterfield,Harvey Garcia,"Large Flavoured iced latte - Vanilla - 3.25, Regular Flavoured iced latte - Caramel - 2.75, Large Latte - 2.45, Large Flat white - 2.45",10.9,CASH,
23/07/2024 10:54,Chesterfield,Amalia Moniz,"Regular Flavoured iced latte - Hazelnut - 2.75, Large Flavoured iced latte - Hazelnut - 3.25, Large Flavoured iced latte - Caramel - 3.25",9.25,CASH,
23/07/2024 10:55,Chesterfield,Eva Kaminski,"Regular Latte - 2.15, Regular Flavoured iced latte - Vanilla - 2.75, Large Flavoured iced latte - Hazelnut - 3.25",8.15,CARD,7731125705501962
23/07/2024 10:56,Chesterfield,Steven Quick,"Large Flavoured latte - Hazelnut - 2.85, Large Flavoured iced latte - Caramel - 3.25, Regular Latte - 2.15",8.25,CARD,7488225009669257
23/07/2024 10:56,Chesterfield,Alma Maxwell,"Regular Flavoured iced latte - Hazelnut - 2.75, Regular Flat white - 2.15, Large Flat white - 2.45, Large Flat white - 2.45, Regular Flat white - 2.15",11.95,CARD,2241698700128572
23/07/2024 10:57,Chesterfield,Kanesha Reynoso,"Large Flavoured iced latte - Vanilla - 3.25, Regular Latte - 2.15, Regular Flavoured iced latte - Hazelnut - 2.75",8.15,CARD,4527109959518053
23/07/2024 10:58,Chesterfield,Walter Doucette,Regular Flavoured iced latte - Hazelnut - 2.75,2.75,CASH,
23/07/2024 10:59,Chesterfield,Larry Bacon,"Large Flavoured iced latte - Vanilla - 3.25, Regular Flavoured latte - Hazelnut - 2.55, Large Flat white - 2.45",8.25,CASH,
23/07/2024 11:00,Chesterfield,Shala Kenney,"Regular Latte - 2.15, Regular Flat white - 2.15",4.3,CARD,9723055506537548
23/07/2024 11:03,Chesterfield,Treva Duque,"Large Latte - 2.45, Large Flavoured iced latte - Vanilla - 3.25, Large Flavoured iced latte - Hazelnut - 3.25, Large Flavoured iced latte - Vanilla - 3.25",12.2,CASH,
23/07/2024 11:06,Chesterfield,Juan Peters,"Regular Flavoured latte - Hazelnut - 2.55, Regular Flavoured latte - Hazelnut - 2.55",5.1,CARD,4850773374294529
23/07/2024 11:08,Chesterfield,Armando Hoover,"Regular Flavoured iced latte - Caramel - 2.75, Large Latte - 2.45, Regular Latte - 2.15, Regular Latte - 2.15, Regular Flavoured iced latte - Caramel - 2.75, Large Latte - 2.45",14.7,CASH,
23/07/2024 11:11,Chesterfield,Charles Hopkins,"Regular Flavoured latte - Hazelnut - 2.55, Regular Latte - 2.15, Regular Latte - 2.15, Large Flavoured iced latte - Caramel - 3.25, Regular Flavoured iced latte - Caramel - 2.75, Regular Flat white - 2.15",15.0,CARD,1288967820360932
23/07/2024 11:13,Chesterfield,Joshua Frazier,"Large Latte - 2.45, Large Flat white - 2.45, Large Flavoured iced latte - Vanilla - 3.25, Large Flavoured iced latte - Caramel - 3.25, Regular Latte - 2.15",13.55,CARD,9961050093716687
23/07/2024 11:16,Chesterfield,Jeffery Mills,"Large Flat white - 2.45, Large Flavoured latte - Hazelnut - 2.85, Regular Latte - 2.15, Regular Flavoured iced latte - Hazelnut - 2.75",10.2,CARD,3560834177736298
23/07/2024 11:19,Chesterfield,Georgia Wyckoff,"Regular Flavoured iced latte - Hazelnut - 2.75, Regular Flavoured iced latte - Vanilla - 2.75, Regular Flat white - 2.15, Large Flavoured iced latte - Hazelnut - 3.25, Large Latte - 2.45",13.35,CARD,3364329821247057
23/07/2024 11:21,Chesterfield,Gary Weathers,"Regular Flavoured iced latte - Caramel - 2.75, Large Flat white - 2.45, Large Flavoured iced latte - Hazelnut - 3.25, Regular Flavoured iced latte - Caramel - 2.75",11.2,CARD,9958187146241224
23/07/2024 11:24,Chesterfield,Holly Mory,"Large Flavoured iced latte - Vanilla - 3.25, Regular Latte - 2.15, Regular Flavoured iced latte - Hazelnut - 2.75",8.15,CARD,6220097204959630
23/07/2024 11:26,Chesterfield,Gregory Lujan,"Large Flavoured iced latte - Caramel - 3.25, Regular Flavoured iced latte - Caramel - 2.75, Large Latte - 2.45",8.45,CASH,
23/07/2024 11:29,Chesterfield,Elizabeth Scott,"Large Flavoured latte - Hazelnut - 2.85, Large Flavoured latte - Hazelnut - 2.85, Large Flat white - 2.45, Large Latte - 2.45, Large Flavoured iced latte - Hazelnut - 3.25",13.85,CARD,8030210747342656
23/07/2024 11:32,Chesterfield,Roberto Dent,"Large Flavoured iced latte - Caramel - 3.25, Large Flavoured latte - Hazelnut - 2.85, Large Flat white - 2.45, Regular Flavoured iced latte - Caramel - 2.75, Regular Latte - 2.15",13.45,CARD,9340221272672608
23/07/2024 11:34,Chesterfield,Cindy Moynihan,"Large Flavoured iced latte - Vanilla - 3.25, Regular Flavoured iced latte - Vanilla - 2.75",6.0,CASH,
23/07/2024 11:37,Chesterfield,Susan Anderson,"Regular Flavoured latte - Hazelnut - 2.55, Regular Flavoured iced latte - Hazelnut - 2.75",5.3,CARD,9797976405312156
23/07/2024 11:39,Chesterfield,Maria Hayes,"Regular Flavoured iced latte - Hazelnut - 2.75, Large Flavoured iced latte - Hazelnut - 3.25, Regular Flat white - 2.15, Regular Flavoured iced latte - Caramel - 2.75, Large Flavoured iced latte - Caramel - 3.25",14.15,CARD,6157954527898974
23/07/2024 11:42,Chesterfield,Charles Fisher,"Regular Flavoured iced latte - Hazelnut - 2.75, Large Flat white - 2.45, Regular Flavoured iced latte - Caramel - 2.75, Regular Flavoured iced latte - Hazelnut - 2.75",10.7,CARD,8266273560639319
23/07/2024 11:45,Chesterfield,Alec Sagredo,Regular Flavoured iced latte - Caramel - 2.75,2.75,CASH,
23/07/2024 11:47,Chesterfield,Michelle Nicholson,Large Flavoured latte - Hazelnut - 2.85,2.85,CARD,2329715324255016
23/07/2024 11:50,Chesterfield,Charles Soler,"Large Flavoured latte - Hazelnut - 2.85, Regular Latte - 2.15, Regular Flavoured iced latte - Caramel - 2.75, Large Flavoured latte - Hazelnut - 2.85, Regular Flavoured iced latte - Vanilla - 2.75",13.35,CARD,8558275985030126
23/07/2024 11:52,Chesterfield,Elaine Steen,"Large Flavoured iced latte - Caramel - 3.25, Large Flavoured iced latte - Hazelnut - 3.25",6.5,CARD,2644241622814295
23/07/2024 11:55,Chesterfield,Daniele Walls,Large Flavoured iced latte - Hazelnut - 3.25,3.25,CASH,
23/07/2024 11:58,Chesterfield,Barbara Enriquez,Large Flavoured latte - Hazelnut - 2.85,2.85,CARD,1374664656744873
23/07/2024 12:00,Chesterfield,Lydia Cline,"Large Flavoured iced latte - Hazelnut - 3.25, Large Flavoured latte - Hazelnut - 2.85, Regular Latte - 2.15",8.25,CASH,
23/07/2024 12:05,Chesterfield,Charlie Montgomery,"Regular Flavoured iced latte - Vanilla - 2.75, Large Flavoured iced latte - Hazelnut - 3.25, Regular Flavoured iced latte - Hazelnut - 2.75, Large Flavoured iced latte - Caramel - 3.25",12.0,CASH,
23/07/2024 12:09,Chesterfield,Jeremy Charles,"Regular Flat white - 2.15, Regular Latte - 2.15, Large Flavoured iced latte - Hazelnut - 3.25, Regular Latte - 2.15",9.7,CASH,
23/07/2024 12:14,Chesterfield,John Wyrick,Regular Flavoured iced latte - Caramel - 2.75,2.75,CARD,7265674956993198
23/07/2024 12:19,Chesterfield,Megan Watson,"Regular Flavoured iced latte - Hazelnut - 2.75, Large Flavoured iced latte - Hazelnut - 3.25",6.0,CARD,1430221072895599
23/07/2024 12:23,Chesterfield,William Hodge,Regular Latte - 2.15,2.15,CASH,
23/07/2024 12:28,Chesterfield,Lorena Hutchinson,"Regular Flavoured iced latte - Hazelnut - 2.75, Large Flat white - 2.45",5.2,CASH,
23/07/2024 12:32,Chesterfield,Pearl Phillips,Regular Flat white - 2.15,2.15,CASH,
23/07/2024 12:37,Chesterfield,Luis Kirwan,"Large Flavoured iced latte - Hazelnut - 3.25, Regular Flavoured iced latte - Caramel - 2.75",6.0,CASH,
23/07/2024 12:42,Chesterfield,Gilbert Packer,"Regular Flavoured iced latte - Hazelnut - 2.75, Large Flavoured iced latte - Caramel - 3.25, Large Flavoured latte - Hazelnut - 2.85, Large Flavoured iced latte - Caramel - 3.25",12.1,CARD,9232121417266611
23/07/2024 12:46,Chesterfield,Kimi Jennings,Large Flavoured iced latte - Vanilla - 3.25,3.25,CARD,7420483681581239
23/07/2024 12:51,Chesterfield,Allison Meadows,"Regular Flavoured iced latte - Hazelnut - 2.75, Large Flavoured iced latte - Vanilla - 3.25, Large Flat white - 2.45, Large Flavoured iced latte - Hazelnut - 3.25",11.7,CARD,7039571219169900
23/07/2024 12:56,Chesterfield,Raymond Bell,Large Flavoured iced latte - Caramel - 3.25,3.25,CASH,
23/07/2024 13:00,Chesterfield,Roberto Royer,"Large Flat white - 2.45, Large Flavoured latte - Hazelnut - 2.85, Regular Latte - 2.15",7.45,CASH,
23/07/2024 13:02,Chesterfield,Calvin Ricketts,"Large Flavoured iced latte - Caramel - 3.25, Large Flat white - 2.45, Regular Flavoured latte - Hazelnut - 2.55",8.25,CARD,7221437126780304
23/07/2024 13:04,Chesterfield,Ruben Medina,Large Flavoured iced latte - Vanilla - 3.25,3.25,CASH,
23/07/2024 13:06,Chesterfield,Amy Styer,"Regular Latte - 2.15, Large Flavoured iced latte - Hazelnut - 3.25, Large Flat white - 2.45",7.85,CASH,
23/07/2024 13:08,Chesterfield,Steven Tilley,Regular Flavoured iced latte - Hazelnut - 2.75,2.75,CARD,8052106818194923
23/07/2024 13:10,Chesterfield,Alma Rainey,"Large Flat white - 2.45, Large Flavoured iced latte - Caramel - 3.25, Large Flat white - 2.45, Large Flavoured iced latte - Vanilla - 3.25",11.4,CARD,1865739232012767
23/07/2024 13:13,Chesterfield,Lindsay Basile,Regular Flat white - 2.15,2.15,CARD,8721289471876330
23/07/2024 13:15,Chesterfield,Barbara Lee,Large Latte - 2.45,2.45,CARD,5569184427995202
23/07/2024 13:17,Chesterfield,Mildred Lemmon,Regular Latte - 2.15,2.15,CASH,
23/07/2024 13:19,Chesterfield,Gregory Piper,"Regular Flavoured iced latte - Caramel - 2.75, Large Flavoured iced latte - Hazelnut - 3.25, Regular Flavoured iced latte - Hazelnut - 2.75",8.75,CARD,6422039059705218
23/07/2024 13:21,Chesterfield,Laura Maxwell,Regular Flavoured iced latte - Vanilla - 2.75,2.75,CARD,5278985014732888
23/07/2024 13:23,Chesterfield,Margaret Butler,"Large Flavoured latte - Hazelnut - 2.85, Regular Flavoured iced latte - Caramel - 2.75",5.6,CARD,5661670957077049
23/07/2024 13:25,Chesterfield,Hugh Bunker,"Large Flat white - 2.45, Large Latte - 2.45, Large Flavoured iced latte - Caramel - 3.25, Regular Flavoured latte - Hazelnut - 2.55, Large Flavoured latte - Hazelnut - 2.85, Large Flavoured iced latte - Vanilla - 3.25",16.8,CARD,4225970425774495
23/07/2024 13:27,Chesterfield,Alicia Baird,"Large Flat white - 2.45, Regular Flavoured latte - Hazelnut - 2.55, Large Latte - 2.45, Large Latte - 2.45, Large Flavoured latte - Hazelnut - 2.85, Large Flat white - 2.45",15.2,CARD,9981586777870085
23/07/2024 13:29,Chesterfield,Douglas Rataj,"Regular Flavoured latte - Hazelnut - 2.55, Regular Flavoured iced latte - Hazelnut - 2.75, Large Flavoured iced latte - Hazelnut - 3.25",8.55,CASH,
23/07/2024 13:31,Chesterfield,Michelle Southerly,Large Flavoured iced latte - Hazelnut - 3.25,3.25,CASH,
23/07/2024 13:33,Chesterfield,Nicholas Collier,"Regular Flavoured iced latte - Caramel - 2.75, Regular Flavoured iced latte - Caramel - 2.75",5.5,CARD,7012288159731670
23/07/2024 13:35,Chesterfield,Dominique White,Large Flat white - 2.45,2.45,CARD,5808583045806903
23/07/2024 13:37,Chesterfield,Victor Brown,Regular Flat white - 2.15,2.15,CARD,7380140967339335
23/07/2024 13:39,Chesterfield,Andrew Goins,"Large Flavoured iced latte - Caramel - 3.25, Large Flavoured iced latte - Vanilla - 3.25",6.5,CARD,6049746589110005
23/07/2024 13:41,Chesterfield,Garry Cloninger,"Large Latte - 2.45, Large Latte - 2.45, Regular Flavoured iced latte - Vanilla - 2.75",7.65,CARD,4674427519873551
23/07/2024 13:44,Chesterfield,Denise Dipippo,"Regular Latte - 2.15, Large Flavoured iced latte - Caramel - 3.25",5.4,CARD,5512470278126513
23/07/2024 13:46,Chesterfield,Rebecca Pool,Regular Flavoured iced latte - Caramel - 2.75,2.75,CARD,8970909776028063
23/07/2024 13:48,Chesterfield,Phil Norwood,"Large Flat white - 2.45, Large Flavoured iced latte - Hazelnut - 3.25, Regular Flat white - 2.15, Large Latte - 2.45, Regular Latte - 2.15",12.45,CASH,
23/07/2024 13:50,Chesterfield,Julie Mayer,"Large Flavoured iced latte - Hazelnut - 3.25, Large Flat white - 2.45, Regular Flavoured iced latte - Vanilla - 2.75, Large Flavoured iced latte - Caramel - 3.25",11.7,CARD,5693629108749129
23/07/2024 13:52,Chesterfield,Anna Bellefeuille,Large Flavoured latte - Hazelnut - 2.85,2.85,CARD,6174791904060853
23/07/2024 13:54,Chesterfield,Geraldine Sunderland,"Regular Flavoured iced latte - Hazelnut - 2.75, Regular Latte - 2.15",4.9,CARD,4068652644987760
23/07/2024 13:56,Chesterfield,Anthony Mclean,"Large Flavoured iced latte - Caramel - 3.25, Regular Flavoured iced latte - Hazelnut - 2.75, Large Flat white - 2.45, Regular Flavoured iced latte - Hazelnut - 2.75, Regular Latte - 2.15, Regular Flavoured iced latte - Vanilla - 2.75",16.1,CASH,
23/07/2024 13:58,Chesterfield,Joseph Shaffer,"Regular Flavoured latte - Hazelnut - 2.55, Regular Flavoured latte - Hazelnut - 2.55, Large Flavoured iced latte - Hazelnut - 3.25",8.35,CARD,6565511328515861
23/07/2024 14:00,Chesterfield,Ronald Thurman,"Regular Flavoured iced latte - Hazelnut - 2.75, Regular Flat white - 2.15, Large Flavoured latte - Hazelnut - 2.85, Large Flavoured iced latte - Hazelnut - 3.25, Regular Flavoured iced latte - Caramel - 2.75",13.75,CASH,
23/07/2024 14:01,Chesterfield,Betty Laughlin,"Large Flat white - 2.45, Regular Flat white - 2.15",4.6,CARD,9132751612935824
23/07/2024 14:03,Chesterfield,Jose Barrett,Large Latte - 2.45,2.45,CASH,
23/07/2024 14:04,Chesterfield,Samuel Buitron,"Regular Flat white - 2.15, Large Flat white - 2.45",4.6,CASH,
23/07/2024 14:05,Chesterfield,Craig Parr,"Large Latte - 2.45, Large Flat white - 2.45, Large Flavoured iced latte - Caramel - 3.25, Large Latte - 2.45, Large Flavoured latte - Hazelnut - 2.85",13.45,CARD,2299011005718647
23/07/2024 14:06,Chesterfield,Tim Priest,"Regular Flavoured iced latte - Caramel - 2.75, Regular Flavoured iced latte - Vanilla - 2.75, Large Flavoured iced latte - Hazelnut - 3.25, Regular Flavoured iced latte - Caramel - 2.75",11.5,CARD,8788341603657440
23/07/2024 14:08,Chesterfield,Edward Valeri,"Large Flavoured iced latte - Hazelnut - 3.25, Large Flavoured latte - Hazelnut - 2.85, Large Flat white - 2.45",8.55,CASH,
23/07/2024 14:09,Chesterfield,Diane Salter,"Regular Flat white - 2.15, Large Flavoured iced latte - Vanilla - 3.25, Regular Flavoured iced latte - Vanilla - 2.75, Large Latte - 2.45",10.6,CARD,9648387762235422
23/07/2024 14:10,Chesterfield,Sean Boedeker,"Large Flavoured latte - Hazelnut - 2.85, Regular Flavoured iced latte - Caramel - 2.75, Large Flavoured latte - Hazelnut - 2.85, Large Latte - 2.45, Large Latte - 2.45, Large Flavoured iced latte - Caramel - 3.25",16.6,CARD,7254466206137415
23/07/2024 14:11,Chesterfield,Dorothy Turpin,"Regular Flavoured iced latte - Hazelnut - 2.75, Large Flavoured iced latte - Vanilla - 3.25, Large Flat white - 2.45",8.45,CASH,
23/07/2024 14:13,Chesterfield,Martin Kasky,"Large Flat white - 2.45, Large Flavoured iced latte - Hazelnut - 3.25, Large Latte - 2.45",8.15,CASH,
23/07/2024 14:14,Chesterfield,Bryan Smith,"Regular Flavoured iced latte - Caramel - 2.75, Regular Flavoured iced latte - Vanilla - 2.75",5.5,CARD,6598707557902004
23/07/2024 14:15,Chesterfield,Frances Lotz,"Large Flavoured iced latte - Vanilla - 3.25, Regular Latte - 2.15",5.4,CARD,8423692596644373
23/07/2024 14:17,Chesterfield,James Smith,"Regular Latte - 2.15, Regular Flavoured iced latte - Hazelnut - 2.75",4.9,CARD,4313082039024572
23/07/2024 14:18,Chesterfield,Julie Bottoms,"Regular Flavoured latte - Hazelnut - 2.55, Large Flavoured iced latte - Caramel - 3.25",5.8,CASH,
23/07/2024 14:19,Chesterfield,Kristal Thompson,"Large Latte - 2.45, Regular Flavoured iced latte - Caramel - 2.75, Large Flavoured iced latte - Vanilla - 3.25",8.45,CARD,2461364521077144
23/07/2024 14:20,Chesterfield,Leon Hoffman,"Regular Flavoured iced latte - Hazelnut - 2.75, Regular Flavoured latte - Hazelnut - 2.55, Regular Flat white - 2.15, Large Flat white - 2.45",9.9,CASH,
23/07/2024 14:22,Chesterfield,Pearl Cardwell,Large Flat white - 2.45,2.45,CARD,9587352264624812
23/07/2024 14:23,Chesterfield,Edna Cox,"Regular Flavoured iced latte - Hazelnut - 2.75, Regular Flat white - 2.15, Large Flavoured iced latte - Caramel - 3.25, Regular Flavoured latte - Hazelnut - 2.55, Regular Flat white - 2.15, Regular Flavoured latte - Hazelnut - 2.55",15.4,CARD,7836112756058143
23/07/2024 14:24,Chesterfield,Dolores Strickland,"Regular Latte - 2.15, Large Flavoured iced latte - Vanilla - 3.25",5.4,CARD,1502486199780897
23/07/2024 14:25,Chesterfield,Nathan Swanson,Large Flavoured iced latte - Caramel - 3.25,3.25,CASH,
23/07/2024 14:27,Chesterfield,Priscilla Vantassel,"Large Flavoured iced latte - Hazelnut - 3.25, Large Flavoured iced latte - Vanilla - 3.25",6.5,CARD,5789474430859643
23/07/2024 14:28,Chesterfield,John Kutscher,"Regular Flavoured iced latte - Hazelnut - 2.75, Regular Flavoured iced latte - Vanilla - 2.75",5.5,CARD,6992335500034976
23/07/2024 14:29,Chesterfield,Martin Allaire,Large Latte - 2.45,2.45,CARD,7490678377720118
23/07/2024 14:30,Chesterfield,Barbara Abeyta,"Large Flavoured latte - Hazelnut - 2.85, Large Flat white - 2.45",5.3,CARD,7254559195474037
23/07/2024 14:32,Chesterfield,Michelle Vice,"Large Flavoured latte - Hazelnut - 2.85, Large Flavoured iced latte - Caramel - 3.25",6.1,CARD,8117136436230345
23/07/2024 14:33,Chesterfield,Harold Ragin,"Large Flavoured iced latte - Caramel - 3.25, Large Flavoured latte - Hazelnut - 2.85, Large Flavoured iced latte - Caramel - 3.25, Large Flat white - 2.45, Regular Latte - 2.15",13.95,CARD,3321088802967372
23/07/2024 14:34,Chesterfield,Jason Williamson,"Regular Flat white - 2.15, Regular Flavoured iced latte - Hazelnut - 2.75",4.9,CARD,9559396056178774
23/07/2024 14:36,Chesterfield,Denise Villalobos,"Regular Flavoured iced latte - Vanilla - 2.75, Regular Flavoured iced latte - Hazelnut - 2.75",5.5,CARD,2317861677000122
23/07/2024 14:37,Chesterfield,Joy Manning,"Regular Flavoured latte - Hazelnut - 2.55, Regular Flat white - 2.15, Large Flavoured iced latte - Caramel - 3.25",7.95,CARD,9931726104829213
23/07/2024 14:38,Chesterfield,Michael Truesdale,"Regular Flavoured iced latte - Hazelnut - 2.75, Regular Flavoured latte - Hazelnut - 2.55, Regular Flat white - 2.15, Regular Flavoured iced latte - Vanilla - 2.75, Large Flavoured iced latte - Hazelnut - 3.25, Regular Flavoured iced latte - Vanilla - 2.75",16.2,CASH,
23/07/2024 14:39,Chesterfield,Lorraine Hernandez,"Regular Flavoured iced latte - Caramel - 2.75, Large Flavoured latte - Hazelnut - 2.85, Regular Latte - 2.15, Large Flavoured iced latte - Hazelnut - 3.25",11.0,CARD,6123507305740047
23/07/2024 14:41,Chesterfield,Shirley Lawrence,"Regular Flavoured iced latte - Hazelnut - 2.75, Regular Flat white - 2.15, Large Flat white - 2.45",7.35,CARD,2306662172068031
23/07/2024 14:42,Chesterfield,Philip Dunphy,"Large Flavoured iced latte - Caramel - 3.25, Large Flavoured latte - Hazelnut - 2.85, Large Latte - 2.45, Large Flat white - 2.45, Large Flavoured iced latte - Caramel - 3.25",14.25,CARD,6409184184351436
23/07/2024 14:43,Chesterfield,William Cazares,"Large Flavoured iced latte - Vanilla - 3.25, Regular Flavoured iced latte - Caramel - 2.75, Large Flavoured iced latte - Vanilla - 3.25, Regular Latte - 2.15",11.4,CARD,4143484481089993
23/07/2024 14:44,Chesterfield,William Boley,"Regular Flat white - 2.15, Large Flavoured latte - Hazelnut - 2.85",5.0,CARD,1357532293918068
23/07/2024 14:46,Chesterfield,Katie Chase,"Regular Flavoured latte - Hazelnut - 2.55, Regular Flavoured iced latte - Vanilla - 2.75, Large Flavoured iced latte - Hazelnut - 3.25, Regular Flat white - 2.15",10.7,CASH,
23/07/2024 14:47,Chesterfield,Eric Jackson,"Large Flavoured latte - Hazelnut - 2.85, Large Flavoured iced latte - Vanilla - 3.25, Large Latte - 2.45",8.55,CARD,5004149569428257
23/07/2024 14:48,Chesterfield,Johnson Prendergast,"Large Latte - 2.45, Large Flavoured latte - Hazelnut - 2.85",5.3,CARD,8715293957067230
23/07/2024 14:49,Chesterfield,Eloise Aman,Regular Flat white - 2.15,2.15,CARD,1822923116908398
23/07/2024 14:51,Chesterfield,Kenneth Heaton,Large Flavoured latte - Hazelnut - 2.85,2.85,CARD,8306178679045154
23/07/2024 14:52,Chesterfield,Kenneth Lunsford,"Regular Flavoured iced latte - Vanilla - 2.75, Large Flavoured iced latte - Vanilla - 3.25, Regular Flavoured iced latte - Hazelnut - 2.75, Large Flat white - 2.45",11.2,CASH,
23/07/2024 14:53,Chesterfield,Vanessa Long,"Regular Flavoured iced latte - Caramel - 2.75, Large Flavoured iced latte - Hazelnut - 3.25, Large Flavoured iced latte - Caramel - 3.25",9.25,CASH,
23/07/2024 14:55,Chesterfield,Samual Moran,"Regular Flavoured iced latte - Hazelnut - 2.75, Regular Flavoured iced latte - Caramel - 2.75",5.5,CASH,
23/07/2024 14:56,Chesterfield,Sylvia Rothrock,"Regular Flat white - 2.15, Regular Flavoured iced latte - Vanilla - 2.75",4.9,CARD,8692118479869279
23/07/2024 14:57,Chesterfield,Donald Gerleman,"Large Flavoured iced latte - Vanilla - 3.25, Regular Flat white - 2.15",5.4,CARD,3704132062674623
23/07/2024 14:58,Chesterfield,Marci Toney,"Large Flavoured iced latte - Hazelnut - 3.25, Regular Latte - 2.15",5.4,CARD,2697316889807584
23/07/2024 15:00,Chesterfield,Amy Roszel,Large Flavoured iced latte - Hazelnut - 3.25,3.25,CASH,
23/07/2024 15:01,Chesterfield,William Taylor,Large Flavoured iced latte - Vanilla - 3.25,3.25,CARD,7479494737930763
23/07/2024 15:02,Chesterfield,Sherri Hyman,"Regular Flavoured iced latte - Hazelnut - 2.75, Regular Flat white - 2.15",4.9,CASH,
23/07/2024 15:03,Chesterfield,Cindy Macdonald,"Regular Flavoured latte - Hazelnut - 2.55, Regular Flavoured latte - Hazelnut - 2.55, Regular Flat white - 2.15, Regular Flat white - 2.15",9.4,CASH,
23/07/2024 15:05,Chesterfield,Ronald Adams,"Large Flat white - 2.45, Large Latte - 2.45, Large Latte - 2.45, Large Flavoured iced latte - Vanilla - 3.25, Large Flat white - 2.45, Large Flavoured iced latte - Hazelnut - 3.25",16.3,CARD,4938494732800688
23/07/2024 15:06,Chesterfield,Irene Waldron,"Large Flavoured iced latte - Caramel - 3.25, Regular Flavoured latte - Hazelnut - 2.55, Regular Flavoured iced latte - Hazelnut - 2.75",8.55,CARD,8732246884113144
23/07/2024 15:07,Chesterfield,William Simpson,"Large Latte - 2.45, Regular Flavoured latte - Hazelnut - 2.55, Large Flavoured iced latte - Caramel - 3.25, Large Flat white - 2.45",10.7,CASH,
23/07/2024 15:08,Chesterfield,Mary Rush,Large Flat white - 2.45,2.45,CARD,2507786479014553
23/07/2024 15:10,Chesterfield,Maria Meeks,"Regular Flavoured iced latte - Vanilla - 2.75, Regular Flavoured latte - Hazelnut - 2.55, Large Flavoured latte - Hazelnut - 2.85",8.15,CASH,
23/07/2024 15:11,Chesterfield,Lori Scelzo,"Large Flavoured iced latte - Hazelnut - 3.25, Large Flavoured iced latte - Hazelnut - 3.25, Regular Flavoured latte - Hazelnut - 2.55, Large Flavoured iced latte - Hazelnut - 3.25",12.3,CARD,8821110525597875
23/07/2024 15:12,Chesterfield,Andrew Pittman,Large Flavoured iced latte - Hazelnut - 3.25,3.25,CARD,8609519636988770
23/07/2024 15:13,Chesterfield,Annette Tate,"Regular Latte - 2.15, Large Latte - 2.45",4.6,CARD,2650656591375010
23/07/2024 15:15,Chesterfield,Robin Martinez,"Large Flavoured iced latte - Hazelnut - 3.25, Large Latte - 2.45, Regular Flavoured latte - Hazelnut - 2.55",8.25,CARD,5047509998624785
23/07/2024 15:16,Chesterfield,Jason Lopez,"Regular Flavoured iced latte - Caramel - 2.75, Regular Flat white - 2.15, Regular Flavoured latte - Hazelnut - 2.55",7.45,CARD,7745701528887427
23/07/2024 15:17,Chesterfield,Jessica Griffin,"Regular Latte - 2.15, Regular Latte - 2.15",4.3,CARD,3731521565816565
23/07/2024 15:18,Chesterfield,Lynn Syring,"Large Flavoured iced latte - Hazelnut - 3.25, Regular Latte - 2.15, Regular Flavoured latte - Hazelnut - 2.55, Large Flavoured iced latte - Hazelnut - 3.25",11.2,CARD,1952393602867857
23/07/2024 15:20,Chesterfield,Kelly Palazzi,"Regular Flavoured iced latte - Vanilla - 2.75, Large Flavoured iced latte - Vanilla - 3.25",6.0,CASH,
23/07/2024 15:21,Chesterfield,Michelle Brouillard,Large Flavoured iced latte - Hazelnut - 3.25,3.25,CARD,2366584340109213
23/07/2024 15:22,Chesterfield,Ella Miller,"Regular Flavoured iced latte - Hazelnut - 2.75, Regular Latte - 2.15",4.9,CASH,
23/07/2024 15:23,Chesterfield,Dina Salazar,Regular Flavoured latte - Hazelnut - 2.55,2.55,CARD,8717177034957392
23/07/2024 15:25,Chesterfield,Susan Williams,"Regular Flavoured latte - Hazelnut - 2.55, Regular Flavoured latte - Hazelnut - 2.55",5.1,CARD,2871928599141447
23/07/2024 15:26,Chesterfield,Jeffrey Schiavo,"Regular Flat white - 2.15, Large Flavoured latte - Hazelnut - 2.85, Regular Flavoured iced latte - Hazelnut - 2.75, Regular Flat white - 2.15",9.9,CASH,
23/07/2024 15:27,Chesterfield,Eduardo Wheatley,"Regular Flavoured iced latte - Caramel - 2.75, Large Flavoured iced latte - Vanilla - 3.25, Large Flavoured latte - Hazelnut - 2.85, Regular Flavoured latte - Hazelnut - 2.55, Large Latte - 2.45",13.85,CARD,5636149799405589
23/07/2024 15:28,Chesterfield,Geoffrey Caudle,Regular Flavoured iced latte - Hazelnut - 2.75,2.75,CARD,9430225755766816
23/07/2024 15:30,Chesterfield,Samantha Terry,"Large Flat white - 2.45, Regular Flavoured latte - Hazelnut - 2.55, Large Flavoured iced latte - Vanilla - 3.25, Large Flat white - 2.45, Large Flavoured iced latte - Caramel - 3.25",13.95,CARD,4556021584557053
23/07/2024 15:31,Chesterfield,Oscar Ahmad,"Large Flavoured iced latte - Caramel - 3.25, Large Flat white - 2.45, Regular Flavoured latte - Hazelnut - 2.55",8.25,CASH,
23/07/2024 15:32,Chesterfield,Carol Anderson,"Regular Flavoured iced latte - Hazelnut - 2.75, Regular Flavoured iced latte - Hazelnut - 2.75, Large Flavoured latte - Hazelnut - 2.85",8.35,CARD,6011588258676422
23/07/2024 15:33,Chesterfield,Clyde Maples,"Large Flavoured iced latte - Caramel - 3.25, Large Flavoured iced latte - Vanilla - 3.25, Regular Flavoured latte - Hazelnut - 2.55, Regular Latte - 2.15, Regular Flavoured iced latte - Vanilla - 2.75",13.95,CASH,
23/07/2024 15:35,Chesterfield,Amber Hawkins,"Regular Flat white - 2.15, Regular Flavoured iced latte - Caramel - 2.75",4.9,CARD,8446532481650303
23/07/2024 15:36,Chesterfield,Teresa Paddock,"Regular Flavoured iced latte - Vanilla - 2.75, Regular Flavoured iced latte - Vanilla - 2.75, Large Flavoured latte - Hazelnut - 2.85",8.35,CASH,
23/07/2024 15:37,Chesterfield,Walter Hashimoto,"Large Latte - 2.45, Regular Flavoured latte - Hazelnut - 2.55, Regular Latte - 2.15",7.15,CASH,
23/07/2024 15:38,Chesterfield,Carrie Sinisi,"Regular Flavoured iced latte - Caramel - 2.75, Regular Flavoured latte - Hazelnut - 2.55, Regular Flavoured latte - Hazelnut - 2.55, Large Flavoured latte - Hazelnut - 2.85",10.7,CASH,
23/07/2024 15:40,Chesterfield,Daniel Addison,"Regular Flavoured iced latte - Hazelnut - 2.75, Regular Flat white - 2.15",4.9,CARD,8366637151808040
23/07/2024 15:41,Chesterfield,James Jordan,"Regular Flavoured latte - Hazelnut - 2.55, Large Flavoured iced latte - Vanilla - 3.25",5.8,CARD,7499069239140170
23/07/2024 15:42,Chesterfield,Shirley Salamone,Regular Flavoured iced latte - Caramel - 2.75,2.75,CARD,5406217564475565
23/07/2024 15:43,Chesterfield,David Goings,"Regular Flat white - 2.15, Regular Flavoured iced latte - Hazelnut - 2.75, Large Flavoured iced latte - Hazelnut - 3.25, Regular Flavoured latte - Hazelnut - 2.55, Large Flavoured iced latte - Vanilla - 3.25, Regular Flavoured iced latte - Vanilla - 2.75",16.7,CARD,9712004188456222
23/07/2024 15:45,Chesterfield,John Gebhart,"Large Latte - 2.45, Large Flat white - 2.45, Regular Flavoured iced latte - Vanilla - 2.75, Regular Flavoured iced latte - Caramel - 2.75",10.4,CARD,5251810165350270
23/07/2024 15:46,Chesterfield,Eric Edwards,"Large Flavoured latte - Hazelnut - 2.85, Large Latte - 2.45",5.3,CASH,
23/07/2024 15:47,Chesterfield,Moses Fujioka,Large Flat white - 2.45,2.45,CASH,
23/07/2024 15:48,Chesterfield,Robert Culver,Regular Latte - 2.15,2.15,CASH,
23/07/2024 15:50,Chesterfield,Evalyn Gilbert,"Regular Latte - 2.15, Regular Latte - 2.15",4.3,CARD,3133643844848179
23/07/2024 15:51,Chesterfield,Robert Hagstrom,"Large Flavoured latte - Hazelnut - 2.85, Large Latte - 2.45, Large Flavoured iced latte - Hazelnut - 3.25",8.55,CASH,
23/07/2024 15:52,Chesterfield,Betty Waldow,"Large Flat white - 2.45, Large Latte - 2.45, Large Flavoured iced latte - Vanilla - 3.25, Regular Latte - 2.15",10.3,CARD,3806239701306587
23/07/2024 15:53,Chesterfield,Janet Hardesty,"Large Flavoured iced latte - Caramel - 3.25, Large Flavoured iced latte - Caramel - 3.25, Regular Flat white - 2.15, Large Flavoured iced latte - Hazelnut - 3.25",11.9,CARD,7118064378989799
23/07/2024 15:55,Chesterfield,Fernando Serrano,"Large Flavoured iced latte - Vanilla - 3.25, Large Latte - 2.45",5.7,CARD,3007921726898031
23/07/2024 15:56,Chesterfield,Toni Chirino,Large Flat white - 2.45,2.45,CASH,
23/07/2024 15:57,Chesterfield,Carol Ulloa,"Large Latte - 2.45, Regular Flavoured latte - Hazelnut - 2.55, Regular Flavoured latte - Hazelnut - 2.55, Regular Latte - 2.15, Regular Flat white - 2.15",11.85,CARD,9060095401861152
23/07/2024 15:58,Chesterfield,Olga Russel,"Regular Flavoured latte - Hazelnut - 2.55, Regular Flavoured iced latte - Vanilla - 2.75, Large Flavoured iced latte - Hazelnut - 3.25, Large Flavoured iced latte - Caramel - 3.25",11.8,CARD,7851439719430757
23/07/2024 16:00,Chesterfield,Robert Butler,Regular Flat white - 2.15,2.15,CASH,
23/07/2024 16:03,Chesterfield,Marisol Santiago,"Large Flavoured iced latte - Hazelnut - 3.25, Large Flavoured iced latte - Hazelnut - 3.25",6.5,CASH,
23/07/2024 16:07,Chesterfield,Deborah Crawford,Large Flavoured iced latte - Hazelnut - 3.25,3.25,CASH,
23/07/2024 16:10,Chesterfield,Mary Hawkins,Large Latte - 2.45,2.45,CARD,8468383007320950
23/07/2024 16:14,Chesterfield,Vickie Zapata,"Large Latte - 2.45, Large Flavoured iced latte - Caramel - 3.25",5.7,CARD,2555426715524840
23/07/2024 16:17,Chesterfield,Robert Mitchell,"Large Flavoured iced latte - Caramel - 3.25, Large Flavoured iced latte - Vanilla - 3.25",6.5,CASH,
23/07/2024 16:21,Chesterfield,Lillian Hisaw,"Large Flavoured latte - Hazelnut - 2.85, Large Flat white - 2.45, Large Flat white - 2.45",7.75,CARD,5981388637889037
23/07/2024 16:24,Chesterfield,Martin Perkins,"Regular Flavoured latte - Hazelnut - 2.55, Large Flavoured iced latte - Caramel - 3.25, Large Flavoured iced latte - Hazelnut - 3.25, Regular Flavoured iced latte - Caramel - 2.75",11.8,CASH,
23/07/2024 16:28,Chesterfield,Brian Clawson,"Regular Latte - 2.15, Regular Flat white - 2.15, Regular Flavoured iced latte - Vanilla - 2.75, Large Latte - 2.45, Regular Flavoured iced latte - Vanilla - 2.75",12.25,CARD,6446142074330916
23/07/2024 16:31,Chesterfield,Ella Boehm,Regular Flavoured iced latte - Hazelnut - 2.75,2.75,CARD,4877040377427876
23/07/2024 16:35,Chesterfield,Ashley Johanson,"Regular Flavoured latte - Hazelnut - 2.55, Large Flavoured latte - Hazelnut - 2.85",5.4,CARD,6063404456267425
23/07/2024 16:38,Chesterfield,Willian Glasscock,"Large Flat white - 2.45, Large Flat white - 2.45",4.9,CARD,5439195970550021
23/07/2024 16:42,Chesterfield,Sarah Howard,Regular Flavoured iced latte - Caramel - 2.75,2.75,CARD,7024997862778098
23/07/2024 16:45,Chesterfield,Stephen Young,"Regular Latte - 2.15, Regular Flavoured latte - Hazelnut - 2.55",4.7,CARD,8102108370865924
23/07/2024 16:49,Chesterfield,Della Bishop,"Large Flavoured latte - Hazelnut - 2.85, Large Flat white - 2.45, Regular Flat white - 2.15, Large Latte - 2.45",9.9,CARD,3810362461320931
23/07/2024 16:52,Chesterfield,Claire Gerdes,"Regular Flat white - 2.15, Large Flavoured iced latte - Vanilla - 3.25",5.4,CARD,9530300593706972
23/07/2024 16:56,Chesterfield,Jessica Williams,Regular Flat white - 2.15,2.15,CARD,3210952818853123
23/07/2024 16:59,Chesterfield,Lashawna Smith,"Regular Flat white - 2.15, Regular Flavoured iced latte - Hazelnut - 2.75, Regular Latte - 2.15, Regular Flavoured latte - Hazelnut - 2.55, Large Flavoured iced latte - Hazelnut - 3.25",12.85,CARD,1135536869516137
