23/07/2024 09:00,Leeds,Carol Anchors,"Regular Filter coffee - 1.50, Regular Speciality Tea - English breakfast - 1.30, Large Speciality Tea - English breakfast - 1.60",4.4,CASH,
23/07/2024 09:01,Leeds,Robert Mccoy,"Regular Chai latte - 2.30, Large Chai latte - 2.60",4.9,CASH,
23/07/2024 09:03,Leeds,Jane Wagner,"Large Hot Chocolate - 1.70, Large Filter coffee - 1.80",3.5,CARD,2926734294642387
23/07/2024 09:04,Leeds,Margaret Sites,"Large Speciality Tea - English breakfast - 1.60, Large Iced americano - 2.50",4.1,CARD,4020513108731952
23/07/2024 09:06,Leeds,Susan Canales,Regular Filter coffee - 1.50,1.5,CARD,8937612012642181
23/07/2024 09:08,Leeds,Mary Danforth,Regular Hot Chocolate - 1.40,1.4,CARD,4904180950590183
23/07/2024 09:09,Leeds,Graciela Chase,"Regular Speciality Tea - English breakfast - 1.30, Regular Chai latte - 2.30, Regular Iced americano - 2.15, Regular Filter coffee - 1.50",7.25,CASH,
23/07/2024 09:11,Leeds,Diane Orr,"Large Iced americano - 2.50, Large Hot Chocolate - 1.70, Regular Iced americano - 2.15, Large Chai latte - 2.60, Large Hot Chocolate - 1.70",10.65,CARD,7195092348939554
23/07/2024 09:12,Leeds,Cynthia Graves,"Regular Filter coffee - 1.50, Regular Filter coffee - 1.50, Regular Chai latte - 2.30, Large Speciality Tea - English breakfast - 1.60, Large Speciality Tea - English breakfast - 1.60",8.5,CASH,
23/07/2024 09:14,Leeds,Reginald Clark,"Regular Speciality Tea - English breakfast - 1.30, Regular Iced americano - 2.15",3.45,CARD,7964687121719824
23/07/2024 09:16,Leeds,Thomas Poole,Regular Filter coffee - 1.50,1.5,CASH,
23/07/2024 09:17,Leeds,Billy Connolly,"Large Chai latte - 2.60, Large Filter coffee - 1.80, Large Filter coffee - 1.80",6.2,CASH,
23/07/2024 09:19,Leeds,Tiana Lancaster,"Large Chai latte - 2.60, Large Filter coffee - 1.80, Large Chai latte - 2.60, Large Filter coffee - 1.80",8.8,CARD,9979235225697443
23/07/2024 09:21,Leeds,Stacy Hines,Regular Speciality Tea - English breakfast - 1.30,1.3,CARD,9309059093286950
23/07/2024 09:22,Leeds,Noah Sullivan,"Regular Iced americano - 2.15, Large Speciality Tea - English breakfast - 1.60, Large Speciality Tea - English breakfast - 1.60",5.35,CARD,2771853600103152
23/07/2024 09:24,Leeds,Edward Reyes,"Regular Filter coffee - 1.50, Regular Speciality Tea - English breakfast - 1.30, Regular Chai latte - 2.30, Large Chai latte - 2.60, Large Filter coffee - 1.80",9.5,CARD,4900652586138062
23/07/2024 09:25,Leeds,Lois Delahoussaye,"Regular Chai latte - 2.30, Regular Speciality Tea - English breakfast - 1.30",3.6,CARD,5250558001118644
23/07/2024 09:27,Leeds,Timothy Nichols,"Large Speciality Tea - English breakfast - 1.60, Large Hot Chocolate - 1.70",3.3,CARD,9532159745686433
23/07/2024 09:29,Leeds,James Turner,"Regular Iced americano - 2.15, Regular Speciality Tea - English breakfast - 1.30",3.45,CASH,
23/07/2024 09:30,Leeds,Lisa Mills,"Regular Chai latte - 2.30, Regular Chai latte - 2.30, Regular Hot Chocolate - 1.40, Regular Chai latte - 2.30",8.3,CARD,2234052842726465
23/07/2024 09:32,Leeds,Elbert Williams,Regular Iced americano - 2.15,2.15,CASH,
23/07/2024 09:33,Leeds,Gilbert Carr,Large Filter coffee - 1.80,1.8,CARD,5818127030795295
23/07/2024 09:35,Leeds,Michael Gaskill,"Large Hot Chocolate - 1.70, Regular Iced americano - 2.15, Large Filter coffee - 1.80, Large Filter coffee - 1.80, Large Speciality Tea - English breakfast - 1.60, Large Hot Chocolate - 1.70",10.75,CASH,
23/07/2024 09:37,Leeds,Patrica Mateo,"Large Iced americano - 2.50, Regular Speciality Tea - English breakfast - 1.30, Regular Iced americano - 2.15, Regular Chai latte - 2.30",8.25,CASH,
23/07/2024 09:38,Leeds,Ester Martin,"Large Chai latte - 2.60, Large Speciality Tea - English breakfast - 1.60, Large Chai latte - 2.60, Large Hot Chocolate - 1.70",8.5,CARD,2573077503351098
23/07/2024 09:40,Leeds,John Castillo,Large Hot Chocolate - 1.70,1.7,CASH,
23/07/2024 09:42,Leeds,Elsie Hartzell,"Regular Filter coffee - 1.50, Large Hot Chocolate - 1.70, Large Chai latte - 2.60",5.8,CARD,4574787214250684
23/07/2024 09:43,Leeds,Ramona Ponce,"Large Hot Chocolate - 1.70, Large Hot Chocolate - 1.70, Large Hot Chocolate - 1.70",5.1,CARD,4313168789204930
23/07/2024 09:45,Leeds,Michael Hollowell,Large Chai latte - 2.60,2.6,CARD,7251289598883586
23/07/2024 09:46,Leeds,Vincent Kincaid,Regular Chai latte - 2.30,2.3,CARD,1412287501108743
23/07/2024 09:48,Leeds,Wilburn Thurman,"Large Speciality Tea - English breakfast - 1.60, Large Chai latte - 2.60",4.2,CASH,
23/07/2024 09:50,Leeds,Michael Gilles,Large Iced americano - 2.50,2.5,CASH,
23/07/2024 09:51,Leeds,Janie Stahl,"Regular Speciality Tea - English breakfast - 1.30, Regular Filter coffee - 1.50, Regular Filter coffee - 1.50, Regular Iced americano - 2.15, Regular Speciality Tea - English breakfast - 1.30, Regular Filter coffee - 1.50",9.25,CARD,9694834859153747
23/07/2024 09:53,Leeds,Tina Hinds,"Large Speciality Tea - English breakfast - 1.60, Regular Iced americano - 2.15, Large Filter coffee - 1.80",5.55,CARD,4613591297312717
23/07/2024 09:54,Leeds,James Jenkins,"Large Iced americano - 2.50, Regular Iced americano - 2.15",4.65,CARD,4323387482879544
23/07/2024 09:56,Leeds,Dawn Davis,Regular Filter coffee - 1.50,1.5,CASH,
23/07/2024 09:58,Leeds,Mark Ayala,"Large Hot Chocolate - 1.70, Large Speciality Tea - English breakfast - 1.60, Large Iced americano - 2.50, Large Chai latte - 2.60, Large Hot Chocolate - 1.70",10.1,CARD,8339869038935452
23/07/2024 09:59,Leeds,Heidi Judge,"Large Chai latte - 2.60, Large Hot Chocolate - 1.70, Large Filter coffee - 1.80, Regular Chai latte - 2.30, Regular Hot Chocolate - 1.40",9.8,CARD,6635662043236107
23/07/2024 10:01,Leeds,Greg Segura,"Large Iced americano - 2.50, Large Filter coffee - 1.80",4.3,CARD,7372963446960008
23/07/2024 10:02,Leeds,Sharon Walker,"Regular Hot Chocolate - 1.40, Regular Chai latte - 2.30",3.7,CARD,5203103486264442
23/07/2024 10:03,Leeds,Debra Skubis,"Large Filter coffee - 1.80, Large Chai latte - 2.60, Large Filter coffee - 1.80",6.2,CARD,5951546631733154
23/07/2024 10:04,Leeds,Evelyn Collins,"Regular Iced americano - 2.15, Regular Iced americano - 2.15, Large Filter coffee - 1.80, Large Filter coffee - 1.80",7.9,CASH,
23/07/2024 10:05,Leeds,Pamela Helzer,Large Iced americano - 2.50,2.5,CASH,
23/07/2024 10:06,Leeds,Charles Burley,"Large Filter coffee - 1.80, Large Iced americano - 2.50, Regular Hot Chocolate - 1.40",5.7,CASH,
23/07/2024 10:07,Leeds,Stephen Lewis,"Large Speciality Tea - English breakfast - 1.60, Regular Speciality Tea - English breakfast - 1.30, Large Chai latte - 2.60, Large Chai latte - 2.60, Large Iced americano - 2.50",10.6,CARD,3147117723227994
23/07/2024 10:08,Leeds,Jeanette Maxwell,"Large Filter coffee - 1.80, Large Chai latte - 2.60",4.4,CARD,1376392509325839
23/07/2024 10:09,Leeds,Brian Welch,"Large Iced americano - 2.50, Regular Chai latte - 2.30, Large Iced americano - 2.50",7.3,CARD,3657968724663653
23/07/2024 10:11,Leeds,Allen Smith,Regular Iced americano - 2.15,2.15,CARD,4915742895470017
23/07/2024 10:12,Leeds,Andrew Desrosiers,"Regular Hot Chocolate - 1.40, Regular Hot Chocolate - 1.40, Large Iced americano - 2.50, Regular Filter coffee - 1.50, Regular Speciality Tea - English breakfast - 1.30",8.1,CASH,
23/07/2024 10:13,Leeds,Jack Boyd,"Regular Iced americano - 2.15, Regular Speciality Tea - English breakfast - 1.30",3.45,CASH,
23/07/2024 10:14,Leeds,James Turner,"Regular Chai latte - 2.30, Large Iced americano - 2.50, Large Speciality Tea - English breakfast - 1.60",6.4,CASH,
23/07/2024 10:15,Leeds,Kevin Ooten,"Regular Chai latte - 2.30, Regular Speciality Tea - English breakfast - 1.30",3.6,CARD,7588874572002047
23/07/2024 10:16,Leeds,Rolland Kluz,"Regular Filter coffee - 1.50, Regular Filter coffee - 1.50, Large Chai latte - 2.60, Regular Chai latte - 2.30",7.9,CARD,8915641507775613
23/07/2024 10:17,Leeds,Robert Garton,"Large Filter coffee - 1.80, Large Chai latte - 2.60, Regular Filter coffee - 1.50, Regular Hot Chocolate - 1.40",7.3,CARD,9812119681557906
23/07/2024 10:18,Leeds,Lilli Montgomery,"Large Filter coffee - 1.80, Large Filter coffee - 1.80, Regular Hot Chocolate - 1.40, Regular Speciality Tea - English breakfast - 1.30, Regular Speciality Tea - English breakfast - 1.30",7.6,CARD,5284232094179535
23/07/2024 10:19,Leeds,Son Bolt,"Regular Chai latte - 2.30, Regular Filter coffee - 1.50, Regular Speciality Tea - English breakfast - 1.30",5.1,CARD,2115849480399564
23/07/2024 10:20,Leeds,Sarah Mcclendon,"Regular Speciality Tea - English breakfast - 1.30, Large Chai latte - 2.60, Large Hot Chocolate - 1.70, Large Speciality Tea - English breakfast - 1.60, Regular Hot Chocolate - 1.40, Regular Filter coffee - 1.50",10.1,CARD,7057522902023219
23/07/2024 10:21,Leeds,Scott Boyer,"Regular Speciality Tea - English breakfast - 1.30, Regular Speciality Tea - English breakfast - 1.30, Regular Speciality Tea - English breakfast - 1.30, Regular Hot Chocolate - 1.40, Large Iced americano - 2.50, Regular Iced americano - 2.15",9.95,CARD,3498445429234285
23/07/2024 10:22,Leeds,Brandon Klug,"Large Filter coffee - 1.80, Regular Chai latte - 2.30, Regular Hot Chocolate - 1.40, Regular Chai latte - 2.30",7.8,CARD,7872371979566442
23/07/2024 10:23,Leeds,Donald Stokes,Large Filter coffee - 1.80,1.8,CARD,3559471687865145
23/07/2024 10:24,Leeds,Reginald Harbison,"Large Filter coffee - 1.80, Regular Hot Chocolate - 1.40, Large Iced americano - 2.50",5.7,CARD,2277042192402621
23/07/2024 10:25,Leeds,Jaclyn Davis,"Large Speciality Tea - English breakfast - 1.60, Regular Chai latte - 2.30, Regular Chai latte - 2.30",6.2,CARD,9645508714716371
23/07/2024 10:27,Leeds,Timothy Bonham,"Regular Filter coffee - 1.50, Regular Speciality Tea - English breakfast - 1.30",2.8,CASH,
23/07/2024 10:28,Leeds,Alonzo Nunez,"Regular Speciality Tea - English breakfast - 1.30, Regular Iced americano - 2.15, Large Hot Chocolate - 1.70",5.15,CARD,1773385231008688
23/07/2024 10:29,Leeds,Clara Lovelace,"Regular Filter coffee - 1.50, Regular Filter coffee - 1.50, Large Filter coffee - 1.80",4.8,CARD,2521716889358717
23/07/2024 10:30,Leeds,Clifton Jackson,"Regular Iced americano - 2.15, Regular Filter coffee - 1.50, Large Chai latte - 2.60, Regular Filter coffee - 1.50",7.75,CARD,7756043109002806
23/07/2024 10:31,Leeds,Gladys Damron,"Large Chai latte - 2.60, Regular Hot Chocolate - 1.40, Large Iced americano - 2.50, Regular Hot Chocolate - 1.40",7.9,CASH,
23/07/2024 10:32,Leeds,Freida Davis,"Large Speciality Tea - English breakfast - 1.60, Large Chai latte - 2.60, Large Chai latte - 2.60, Large Filter coffee - 1.80",8.6,CARD,6620253758669001
23/07/2024 10:33,Leeds,Veronica Decarlo,"Regular Hot Chocolate - 1.40, Regular Iced americano - 2.15, Large Filter coffee - 1.80, Regular Hot Chocolate - 1.40",6.75,CARD,4271949992900135
23/07/2024 10:34,Leeds,Mary Mastoris,"Large Speciality Tea - English breakfast - 1.60, Regular Speciality Tea - English breakfast - 1.30, Large Filter coffee - 1.80",4.7,CASH,
23/07/2024 10:35,Leeds,Patrick Williams,"Large Chai latte - 2.60, Large Filter coffee - 1.80, Large Hot Chocolate - 1.70, Large Speciality Tea - English breakfast - 1.60, Large Chai latte - 2.60",10.3,CASH,
23/07/2024 10:36,Leeds,Anna Spivey,"Large Filter coffee - 1.80, Large Hot Chocolate - 1.70, Large Speciality Tea - English breakfast - 1.60, Regular Filter coffee - 1.50",6.6,CASH,
23/07/2024 10:37,Leeds,Karen Trejo,"Regular Filter coffee - 1.50, Large Filter coffee - 1.80, Large Chai latte - 2.60, Large Speciality Tea - English breakfast - 1.60, Regular Iced americano - 2.15",9.65,CARD,8445390035847345
23/07/2024 10:38,Leeds,Alejandra Moscato,"Regular Chai latte - 2.30, Large Chai latte - 2.60, Large Hot Chocolate - 1.70, Large Hot Chocolate - 1.70",8.3,CARD,5885647215055175
23/07/2024 10:39,Leeds,Richard Hartman,"Large Filter coffee - 1.80, Large Speciality Tea - English breakfast - 1.60, Large Filter coffee - 1.80",5.2,CASH,
23/07/2024 10:40,Leeds,Albert Abernathy,"Regular Filter coffee - 1.50, Regular Iced americano - 2.15, Regular Chai latte - 2.30, Regular Filter coffee - 1.50, Large Filter coffee - 1.80, Regular Filter coffee - 1.50",10.75,CASH,
23/07/2024 10:41,Leeds,Cheryl Mendez,"Regular Iced americano - 2.15, Regular Filter coffee - 1.50",3.65,CARD,4947920742467847
23/07/2024 10:43,Leeds,Jessica Vincent,"Large Filter coffee - 1.80, Large Speciality Tea - English breakfast - 1.60, Large Filter coffee - 1.80, Large Filter coffee - 1.80",7.0,CARD,3389582471418757
23/07/2024 10:44,Leeds,Stephen Lahti,Large Iced americano - 2.50,2.5,CARD,8645983171469925
23/07/2024 10:45,Leeds,Donald Lucht,Large Hot Chocolate - 1.70,1.7,CASH,
23/07/2024 10:46,Leeds,Nicholas Rodriguez,Regular Hot Chocolate - 1.40,1.4,CARD,3321077656901632
23/07/2024 10:47,Leeds,Shari Masri,"Large Iced americano - 2.50, Regular Hot Chocolate - 1.40",3.9,CARD,2972216904001563
23/07/2024 10:48,Leeds,Floyd Detweiler,"Regular Speciality Tea - English breakfast - 1.30, Regular Speciality Tea - English breakfast - 1.30, Regular Speciality Tea - English breakfast - 1.30, Large Filter coffee - 1.80, Regular Filter coffee - 1.50",7.2,CARD,9479190204596893
23/07/2024 10:49,Leeds,Lionel Sanchez,"Regular Filter coffee - 1.50, Regular Chai latte - 2.30, Regular Chai latte - 2.30, Regular Filter coffee - 1.50, Large Iced americano - 2.50",10.1,CARD,6399686968297947
23/07/2024 10:50,Leeds,Denise Yanko,Regular Speciality Tea - English breakfast - 1.30,1.3,CARD,1335773590545366
23/07/2024 10:51,Leeds,Geraldine Leith,"Large Speciality Tea - English breakfast - 1.60, Regular Hot Chocolate - 1.40, Regular Hot Chocolate - 1.40",4.4,CARD,7451945254432996
23/07/2024 10:52,Leeds,Ramon Cook,"Large Speciality Tea - English breakfast - 1.60, Large Hot Chocolate - 1.70, Regular Iced americano - 2.15",5.45,CASH,
23/07/2024 10:53,Leeds,Barbara Marietta,"Large Hot Chocolate - 1.70, Regular Filter coffee - 1.50, Large Chai latte - 2.60",5.8,CARD,1622562167613093
23/07/2024 10:54,Leeds,Linda Durkin,Regular Hot Chocolate - 1.40,1.4,CARD,9573295340084597
23/07/2024 10:55,Leeds,Mary Gamache,Regular Speciality Tea - English breakfast - 1.30,1.3,CASH,
23/07/2024 10:56,Leeds,Marie Brown,"Large Hot Chocolate - 1.70, Regular Filter coffee - 1.50, Regular Chai latte - 2.30",5.5,CARD,7979435757489872
23/07/2024 10:57,Leeds,Elizabeth Benton,Regular Iced americano - 2.15,2.15,CARD,8307218266187579
23/07/2024 10:59,Leeds,Shirley Baumgarter,Regular Hot Chocolate - 1.40,1.4,CARD,4058068826829447
23/07/2024 11:00,Leeds,Shawn Turner,"Regular Chai latte - 2.30, Regular Iced americano - 2.15",4.45,CASH,
23/07/2024 11:04,Leeds,Nicole Hickey,"Large Hot Chocolate - 1.70, Large Speciality Tea - English breakfast - 1.60, Regular Hot Chocolate - 1.40, Regular Filter coffee - 1.50",6.2,CARD,5862910472955005
23/07/2024 11:08,Leeds,David Rabello,"Regular Hot Chocolate - 1.40, Regular Chai latte - 2.30, Regular Chai latte - 2.30",6.0,CARD,5256100836367987
23/07/2024 11:12,Leeds,Floyd Hunt,"Large Chai latte - 2.60, Regular Chai latte - 2.30",4.9,CASH,
23/07/2024 11:16,Leeds,Megan Diaz,"Large Iced americano - 2.50, Large Chai latte - 2.60, Large Iced americano - 2.50",7.6,CASH,
23/07/2024 11:20,Leeds,Robert Hunt,"Large Chai latte - 2.60, Regular Speciality Tea - English breakfast - 1.30, Large Chai latte - 2.60",6.5,CARD,3156757075846855
23/07/2024 11:24,Leeds,Joleen Minteer,"Large Hot Chocolate - 1.70, Large Filter coffee - 1.80, Regular Chai latte - 2.30, Regular Chai latte - 2.30",8.1,CASH,
23/07/2024 11:28,Leeds,Daniel Koonce,"Large Speciality Tea - English breakfast - 1.60, Regular Chai latte - 2.30, Regular Iced americano - 2.15, Regular Hot Chocolate - 1.40, Regular Iced americano - 2.15",9.6,CARD,8830831811532481
23/07/2024 11:32,Leeds,Carl Hedges,"Regular Chai latte - 2.30, Large Hot Chocolate - 1.70, Large Filter coffee - 1.80",5.8,CASH,
23/07/2024 11:36,Leeds,Joanne Mansour,"Regular Speciality Tea - English breakfast - 1.30, Large Speciality Tea - English breakfast - 1.60",2.9,CARD,8464715701562322
23/07/2024 11:40,Leeds,Gerald Norris,Large Chai latte - 2.60,2.6,CARD,6455110940100542
23/07/2024 11:44,Leeds,Sandra Hall,Large Chai latte - 2.60,2.6,CARD,4592440527832787
23/07/2024 11:48,Leeds,Zack Sanchez,Large Hot Chocolate - 1.70,1.7,CARD,5325986289028652
23/07/2024 11:52,Leeds,Joseph Flores,"Regular Chai latte - 2.30, Regular Filter coffee - 1.50, Regular Hot Chocolate - 1.40, Regular Chai latte - 2.30, Large Iced americano - 2.50",10.0,CASH,
23/07/2024 11:56,Leeds,Edward Hines,"Large Chai latte - 2.60, Regular Filter coffee - 1.50",4.1,CARD,5458221235539542
23/07/2024 12:00,Leeds,Curtis Ricks,"Regular Speciality Tea - English breakfast - 1.30, Large Chai latte - 2.60, Large Chai latte - 2.60",6.5,CASH,
23/07/2024 12:01,Leeds,Dolores Scholler,"Regular Speciality Tea - English breakfast - 1.30, Large Chai latte - 2.60, Large Speciality Tea - English breakfast - 1.60, Regular Iced americano - 2.15",7.65,CARD,7328790587825145
23/07/2024 12:03,Leeds,Abby Braden,"Regular Speciality Tea - English breakfast - 1.30, Regular Chai latte - 2.30",3.6,CARD,1886823306949781
23/07/2024 12:05,Leeds,Robert Hooks,Regular Hot Chocolate - 1.40,1.4,CASH,
23/07/2024 12:06,Leeds,Cherie Davis,"Regular Speciality Tea - English breakfast - 1.30, Regular Filter coffee - 1.50, Regular Speciality Tea - English breakfast - 1.30, Large Filter coffee - 1.80, Large Filter coffee - 1.80",7.7,CASH,
23/07/2024 12:08,Leeds,Bryan Hayes,"Large Filter coffee - 1.80, Large Iced americano - 2.50, Regular Speciality Tea - English breakfast - 1.30, Large Chai latte - 2.60",8.2,CARD,6856200905833885
23/07/2024 12:10,Leeds,Teresa Sager,Large Speciality Tea - English breakfast - 1.60,1.6,CARD,7435792192705688
23/07/2024 12:11,Leeds,Anitra Schammel,Regular Filter coffee - 1.50,1.5,CARD,5378664179712700
23/07/2024 12:13,Leeds,Paul Brooks,"Large Filter coffee - 1.80, Regular Hot Chocolate - 1.40, Large Speciality Tea - English breakfast - 1.60, Large Iced americano - 2.50, Large Chai latte - 2.60",9.9,CARD,9380090917501385
23/07/2024 12:15,Leeds,Eva Ingram,"Large Filter coffee - 1.80, Regular Filter coffee - 1.50, Regular Filter coffee - 1.50, Large Filter coffee - 1.80",6.6,CARD,8281595009159182
23/07/2024 12:16,Leeds,Eric Mcvey,"Large Iced americano - 2.50, Regular Filter coffee - 1.50, Regular Hot Chocolate - 1.40",5.4,CARD,8010369459809543
23/07/2024 12:18,Leeds,Thomas Boyer,"Large Filter coffee - 1.80, Regular Speciality Tea - English breakfast - 1.30, Large Hot Chocolate - 1.70, Regular Filter coffee - 1.50, Large Speciality Tea - English breakfast - 1.60",7.9,CASH,
23/07/2024 12:20,Leeds,Jason Bertrand,"Large Iced americano - 2.50, Large Chai latte - 2.60, Large Filter coffee - 1.80, Regular Speciality Tea - English breakfast - 1.30",8.2,CASH,
23/07/2024 12:21,Leeds,Walter Miller,"Large Speciality Tea - English breakfast - 1.60, Regular Iced americano - 2.15",3.75,CARD,1583754150586370
23/07/2024 12:23,Leeds,Kayla Zavala,Regular Iced americano - 2.15,2.15,CARD,5844957710330875
23/07/2024 12:25,Leeds,William Miller,Regular Chai latte - 2.30,2.3,CARD,5408975626313425
23/07/2024 12:26,Leeds,Guy Spurlock,"Large Chai latte - 2.60, Regular Speciality Tea - English breakfast - 1.30",3.9,CASH,
23/07/2024 12:28,Leeds,Rebbecca Martin,Regular Iced americano - 2.15,2.15,CARD,1440811931836677
23/07/2024 12:30,Leeds,Wendy Peoples,"Large Hot Chocolate - 1.70, Regular Speciality Tea - English breakfast - 1.30, Regular Hot Chocolate - 1.40, Large Speciality Tea - English breakfast - 1.60, Regular Speciality Tea - English breakfast - 1.30",7.3,CARD,1056568105266005
23/07/2024 12:31,Leeds,Ben Harrison,"Large Speciality Tea - English breakfast - 1.60, Regular Filter coffee - 1.50, Regular Filter coffee - 1.50, Regular Speciality Tea - English breakfast - 1.30, Large Chai latte - 2.60",8.5,CARD,1826350217323560
23/07/2024 12:33,Leeds,Heather Turney,"Large Hot Chocolate - 1.70, Large Filter coffee - 1.80, Large Filter coffee - 1.80, Regular Filter coffee - 1.50",6.8,CARD,3948909273249993
23/07/2024 12:35,Leeds,Kerri Powers,"Regular Speciality Tea - English breakfast - 1.30, Regular Chai latte - 2.30, Large Filter coffee - 1.80, Large Chai latte - 2.60",8.0,CARD,3744893114233844
23/07/2024 12:36,Leeds,Victoria Ramirez,"Regular Iced americano - 2.15, Large Chai latte - 2.60",4.75,CARD,9248002227173736
23/07/2024 12:38,Leeds,William Neely,"Regular Speciality Tea - English breakfast - 1.30, Large Filter coffee - 1.80, Regular Chai latte - 2.30, Large Chai latte - 2.60, Regular Filter coffee - 1.50",9.5,CARD,7102757010461484
23/07/2024 12:40,Leeds,Vicki Ertz,"Regular Iced americano - 2.15, Regular Filter coffee - 1.50, Regular Filter coffee - 1.50",5.15,CASH,
23/07/2024 12:41,Leeds,Arthur James,"Regular Iced americano - 2.15, Regular Chai latte - 2.30, Large Filter coffee - 1.80, Large Speciality Tea - English breakfast - 1.60, Regular Iced americano - 2.15",10.0,CARD,3644398027527747
23/07/2024 12:43,Leeds,Regena Knotts,Regular Chai latte - 2.30,2.3,CARD,3838469859120046
23/07/2024 12:45,Leeds,Randy Bryant,"Regular Filter coffee - 1.50, Large Hot Chocolate - 1.70, Regular Iced americano - 2.15, Regular Chai latte - 2.30, Large Chai latte - 2.60, Large Iced americano - 2.50",12.75,CARD,8796900914321512
23/07/2024 12:46,Leeds,Larry Miller,Large Hot Chocolate - 1.70,1.7,CARD,3189500937510548
23/07/2024 12:48,Leeds,Elizabeth Freitas,"Large Filter coffee - 1.80, Large Chai latte - 2.60, Large Filter coffee - 1.80",6.2,CARD,2940079455978481
23/07/2024 12:50,Leeds,Clyde Brown,"Large Hot Chocolate - 1.70, Regular Chai latte - 2.30, Regular Filter coffee - 1.50, Regular Chai latte - 2.30",7.8,CASH,
23/07/2024 12:51,Leeds,Ralph Porch,"Regular Chai latte - 2.30, Regular Speciality Tea - English breakfast - 1.30",3.6,CARD,3291294685381870
23/07/2024 12:53,Leeds,Casey Richardson,"Regular Hot Chocolate - 1.40, Large Hot Chocolate - 1.70, Large Hot Chocolate - 1.70",4.8,CASH,
23/07/2024 12:55,Leeds,Linda Calhoun,"Regular Hot Chocolate - 1.40, Large Speciality Tea - English breakfast - 1.60",3.0,CARD,9412801816528053
23/07/2024 12:56,Leeds,Theodore Burback,"Regular Speciality Tea - English breakfast - 1.30, Large Hot Chocolate - 1.70, Regular Chai latte - 2.30",5.3,CARD,8234026419214920
23/07/2024 12:58,Leeds,Lisa Reed,Regular Hot Chocolate - 1.40,1.4,CASH,
23/07/2024 13:00,Leeds,Margaret Latham,"Large Filter coffee - 1.80, Large Filter coffee - 1.80, Regular Speciality Tea - English breakfast - 1.30",4.9,CASH,
23/07/2024 13:00,Leeds,Randy Justen,Regular Chai latte - 2.30,2.3,CASH,
23/07/2024 13:01,Leeds,Crystal Bush,"Regular Chai latte - 2.30, Regular Filter coffee - 1.50",3.8,CARD,4984835365463837
23/07/2024 13:02,Leeds,Martha Block,"Large Speciality Tea - English breakfast - 1.60, Regular Iced americano - 2.15, Large Hot Chocolate - 1.70, Regular Iced americano - 2.15, Large Filter coffee - 1.80, Regular Iced americano - 2.15",11.55,CARD,2342310851905477
23/07/2024 13:03,Leeds,Manual Morales,"Regular Chai latte - 2.30, Large Speciality Tea - English breakfast - 1.60",3.9,CARD,2523524883932672
23/07/2024 13:04,Leeds,Mary Johnson,"Regular Hot Chocolate - 1.40, Large Filter coffee - 1.80, Large Hot Chocolate - 1.70",4.9,CARD,2131255697456831
23/07/2024 13:05,Leeds,Mary Parr,"Large Iced americano - 2.50, Large Hot Chocolate - 1.70, Large Chai latte - 2.60, Regular Iced americano - 2.15",8.95,CARD,3666978468423966
23/07/2024 13:05,Leeds,Melanie King,"Regular Filter coffee - 1.50, Large Filter coffee - 1.80",3.3,CARD,7675663196473134
23/07/2024 13:06,Leeds,Doris Guzman,"Regular Chai latte - 2.30, Large Chai latte - 2.60, Large Chai latte - 2.60",7.5,CARD,8199569947700133
23/07/2024 13:07,Leeds,Nancy Myers,"Regular Hot Chocolate - 1.40, Regular Hot Chocolate - 1.40",2.8,CARD,3524851236178006
23/07/2024 13:08,Leeds,Lee Durham,"Large Hot Chocolate - 1.70, Large Chai latte - 2.60, Regular Chai latte - 2.30, Regular Hot Chocolate - 1.40",8.0,CASH,
23/07/2024 13:09,Leeds,Carl Davis,"Regular Speciality Tea - English breakfast - 1.30, Large Speciality Tea - English breakfast - 1.60, Regular Filter coffee - 1.50",4.4,CARD,7200192281989764
23/07/2024 13:10,Leeds,William Moore,"Regular Filter coffee - 1.50, Regular Speciality Tea - English breakfast - 1.30, Large Chai latte - 2.60",5.4,CARD,1911710593692930
23/07/2024 13:10,Leeds,Maxine Sobania,"Large Filter coffee - 1.80, Regular Filter coffee - 1.50, Large Filter coffee - 1.80, Large Speciality Tea - English breakfast - 1.60",6.7,CARD,3853404413248984
23/07/2024 13:11,Leeds,Elizabeth Schmidt,Regular Iced americano - 2.15,2.15,CARD,8980778720629071
23/07/2024 13:12,Leeds,Malissa Stennett,Large Filter coffee - 1.80,1.8,CARD,2753028819142174
23/07/2024 13:13,Leeds,Timothy Schmidt,Large Hot Chocolate - 1.70,1.7,CASH,
23/07/2024 13:14,Leeds,Lonnie Bonebright,"Large Hot Chocolate - 1.70, Large Filter coffee - 1.80, Large Speciality Tea - English breakfast - 1.60",5.1,CARD,2864547225371635
23/07/2024 13:15,Leeds,Krystal Nova,Regular Iced americano - 2.15,2.15,CARD,2711509050252985
23/07/2024 13:15,Leeds,Brian Phillips,"Regular Chai latte - 2.30, Regular Chai latte - 2.30, Regular Chai latte - 2.30, Regular Chai latte - 2.30, Large Filter coffee - 1.80",11.0,CARD,3473675280489637
23/07/2024 13:16,Leeds,Martin Ares,Regular Hot Chocolate - 1.40,1.4,CARD,2385385301701381
23/07/2024 13:17,Leeds,Ron Curtis,Large Chai latte - 2.60,2.6,CASH,
23/07/2024 13:18,Leeds,Margaret Bridgette,"Regular Speciality Tea - English breakfast - 1.30, Large Speciality Tea - English breakfast - 1.60, Regular Speciality Tea - English breakfast - 1.30, Regular Filter coffee - 1.50",5.7,CARD,3377800260982446
23/07/2024 13:19,Leeds,Grace Palley,"Large Chai latte - 2.60, Large Chai latte - 2.60",5.2,CARD,7786234694007797
23/07/2024 13:20,Leeds,Anna Garneau,"Large Hot Chocolate - 1.70, Regular Iced americano - 2.15",3.85,CASH,
23/07/2024 13:20,Leeds,Young Mcwhorter,Large Hot Chocolate - 1.70,1.7,CASH,
23/07/2024 13:21,Leeds,Marx Rivera,"Regular Iced americano - 2.15, Regular Iced americano - 2.15, Regular Hot Chocolate - 1.40, Regular Chai latte - 2.30, Large Speciality Tea - English breakfast - 1.60",9.6,CARD,1027295222282185
23/07/2024 13:22,Leeds,Alan Oliver,"Large Chai latte - 2.60, Regular Speciality Tea - English breakfast - 1.30, Regular Speciality Tea - English breakfast - 1.30, Regular Iced americano - 2.15, Regular Speciality Tea - English breakfast - 1.30, Large Hot Chocolate - 1.70",10.35,CARD,4659002299701162
23/07/2024 13:23,Leeds,Clarence Blanchard,Large Hot Chocolate - 1.70,1.7,CARD,1291586985972094
23/07/2024 13:24,Leeds,Steven Coro,Large Filter coffee - 1.80,1.8,CARD,3749140104007037
23/07/2024 13:25,Leeds,Johnie Skiba,"Regular Iced americano - 2.15, Regular Chai latte - 2.30",4.45,CARD,8822462495538986
23/07/2024 13:25,Leeds,Monica Jones,"Large Hot Chocolate - 1.70, Large Iced americano - 2.50",4.2,CARD,8010041680330351
23/07/2024 13:26,Leeds,Russell Claus,"Regular Chai latte - 2.30, Regular Chai latte - 2.30, Large Iced americano - 2.50, Regular Iced americano - 2.15",9.25,CARD,9410697681623457
23/07/2024 13:27,Leeds,Joseph Mcintyre,"Large Chai latte - 2.60, Regular Filter coffee - 1.50, Large Filter coffee - 1.80, Large Chai latte - 2.60, Regular Chai latte - 2.30",10.8,CARD,1973280277656029
23/07/2024 13:28,Leeds,Jeanette Demers,"Large Speciality Tea - English breakfast - 1.60, Large Filter coffee - 1.80",3.4,CASH,
23/07/2024 13:29,Leeds,Thomas Mclain,"Regular Iced americano - 2.15, Regular Filter coffee - 1.50, Regular Hot Chocolate - 1.40, Regular Filter coffee - 1.50, Regular Iced americano - 2.15",8.7,CARD,9329268079998858
23/07/2024 13:30,Leeds,Lawrence Schumpert,"Regular Chai latte - 2.30, Large Chai latte - 2.60, Large Chai latte - 2.60, Large Chai latte - 2.60, Large Chai latte - 2.60",12.7,CARD,6494509457277749
23/07/2024 13:30,Leeds,Linda Cohen,"Large Hot Chocolate - 1.70, Large Hot Chocolate - 1.70",3.4,CASH,
23/07/2024 13:31,Leeds,Jose Hudson,"Regular Filter coffee - 1.50, Regular Iced americano - 2.15",3.65,CARD,6925410331736843
23/07/2024 13:32,Leeds,Bertha Boehm,"Large Chai latte - 2.60, Regular Iced americano - 2.15",4.75,CARD,5649439681109818
23/07/2024 13:33,Leeds,Raymond Yoder,"Large Chai latte - 2.60, Regular Hot Chocolate - 1.40, Regular Chai latte - 2.30, Large Iced americano - 2.50, Regular Iced americano - 2.15",10.95,CASH,
23/07/2024 13:34,Leeds,Aubrey Balch,Large Hot Chocolate - 1.70,1.7,CASH,
23/07/2024 13:35,Leeds,Curtis Robinson,Regular Speciality Tea - English breakfast - 1.30,1.3,CARD,8905774208956518
23/07/2024 13:35,Leeds,James Thompson,"Large Filter coffee - 1.80, Regular Chai latte - 2.30, Regular Chai latte - 2.30, Large Iced americano - 2.50, Regular Iced americano - 2.15",11.05,CARD,1461294021069083
23/07/2024 13:36,Leeds,Walter Buri,"Regular Iced americano - 2.15, Regular Hot Chocolate - 1.40, Regular Chai latte - 2.30, Regular Filter coffee - 1.50, Large Filter coffee - 1.80",9.15,CARD,3558226045687456
23/07/2024 13:37,Leeds,Elizabeth Brown,"Large Speciality Tea - English breakfast - 1.60, Regular Hot Chocolate - 1.40, Large Speciality Tea - English breakfast - 1.60",4.6,CASH,
23/07/2024 13:38,Leeds,Lillian Ball,Large Chai latte - 2.60,2.6,CARD,6741605834134459
23/07/2024 13:39,Leeds,Audrey Brunswick,"Large Speciality Tea - English breakfast - 1.60, Large Chai latte - 2.60, Regular Hot Chocolate - 1.40, Large Filter coffee - 1.80, Regular Chai latte - 2.30, Large Iced americano - 2.50",12.2,CARD,7467833009465691
23/07/2024 13:40,Leeds,Gabriela Ensing,"Regular Filter coffee - 1.50, Regular Filter coffee - 1.50",3.0,CARD,6156408205059619
23/07/2024 13:40,Leeds,Melinda Taylor,"Large Hot Chocolate - 1.70, Regular Hot Chocolate - 1.40",3.1,CARD,8942967828001668
23/07/2024 13:41,Leeds,Marlene Mercurio,Large Chai latte - 2.60,2.6,CASH,
23/07/2024 13:42,Leeds,Brenda Asmus,"Regular Iced americano - 2.15, Large Speciality Tea - English breakfast - 1.60, Large Speciality Tea - English breakfast - 1.60",5.35,CARD,5568494586023919
23/07/2024 13:43,Leeds,Richard Hiles,"Regular Iced americano - 2.15, Large Hot Chocolate - 1.70, Regular Hot Chocolate - 1.40, Regular Filter coffee - 1.50, Large Iced americano - 2.50",9.25,CASH,
23/07/2024 13:44,Leeds,Steven Jacobs,"Regular Hot Chocolate - 1.40, Large Speciality Tea - English breakfast - 1.60",3.0,CARD,5674835180665210
23/07/2024 13:45,Leeds,Thomas Caldwell,Regular Filter coffee - 1.50,1.5,CARD,4719274825521473
23/07/2024 13:45,Leeds,Ida Lara,Regular Hot Chocolate - 1.40,1.4,CARD,9221616946991868
23/07/2024 13:46,Leeds,David Wright,"Regular Chai latte - 2.30, Large Chai latte - 2.60",4.9,CARD,1045883712209617
23/07/2024 13:47,Leeds,John Brown,"Regular Iced americano - 2.15, Regular Hot Chocolate - 1.40, Large Filter coffee - 1.80, Large Speciality Tea - English breakfast - 1.60",6.95,CASH,
23/07/2024 13:48,Leeds,Edwin Sutherland,"Regular Hot Chocolate - 1.40, Large Filter coffee - 1.80, Large Hot Chocolate - 1.70",4.9,CASH,
23/07/2024 13:49,Leeds,Walter Pursley,"Large Filter coffee - 1.80, Regular Hot Chocolate - 1.40",3.2,CARD,3552997803502923
23/07/2024 13:50,Leeds,Cheryl Wahl,"Regular Speciality Tea - English breakfast - 1.30, Large Chai latte - 2.60, Large Chai latte - 2.60, Regular Hot Chocolate - 1.40, Large Speciality Tea - English breakfast - 1.60, Large Chai latte - 2.60",12.1,CASH,
23/07/2024 13:50,Leeds,Frank Rodriguez,"Regular Chai latte - 2.30, Large Speciality Tea - English breakfast - 1.60",3.9,CARD,5756956577683746
23/07/2024 13:51,Leeds,Krista Hubbell,"Regular Speciality Tea - English breakfast - 1.30, Regular Speciality Tea - English breakfast - 1.30, Large Chai latte - 2.60, Large Hot Chocolate - 1.70, Large Speciality Tea - English breakfast - 1.60, Large Speciality Tea - English breakfast - 1.60",10.1,CARD,5634293336478242
23/07/2024 13:52,Leeds,Patricia Strackbein,Large Speciality Tea - English breakfast - 1.60,1.6,CARD,9884755825108304
23/07/2024 13:53,Leeds,Jame Bishop,"Regular Filter coffee - 1.50, Large Hot Chocolate - 1.70",3.2,CARD,3987382141219954
23/07/2024 13:54,Leeds,Shirley Vidot,"Regular Chai latte - 2.30, Regular Filter coffee - 1.50",3.8,CARD,7174075854831388
23/07/2024 13:55,Leeds,Sandra Brayman,"Regular Hot Chocolate - 1.40, Regular Chai latte - 2.30, Regular Hot Chocolate - 1.40, Regular Speciality Tea - English breakfast - 1.30",6.4,CARD,4360798778871309
23/07/2024 13:55,Leeds,Megan Williams,"Large Chai latte - 2.60, Regular Speciality Tea - English breakfast - 1.30, Large Filter coffee - 1.80",5.7,CARD,8191466979672443
23/07/2024 13:56,Leeds,Patsy Nelson,"Large Filter coffee - 1.80, Regular Chai latte - 2.30, Large Speciality Tea - English breakfast - 1.60",5.7,CARD,1924161914215611
23/07/2024 13:57,Leeds,James Larson,"Regular Filter coffee - 1.50, Regular Hot Chocolate - 1.40, Large Hot Chocolate - 1.70",4.6,CARD,4705828459707518
23/07/2024 13:58,Leeds,Karen Darden,"Regular Iced americano - 2.15, Large Chai latte - 2.60, Regular Hot Chocolate - 1.40, Regular Speciality Tea - English breakfast - 1.30",7.45,CARD,9721484860512734
23/07/2024 13:59,Leeds,Connie Skerrett,"Large Speciality Tea - English breakfast - 1.60, Large Filter coffee - 1.80, Large Chai latte - 2.60, Regular Speciality Tea - English breakfast - 1.30",7.3,CARD,3995533263340392
23/07/2024 14:00,Leeds,Elizabeth Lindsay,"Regular Filter coffee - 1.50, Large Speciality Tea - English breakfast - 1.60, Regular Speciality Tea - English breakfast - 1.30, Regular Filter coffee - 1.50",5.9,CARD,1134210587859563
23/07/2024 14:01,Leeds,Sandra Morris,"Large Filter coffee - 1.80, Regular Speciality Tea - English breakfast - 1.30, Regular Chai latte - 2.30, Large Hot Chocolate - 1.70",7.1,CARD,1989894634099889
23/07/2024 14:02,Leeds,James Smith,"Large Speciality Tea - English breakfast - 1.60, Regular Filter coffee - 1.50",3.1,CARD,1462480374615270
23/07/2024 14:02,Leeds,Brandon Olson,"Regular Chai latte - 2.30, Large Hot Chocolate - 1.70, Large Speciality Tea - English breakfast - 1.60, Regular Filter coffee - 1.50, Large Filter coffee - 1.80",8.9,CARD,7216609535055173
23/07/2024 14:03,Leeds,Gilberte Doyle,"Regular Chai latte - 2.30, Regular Chai latte - 2.30, Regular Speciality Tea - English breakfast - 1.30",5.9,CARD,1301526400746029
23/07/2024 14:04,Leeds,James Brown,"Regular Iced americano - 2.15, Large Chai latte - 2.60, Regular Chai latte - 2.30",7.05,CASH,
23/07/2024 14:05,Leeds,Lucille Williams,"Large Chai latte - 2.60, Regular Filter coffee - 1.50",4.1,CARD,3432513244758722
23/07/2024 14:06,Leeds,Dawna Jensen,"Large Filter coffee - 1.80, Regular Hot Chocolate - 1.40",3.2,CARD,1910231937913095
23/07/2024 14:07,Leeds,Mildred Bolte,Large Filter coffee - 1.80,1.8,CARD,6622337307852129
23/07/2024 14:08,Leeds,Anthony Harris,Large Chai latte - 2.60,2.6,CARD,9447531000311351
23/07/2024 14:09,Leeds,Janet Murakami,"Regular Speciality Tea - English breakfast - 1.30, Regular Speciality Tea - English breakfast - 1.30",2.6,CASH,
23/07/2024 14:10,Leeds,Julia Powell,Large Chai latte - 2.60,2.6,CARD,7812530619603588
23/07/2024 14:11,Leeds,Jerry Rayl,Large Speciality Tea - English breakfast - 1.60,1.6,CARD,3873913989532613
23/07/2024 14:12,Leeds,Christine Santiago,"Regular Filter coffee - 1.50, Large Iced americano - 2.50",4.0,CARD,7529357322345611
23/07/2024 14:13,Leeds,Marie Buck,"Regular Iced americano - 2.15, Regular Chai latte - 2.30",4.45,CARD,6540441569180429
23/07/2024 14:14,Leeds,Ginger Pealer,"Regular Iced americano - 2.15, Large Speciality Tea - English breakfast - 1.60, Large Filter coffee - 1.80, Regular Chai latte - 2.30, Regular Chai latte - 2.30",10.15,CARD,1076413926015522
23/07/2024 14:15,Leeds,Joshua Madaras,Large Hot Chocolate - 1.70,1.7,CASH,
23/07/2024 14:16,Leeds,Caroline Beltran,"Regular Speciality Tea - English breakfast - 1.30, Large Chai latte - 2.60",3.9,CASH,
23/07/2024 14:17,Leeds,Terry Chiquito,Large Hot Chocolate - 1.70,1.7,CASH,
23/07/2024 14:18,Leeds,Randall Robinson,"Regular Chai latte - 2.30, Large Iced americano - 2.50, Regular Speciality Tea - English breakfast - 1.30, Regular Speciality Tea - English breakfast - 1.30",7.4,CASH,
23/07/2024 14:19,Leeds,Robert Bedgood,"Large Hot Chocolate - 1.70, Large Filter coffee - 1.80, Large Hot Chocolate - 1.70",5.2,CARD,5849235971020959
23/07/2024 14:20,Leeds,Craig Markes,"Large Filter coffee - 1.80, Large Speciality Tea - English breakfast - 1.60, Large Hot Chocolate - 1.70",5.1,CASH,
23/07/2024 14:21,Leeds,Dominic Boyle,Large Speciality Tea - English breakfast - 1.60,1.6,CARD,4235964811802403
23/07/2024 14:21,Leeds,Melina Antonio,"Large Chai latte - 2.60, Large Iced americano - 2.50, Large Iced americano - 2.50",7.6,CARD,7236571462192721
23/07/2024 14:22,Leeds,Minnie Rhodes,"Regular Speciality Tea - English breakfast - 1.30, Regular Iced americano - 2.15, Large Filter coffee - 1.80",5.25,CARD,4038843634039820
23/07/2024 14:23,Leeds,Carol Peterson,"Large Speciality Tea - English breakfast - 1.60, Large Filter coffee - 1.80, Large Chai latte - 2.60",6.0,CARD,6409248635509001
23/07/2024 14:24,Leeds,Larry Contos,"Regular Chai latte - 2.30, Large Filter coffee - 1.80, Regular Speciality Tea - English breakfast - 1.30",5.4,CASH,
23/07/2024 14:25,Leeds,Eva Jory,Regular Chai latte - 2.30,2.3,CASH,
23/07/2024 14:26,Leeds,Joseph Turner,Large Iced americano - 2.50,2.5,CASH,
23/07/2024 14:27,Leeds,Richard Aldrich,"Regular Filter coffee - 1.50, Regular Hot Chocolate - 1.40",2.9,CARD,8013194051190215
23/07/2024 14:28,Leeds,Kimberly Bowen,"Large Filter coffee - 1.80, Regular Speciality Tea - English breakfast - 1.30, Large Hot Chocolate - 1.70, Regular Chai latte - 2.30",7.1,CASH,
23/07/2024 14:29,Leeds,Lula Branson,Large Filter coffee - 1.80,1.8,CARD,5448710742859236
23/07/2024 14:30,Leeds,Gerard Casey,"Large Chai latte - 2.60, Large Filter coffee - 1.80, Large Iced americano - 2.50",6.9,CASH,
23/07/2024 14:31,Leeds,Stephen Foster,"Regular Chai latte - 2.30, Large Speciality Tea - English breakfast - 1.60, Regular Hot Chocolate - 1.40, Large Hot Chocolate - 1.70, Regular Filter coffee - 1.50, Regular Filter coffee - 1.50",10.0,CARD,6631441356212413
23/07/2024 14:32,Leeds,Pamela Moore,"Large Filter coffee - 1.80, Large Speciality Tea - English breakfast - 1.60",3.4,CARD,5704976727272468
23/07/2024 14:33,Leeds,Wesley Johnson,"Regular Chai latte - 2.30, Regular Iced americano - 2.15, Large Filter coffee - 1.80",6.25,CASH,
23/07/2024 14:34,Leeds,Jenna Clemons,Large Chai latte - 2.60,2.6,CARD,9409489812521408
23/07/2024 14:35,Leeds,Connie Compo,"Regular Iced americano - 2.15, Large Filter coffee - 1.80, Regular Hot Chocolate - 1.40",5.35,CASH,
23/07/2024 14:36,Leeds,Jeniffer Axtell,"Regular Hot Chocolate - 1.40, Regular Filter coffee - 1.50, Large Chai latte - 2.60, Large Filter coffee - 1.80, Large Filter coffee - 1.80",9.1,CARD,8804726395087430
23/07/2024 14:37,Leeds,Aaron Trevino,"Regular Speciality Tea - English breakfast - 1.30, Large Chai latte - 2.60, Regular Hot Chocolate - 1.40, Regular Chai latte - 2.30",7.6,CARD,9340043030149475
23/07/2024 14:38,Leeds,Emil Tolentino,"Regular Chai latte - 2.30, Large Iced americano - 2.50",4.8,CARD,5225455965774819
23/07/2024 14:39,Leeds,William Mayfield,"Large Chai latte - 2.60, Large Speciality Tea - English breakfast - 1.60",4.2,CARD,6629483511080167
23/07/2024 14:40,Leeds,Mike Williams,Large Filter coffee - 1.80,1.8,CARD,1262753562037836
23/07/2024 14:40,Leeds,Wendell Shockley,"Large Filter coffee - 1.80, Large Filter coffee - 1.80, Large Chai latte - 2.60, Regular Iced americano - 2.15, Large Filter coffee - 1.80",10.15,CARD,9512093627540243
23/07/2024 14:41,Leeds,Nelson Maxwell,"Large Hot Chocolate - 1.70, Large Speciality Tea - English breakfast - 1.60, Regular Chai latte - 2.30, Regular Hot Chocolate - 1.40, Large Chai latte - 2.60",9.6,CARD,6016626796383119
23/07/2024 14:42,Leeds,Brian Ratliff,Regular Hot Chocolate - 1.40,1.4,CARD,6865013489329186
23/07/2024 14:43,Leeds,Jesus Le,"Large Filter coffee - 1.80, Large Filter coffee - 1.80",3.6,CARD,1936320244646985
23/07/2024 14:44,Leeds,Joseph Niles,"Large Chai latte - 2.60, Regular Chai latte - 2.30, Regular Speciality Tea - English breakfast - 1.30, Large Filter coffee - 1.80, Regular Chai latte - 2.30, Large Filter coffee - 1.80",12.1,CARD,7238237297192376
23/07/2024 14:45,Leeds,Margery Harris,"Large Hot Chocolate - 1.70, Regular Hot Chocolate - 1.40, Large Filter coffee - 1.80, Large Speciality Tea - English breakfast - 1.60, Regular Iced americano - 2.15",8.65,CASH,
23/07/2024 14:46,Leeds,Vickie Jackson,"Regular Hot Chocolate - 1.40, Large Iced americano - 2.50, Large Filter coffee - 1.80",5.7,CASH,
23/07/2024 14:47,Leeds,Eric Slater,Regular Iced americano - 2.15,2.15,CARD,6295355406025540
23/07/2024 14:48,Leeds,Shirley Goguen,"Large Iced americano - 2.50, Regular Speciality Tea - English breakfast - 1.30",3.8,CARD,4126530723554111
23/07/2024 14:49,Leeds,William Williams,"Large Filter coffee - 1.80, Large Filter coffee - 1.80, Regular Iced americano - 2.15, Regular Hot Chocolate - 1.40",7.15,CARD,7811737469628737
23/07/2024 14:50,Leeds,William Bailey,"Regular Filter coffee - 1.50, Regular Hot Chocolate - 1.40",2.9,CARD,5782848567614922
23/07/2024 14:51,Leeds,Victoria Tullar,"Large Speciality Tea - English breakfast - 1.60, Large Iced americano - 2.50, Large Filter coffee - 1.80",5.9,CARD,8874374973984286
23/07/2024 14:52,Leeds,Deborah Winton,Large Hot Chocolate - 1.70,1.7,CARD,6332563690357605
23/07/2024 14:53,Leeds,Jamie Gibson,"Regular Filter coffee - 1.50, Large Chai latte - 2.60, Regular Speciality Tea - English breakfast - 1.30, Large Chai latte - 2.60",8.0,CARD,7752314907444133
23/07/2024 14:54,Leeds,Crystal Warren,"Regular Filter coffee - 1.50, Large Speciality Tea - English breakfast - 1.60, Large Speciality Tea - English breakfast - 1.60",4.7,CARD,2103058953792943
23/07/2024 14:55,Leeds,Willard Craig,"Large Hot Chocolate - 1.70, Regular Chai latte - 2.30",4.0,CARD,3595877885146777
23/07/2024 14:56,Leeds,James Matthews,"Large Speciality Tea - English breakfast - 1.60, Large Chai latte - 2.60, Regular Iced americano - 2.15, Regular Iced americano - 2.15, Large Hot Chocolate - 1.70, Large Iced americano - 2.50",12.7,CARD,4936458771114516
23/07/2024 14:57,Leeds,Steven Ching,"Large Chai latte - 2.60, Regular Hot Chocolate - 1.40, Large Filter coffee - 1.80, Regular Speciality Tea - English breakfast - 1.30",7.1,CARD,6626095685032410
23/07/2024 14:58,Leeds,Gilbert Clarno,"Large Filter coffee - 1.80, Regular Chai latte - 2.30",4.1,CARD,3673338937482486
23/07/2024 14:59,Leeds,Donna Robichaux,"Large Speciality Tea - English breakfast - 1.60, Large Filter coffee - 1.80, Large Filter coffee - 1.80, Regular Filter coffee - 1.50",6.7,CARD,9339401774383344
23/07/2024 14:59,Leeds,Roxanne Alger,"Large Iced americano - 2.50, Large Filter coffee - 1.80, Regular Chai latte - 2.30, Regular Chai latte - 2.30, Large Speciality Tea - English breakfast - 1.60, Large Chai latte - 2.60",13.1,CARD,5646697741231704
23/07/2024 15:00,Leeds,Joseph Ingram,"Regular Hot Chocolate - 1.40, Large Chai latte - 2.60",4.0,CARD,7698796382207916
23/07/2024 15:01,Leeds,Maya Sands,"Regular Chai latte - 2.30, Regular Speciality Tea - English breakfast - 1.30, Large Speciality Tea - English breakfast - 1.60",5.2,CASH,
23/07/2024 15:02,Leeds,Juana Dalbec,Regular Hot Chocolate - 1.40,1.4,CARD,7990803998796574
23/07/2024 15:03,Leeds,Jamaal Caudill,"Regular Filter coffee - 1.50, Regular Speciality Tea - English breakfast - 1.30, Large Chai latte - 2.60",5.4,CARD,6678684602133858
23/07/2024 15:04,Leeds,Ollie Jordan,Large Hot Chocolate - 1.70,1.7,CARD,6141021406520931
23/07/2024 15:05,Leeds,Aaron Starnes,"Large Chai latte - 2.60, Regular Speciality Tea - English breakfast - 1.30, Large Filter coffee - 1.80",5.7,CASH,
23/07/2024 15:06,Leeds,Darrell Altman,"Large Chai latte - 2.60, Large Filter coffee - 1.80",4.4,CARD,2700173129979892
23/07/2024 15:07,Leeds,Debra Plourd,"Large Filter coffee - 1.80, Large Chai latte - 2.60, Large Filter coffee - 1.80",6.2,CARD,2974139800128030
23/07/2024 15:07,Leeds,Adrian Sees,"Large Hot Chocolate - 1.70, Regular Chai latte - 2.30",4.0,CARD,7905181177510595
23/07/2024 15:08,Leeds,Shirley Forney,"Large Iced americano - 2.50, Large Chai latte - 2.60",5.1,CASH,
23/07/2024 15:09,Leeds,Herschel Young,"Large Iced americano - 2.50, Large Hot Chocolate - 1.70, Regular Chai latte - 2.30, Large Hot Chocolate - 1.70, Regular Filter coffee - 1.50",9.7,CASH,
23/07/2024 15:10,Leeds,Donna Thomas,"Large Chai latte - 2.60, Regular Speciality Tea - English breakfast - 1.30, Regular Hot Chocolate - 1.40",5.3,CARD,5662939189563255
23/07/2024 15:11,Leeds,Cynthia Wright,"Large Chai latte - 2.60, Regular Filter coffee - 1.50",4.1,CARD,9741055359939303
23/07/2024 15:12,Leeds,Virginia Gleason,Regular Speciality Tea - English breakfast - 1.30,1.3,CARD,1760739937342376
23/07/2024 15:13,Leeds,Sondra Dyer,"Regular Chai latte - 2.30, Regular Hot Chocolate - 1.40, Large Hot Chocolate - 1.70, Regular Iced americano - 2.15, Large Hot Chocolate - 1.70, Large Iced americano - 2.50",11.75,CASH,
23/07/2024 15:14,Leeds,Debbie Bresler,"Large Chai latte - 2.60, Large Chai latte - 2.60, Regular Filter coffee - 1.50",6.7,CARD,8720051968989666
23/07/2024 15:14,Leeds,Yolanda Apodaca,"Large Chai latte - 2.60, Regular Filter coffee - 1.50, Large Chai latte - 2.60",6.7,CASH,
23/07/2024 15:15,Leeds,Deborah Criss,"Large Speciality Tea - English breakfast - 1.60, Regular Hot Chocolate - 1.40",3.0,CARD,7107076689969610
23/07/2024 15:16,Leeds,Edwardo Lee,"Regular Chai latte - 2.30, Large Speciality Tea - English breakfast - 1.60, Regular Chai latte - 2.30",6.2,CARD,2393517934950158
23/07/2024 15:17,Leeds,Kristen Kelley,Regular Filter coffee - 1.50,1.5,CARD,6610214892903979
23/07/2024 15:18,Leeds,Rodger Busch,Large Chai latte - 2.60,2.6,CARD,2025809329599135
23/07/2024 15:19,Leeds,Daniel Hayes,"Regular Filter coffee - 1.50, Regular Chai latte - 2.30",3.8,CARD,6381862059870238
23/07/2024 15:20,Leeds,William Witherspoon,"Regular Filter coffee - 1.50, Regular Speciality Tea - English breakfast - 1.30, Regular Iced americano - 2.15",4.95,CARD,5476950459357880
23/07/2024 15:21,Leeds,John Middleton,"Large Chai latte - 2.60, Large Speciality Tea - English breakfast - 1.60, Large Filter coffee - 1.80",6.0,CASH,
23/07/2024 15:21,Leeds,Richard Stone,"Large Chai latte - 2.60, Regular Filter coffee - 1.50",4.1,CARD,6022554636783367
23/07/2024 15:22,Leeds,Jennifer Legge,"Regular Hot Chocolate - 1.40, Regular Filter coffee - 1.50, Large Chai latte - 2.60",5.5,CARD,9285101224710177
23/07/2024 15:23,Leeds,Ahmad Doleman,"Large Filter coffee - 1.80, Regular Iced americano - 2.15, Large Chai latte - 2.60",6.55,CASH,
23/07/2024 15:24,Leeds,Helen Espinoza,Large Speciality Tea - English breakfast - 1.60,1.6,CASH,
23/07/2024 15:25,Leeds,Richard Denmon,"Large Filter coffee - 1.80, Regular Chai latte - 2.30, Large Filter coffee - 1.80, Regular Filter coffee - 1.50",7.4,CASH,
23/07/2024 15:26,Leeds,Carma Herrara,"Regular Iced americano - 2.15, Regular Iced americano - 2.15, Regular Iced americano - 2.15, Large Hot Chocolate - 1.70",8.15,CARD,9308493706570247
23/07/2024 15:27,Leeds,Jane Wayne,Large Speciality Tea - English breakfast - 1.60,1.6,CARD,5508829622300254
23/07/2024 15:28,Leeds,Patrick Jones,"Large Filter coffee - 1.80, Large Chai latte - 2.60, Regular Speciality Tea - English breakfast - 1.30, Regular Chai latte - 2.30",8.0,CASH,
23/07/2024 15:28,Leeds,Annette Wilson,"Large Chai latte - 2.60, Large Filter coffee - 1.80",4.4,CASH,
23/07/2024 15:29,Leeds,Linda Nery,"Large Filter coffee - 1.80, Large Filter coffee - 1.80",3.6,CARD,1534756388753209
23/07/2024 15:30,Leeds,Sandra Castro,Regular Filter coffee - 1.50,1.5,CARD,9762420788179302
23/07/2024 15:31,Leeds,George Lyons,"Regular Speciality Tea - English breakfast - 1.30, Regular Iced americano - 2.15, Regular Filter coffee - 1.50, Regular Iced americano - 2.15",7.1,CARD,4164491602532586
23/07/2024 15:32,Leeds,Julia Frey,"Large Chai latte - 2.60, Large Filter coffee - 1.80",4.4,CASH,
23/07/2024 15:33,Leeds,Adam Dunsford,"Regular Iced americano - 2.15, Regular Hot Chocolate - 1.40, Regular Chai latte - 2.30, Large Speciality Tea - English breakfast - 1.60",7.45,CARD,3069074184741630
23/07/2024 15:34,Leeds,Lenard Shoemaker,"Regular Hot Chocolate - 1.40, Large Speciality Tea - English breakfast - 1.60, Regular Speciality Tea - English breakfast - 1.30",4.3,CARD,8283314156833567
23/07/2024 15:35,Leeds,Brandon Wright,"Large Iced americano - 2.50, Large Speciality Tea - English breakfast - 1.60, Regular Filter coffee - 1.50, Large Speciality Tea - English breakfast - 1.60",7.2,CARD,1979471270901716
23/07/2024 15:36,Leeds,Jose Wilson,"Large Speciality Tea - English breakfast - 1.60, Large Chai latte - 2.60, Large Filter coffee - 1.80",6.0,CASH,
23/07/2024 15:36,Leeds,Dale Lerner,"Large Chai latte - 2.60, Large Speciality Tea - English breakfast - 1.60, Large Filter coffee - 1.80",6.0,CARD,2659327293014420
23/07/2024 15:37,Leeds,Thomas Obrien,"Large Chai latte - 2.60, Regular Iced americano - 2.15, Large Speciality Tea - English breakfast - 1.60",6.35,CARD,1400844329129379
23/07/2024 15:38,Leeds,Nancy Karban,"Large Iced americano - 2.50, Large Speciality Tea - English breakfast - 1.60, Regular Speciality Tea - English breakfast - 1.30, Large Filter coffee - 1.80, Large Iced americano - 2.50, Large Chai latte - 2.60",12.3,CARD,9648728947166591
23/07/2024 15:39,Leeds,Owen Cruce,Large Filter coffee - 1.80,1.8,CARD,5196037431710609
23/07/2024 15:40,Leeds,Jamie Dean,"Regular Iced americano - 2.15, Regular Hot Chocolate - 1.40",3.55,CARD,5534295246781331
23/07/2024 15:41,Leeds,Jillian Miesch,"Large Filter coffee - 1.80, Large Filter coffee - 1.80",3.6,CARD,8999939517932054
23/07/2024 15:42,Leeds,Amanda Mcclung,"Large Iced americano - 2.50, Regular Iced americano - 2.15",4.65,CASH,
23/07/2024 15:43,Leeds,Arlene Whitney,Large Hot Chocolate - 1.70,1.7,CARD,4115805731313938
23/07/2024 15:43,Leeds,George Woodrow,"Regular Chai latte - 2.30, Large Chai latte - 2.60, Large Speciality Tea - English breakfast - 1.60, Large Filter coffee - 1.80",8.3,CARD,9041021566422007
23/07/2024 15:44,Leeds,Michael Johnson,"Regular Speciality Tea - English breakfast - 1.30, Large Speciality Tea - English breakfast - 1.60, Regular Hot Chocolate - 1.40, Large Hot Chocolate - 1.70",6.0,CARD,4691057628556120
23/07/2024 15:45,Leeds,John Preston,Regular Iced americano - 2.15,2.15,CARD,6009321213043435
23/07/2024 15:46,Leeds,Helen Weaver,"Large Chai latte - 2.60, Regular Hot Chocolate - 1.40, Regular Hot Chocolate - 1.40, Regular Chai latte - 2.30",7.7,CARD,2790267476049454
23/07/2024 15:47,Leeds,Ronald Turso,"Large Filter coffee - 1.80, Large Chai latte - 2.60",4.4,CARD,2353273666266032
23/07/2024 15:48,Leeds,Domenica Ray,Regular Filter coffee - 1.50,1.5,CARD,1887046777524706
23/07/2024 15:49,Leeds,Janette Kochanski,Regular Filter coffee - 1.50,1.5,CASH,
23/07/2024 15:50,Leeds,Kathleen Dupre,"Regular Chai latte - 2.30, Large Filter coffee - 1.80, Large Iced americano - 2.50, Large Hot Chocolate - 1.70",8.3,CARD,9567313071828531
23/07/2024 15:50,Leeds,George Nash,"Regular Chai latte - 2.30, Regular Speciality Tea - English breakfast - 1.30",3.6,CARD,2495108303238511
23/07/2024 15:51,Leeds,Nancy Mottillo,"Large Filter coffee - 1.80, Large Hot Chocolate - 1.70, Regular Iced americano - 2.15, Large Speciality Tea - English breakfast - 1.60, Regular Speciality Tea - English breakfast - 1.30",8.55,CARD,2396086706728053
23/07/2024 15:52,Leeds,Kelvin Wagner,Large Speciality Tea - English breakfast - 1.60,1.6,CARD,4900439077012034
23/07/2024 15:53,Leeds,Charles Haines,"Regular Chai latte - 2.30, Regular Filter coffee - 1.50",3.8,CARD,8851738803910001
23/07/2024 15:54,Leeds,Douglas Weaver,"Large Iced americano - 2.50, Large Iced americano - 2.50, Large Chai latte - 2.60, Regular Speciality Tea - English breakfast - 1.30",8.9,CARD,6632482058362062
23/07/2024 15:55,Leeds,Lester Kreutzer,Large Hot Chocolate - 1.70,1.7,CARD,4042345684883906
23/07/2024 15:56,Leeds,Linda Messer,Regular Filter coffee - 1.50,1.5,CARD,8509104379792903
23/07/2024 15:57,Leeds,Willie Pardue,"Large Chai latte - 2.60, Large Filter coffee - 1.80, Large Chai latte - 2.60",7.0,CASH,
23/07/2024 15:58,Leeds,Theresa Lamm,Regular Filter coffee - 1.50,1.5,CASH,
23/07/2024 15:58,Leeds,Mike Martin,"Large Filter coffee - 1.80, Regular Speciality Tea - English breakfast - 1.30",3.1,CARD,4369362185676449
23/07/2024 15:59,Leeds,Daniel Carroll,Large Speciality Tea - English breakfast - 1.60,1.6,CARD,9721443135003389
23/07/2024 16:00,Leeds,Kenneth Bowen,"Large Chai latte - 2.60, Regular Filter coffee - 1.50, Regular Filter coffee - 1.50, Large Iced americano - 2.50",8.1,CARD,7678371111991615
23/07/2024 16:02,Leeds,Glenna Derosa,"Regular Speciality Tea - English breakfast - 1.30, Regular Chai latte - 2.30",3.6,CARD,5238290474973053
23/07/2024 16:04,Leeds,Jennifer Woods,"Regular Chai latte - 2.30, Regular Hot Chocolate - 1.40, Large Chai latte - 2.60, Large Speciality Tea - English breakfast - 1.60",7.9,CARD,5202600400550492
23/07/2024 16:05,Leeds,Cynthia Sohre,Regular Speciality Tea - English breakfast - 1.30,1.3,CASH,
23/07/2024 16:07,Leeds,Thomas Byrne,"Regular Hot Chocolate - 1.40, Large Speciality Tea - English breakfast - 1.60, Large Filter coffee - 1.80, Regular Iced americano - 2.15, Regular Hot Chocolate - 1.40",8.35,CARD,3754588897252972
23/07/2024 16:09,Leeds,Pauline Boris,"Large Filter coffee - 1.80, Large Filter coffee - 1.80, Large Hot Chocolate - 1.70",5.3,CASH,
23/07/2024 16:11,Leeds,Carlos Hollingsworth,Regular Chai latte - 2.30,2.3,CARD,7186181599420637
23/07/2024 16:12,Leeds,Gabriel Lutz,"Regular Iced americano - 2.15, Large Filter coffee - 1.80, Large Speciality Tea - English breakfast - 1.60, Regular Speciality Tea - English breakfast - 1.30, Regular Chai latte - 2.30, Regular Filter coffee - 1.50",10.65,CASH,
23/07/2024 16:14,Leeds,Lucille Martin,"Regular Filter coffee - 1.50, Large Filter coffee - 1.80, Large Filter coffee - 1.80",5.1,CASH,
23/07/2024 16:16,Leeds,Joan Lewis,"Large Chai latte - 2.60, Regular Chai latte - 2.30, Large Filter coffee - 1.80, Large Filter coffee - 1.80, Regular Hot Chocolate - 1.40",9.9,CASH,
23/07/2024 16:18,Leeds,Ivan Hendricks,Large Iced americano - 2.50,2.5,CARD,3965638964794028
23/07/2024 16:19,Leeds,Diane Arispe,"Regular Chai latte - 2.30, Regular Iced americano - 2.15, Large Speciality Tea - English breakfast - 1.60",6.05,CARD,1230885476233344
23/07/2024 16:21,Leeds,Janet Mcmorris,"Regular Filter coffee - 1.50, Large Hot Chocolate - 1.70",3.2,CARD,2650875810376915
23/07/2024 16:23,Leeds,Jeffrey Lambert,Large Hot Chocolate - 1.70,1.7,CASH,
23/07/2024 16:25,Leeds,Lance Howard,Large Hot Chocolate - 1.70,1.7,CARD,3688338624386842
23/07/2024 16:27,Leeds,Anna Smith,Regular Chai latte - 2.30,2.3,CARD,5225891249903716
23/07/2024 16:28,Leeds,Steven Roberts,"Large Hot Chocolate - 1.70, Regular Filter coffee - 1.50, Large Iced americano - 2.50, Large Hot Chocolate - 1.70, Regular Filter coffee - 1.50",8.9,CARD,9296918218264349
23/07/2024 16:30,Leeds,Dustin Obryan,"Regular Iced americano - 2.15, Regular Chai latte - 2.30, Large Chai latte - 2.60, Large Speciality Tea - English breakfast - 1.60, Regular Filter coffee - 1.50",10.15,CASH,
23/07/2024 16:32,Leeds,Maxine Davison,"Large Speciality Tea - English breakfast - 1.60, Large Filter coffee - 1.80",3.4,CARD,1038076302719017
23/07/2024 16:34,Leeds,Irene Jendras,"Regular Chai latte - 2.30, Regular Hot Chocolate - 1.40, Large Hot Chocolate - 1.70",5.4,CARD,3904108504449418
23/07/2024 16:35,Leeds,Jennifer Jeffcoat,"Large Filter coffee - 1.80, Large Hot Chocolate - 1.70",3.5,CASH,
23/07/2024 16:37,Leeds,Jimmy King,"Regular Filter coffee - 1.50, Large Filter coffee - 1.80, Large Chai latte - 2.60, Large Iced americano - 2.50",8.4,CASH,
23/07/2024 16:39,Leeds,Amy Crary,"Large Speciality Tea - English breakfast - 1.60, Large Iced americano - 2.50, Large Chai latte - 2.60, Regular Chai latte - 2.30, Large Iced americano - 2.50",11.5,CARD,1787537585423123
23/07/2024 16:41,Leeds,Julie Marsh,"Large Iced americano - 2.50, Regular Filter coffee - 1.50",4.0,CARD,6549197742597887
23/07/2024 16:42,Leeds,Dottie Hill,"Large Filter coffee - 1.80, Regular Chai latte - 2.30",4.1,CARD,4140259822743714
23/07/2024 16:44,Leeds,Rachel Miller,"Large Filter coffee - 1.80, Large Iced americano - 2.50, Regular Iced americano - 2.15, Regular Filter coffee - 1.50, Large Iced americano - 2.50",10.45,CARD,7560502334518515
23/07/2024 16:46,Leeds,David Carpenter,Regular Hot Chocolate - 1.40,1.4,CARD,5397146727576229
23/07/2024 16:48,Leeds,Glenda Livingston,"Large Filter coffee - 1.80, Large Chai latte - 2.60, Large Speciality Tea - English breakfast - 1.60",6.0,CASH,
23/07/2024 16:49,Leeds,Tony Harmon,"Regular Speciality Tea - English breakfast - 1.30, Regular Chai latte - 2.30, Regular Speciality Tea - English breakfast - 1.30, Large Chai latte - 2.60",7.5,CASH,
23/07/2024 16:51,Leeds,William Samons,"Regular Chai latte - 2.30, Regular Filter coffee - 1.50",3.8,CASH,
23/07/2024 16:53,Leeds,John Forbes,"Regular Speciality Tea - English breakfast - 1.30, Large Speciality Tea - English breakfast - 1.60, Large Chai latte - 2.60",5.5,CASH,
23/07/2024 16:55,Leeds,Mario Mccleary,"Regular Iced americano - 2.15, Regular Chai latte - 2.30, Large Iced americano - 2.50, Large Iced americano - 2.50, Regular Iced americano - 2.15, Regular Iced americano - 2.15",13.75,CASH,
23/07/2024 16:56,Leeds,Stacy Wheeler,"Regular Chai latte - 2.30, Regular Filter coffee - 1.50",3.8,CASH,
23/07/2024 16:58,Leeds,David Brill,"Large Speciality Tea - English breakfast - 1.60, Regular Iced americano - 2.15",3.75,CARD,7097110952880618
