23/07/2024 09:00,London Camden,Helen Tiffany,Large Flavoured latte - Vanilla - 2.85,2.85,CARD,5965914271828252
23/07/2024 09:02,London Camden,Carolyn Thomas,"Large Flavoured hot chocolate - Vanilla - 2.90, Large Chai latte - 2.60, Large Flavoured hot chocolate - Hazelnut - 2.90, Regular Luxury hot chocolate - 2.40, Regular Flavoured latte - Vanilla - 2.55",13.35,CARD,8745760897212688
23/07/2024 09:05,London Camden,Steven Hammond,"Regular Luxury hot chocolate - 2.40, Large Luxury hot chocolate - 2.70, Large Flavoured hot chocolate - Vanilla - 2.90, Large Luxury hot chocolate - 2.70",10.7,CARD,2825885625877701
23/07/2024 09:08,London Camden,Lucille Connell,Regular Speciality Tea - Peppermint - 1.30,1.3,CASH,
23/07/2024 09:10,London Camden,Claire Walker,Large Iced latte - 2.85,2.85,CARD,2252537597901031
23/07/2024 09:13,London Camden,Katherine Drath,"Large Luxury hot chocolate - 2.70, Regular Chai latte - 2.30",5.0,CARD,8523937190300253
23/07/2024 09:16,London Camden,Yvonne Hill,Regular Speciality Tea - Peppermint - 1.30,1.3,CARD,3876590339796993
23/07/2024 09:19,London Camden,Curt Barretta,"Large Hot chocolate - 2.90, Large Luxury hot chocolate - 2.70, Large Flavoured latte - Vanilla - 2.85",8.45,CASH,
23/07/2024 09:21,London Camden,George Wickstrom,"Large Speciality Tea - Peppermint - 1.60, Large Flavoured hot chocolate - Hazelnut - 2.90, Regular Flavoured latte - Vanilla - 2.55",7.05,CARD,5750105784831504
23/07/2024 09:24,London Camden,Heather Stevens,Regular Hot chocolate - 2.20,2.2,CARD,7257321212610669
23/07/2024 09:27,London Camden,Christine Gann,"Regular Flavoured hot chocolate - Vanilla - 2.60, Regular Luxury hot chocolate - 2.40, Regular Speciality Tea - Peppermint - 1.30",6.3,CARD,7289583639284720
23/07/2024 09:29,London Camden,Brandi Poole,"Regular Speciality Tea - Peppermint - 1.30, Regular Speciality Tea - Peppermint - 1.30, Large Speciality Tea - Peppermint - 1.60, Large Luxury hot chocolate - 2.70",6.9,CASH,
23/07/2024 09:32,London Camden,Paul Porter,Regular Flavoured hot chocolate - Hazelnut - 2.60,2.6,CASH,
23/07/2024 09:35,London Camden,Ellie Lauseng,"Large Iced latte - 2.85, Large Speciality Tea - Peppermint - 1.60, Large Speciality Tea - Peppermint - 1.60, Regular Flavoured hot chocolate - Vanilla - 2.60, Regular Hot chocolate - 2.20",10.85,CASH,
23/07/2024 09:38,London Camden,Ida Yoshizumi,"Regular Speciality Tea - Peppermint - 1.30, Large Iced latte - 2.85, Large Flavoured hot chocolate - Vanilla - 2.90, Large Chai latte - 2.60, Large Hot chocolate - 2.90",12.55,CASH,
23/07/2024 09:40,London Camden,Robin Ingle,Large Luxury hot chocolate - 2.70,2.7,CARD,4292889058377602
23/07/2024 09:43,London Camden,Judy Shirley,"Large Flavoured latte - Vanilla - 2.85, Large Luxury hot chocolate - 2.70, Regular Flavoured hot chocolate - Hazelnut - 2.60, Regular Speciality Tea - Peppermint - 1.30",9.45,CARD,9189679233612169
23/07/2024 09:46,London Camden,David Livesay,"Large Hot chocolate - 2.90, Large Speciality Tea - Peppermint - 1.60, Regular Chai latte - 2.30, Large Chai latte - 2.60, Regular Speciality Tea - Peppermint - 1.30, Regular Speciality Tea - Peppermint - 1.30",12.0,CARD,4800530753187631
23/07/2024 09:48,London Camden,Grace Blake,"Regular Speciality Tea - Peppermint - 1.30, Regular Flavoured hot chocolate - Vanilla - 2.60, Regular Flavoured hot chocolate - Hazelnut - 2.60",6.5,CASH,
23/07/2024 09:51,London Camden,Dustin Reed,"Large Speciality Tea - Peppermint - 1.60, Regular Flavoured hot chocolate - Vanilla - 2.60, Regular Flavoured hot chocolate - Vanilla - 2.60, Regular Speciality Tea - Peppermint - 1.30, Large Luxury hot chocolate - 2.70",10.8,CARD,8720363677510706
23/07/2024 09:54,London Camden,Etta Scott,"Large Luxury hot chocolate - 2.70, Large Flavoured hot chocolate - Vanilla - 2.90",5.6,CASH,
23/07/2024 09:57,London Camden,Deloris Dixon,"Regular Flavoured latte - Vanilla - 2.55, Large Hot chocolate - 2.90",5.45,CARD,2899728828698355
23/07/2024 09:59,London Camden,Iva King,Regular Flavoured hot chocolate - Hazelnut - 2.60,2.6,CASH,
23/07/2024 10:02,London Camden,Virginia Pederson,"Large Speciality Tea - Peppermint - 1.60, Large Iced latte - 2.85, Large Iced latte - 2.85",7.3,CARD,4917616024794277
23/07/2024 10:04,London Camden,Maria Hickman,"Regular Flavoured latte - Vanilla - 2.55, Regular Flavoured hot chocolate - Hazelnut - 2.60, Large Luxury hot chocolate - 2.70",7.85,CARD,6213912137439762
23/07/2024 10:06,London Camden,Byron Shrout,"Large Luxury hot chocolate - 2.70, Regular Flavoured latte - Vanilla - 2.55, Large Flavoured hot chocolate - Vanilla - 2.90",8.15,CARD,4450501914592359
23/07/2024 10:09,London Camden,Dana Smith,"Large Hot chocolate - 2.90, Large Hot chocolate - 2.90, Regular Flavoured latte - Vanilla - 2.55, Regular Flavoured hot chocolate - Vanilla - 2.60",10.95,CARD,4588691788939985
23/07/2024 10:11,London Camden,John Melgar,"Regular Iced latte - 2.35, Regular Luxury hot chocolate - 2.40, Regular Flavoured hot chocolate - Hazelnut - 2.60, Large Iced latte - 2.85, Large Hot chocolate - 2.90",13.1,CASH,
23/07/2024 10:13,London Camden,Robert Brown,Large Flavoured latte - Vanilla - 2.85,2.85,CARD,2516725133774464
23/07/2024 10:15,London Camden,Clara Chalfant,"Regular Speciality Tea - Peppermint - 1.30, Large Flavoured hot chocolate - Vanilla - 2.90, Regular Flavoured latte - Vanilla - 2.55",6.75,CARD,9417576483812622
23/07/2024 10:18,London Camden,Roy Smith,"Regular Flavoured latte - Vanilla - 2.55, Large Flavoured hot chocolate - Vanilla - 2.90, Large Flavoured hot chocolate - Vanilla - 2.90, Regular Flavoured hot chocolate - Hazelnut - 2.60",10.95,CARD,4567339431835731
23/07/2024 10:20,London Camden,William Abney,Large Luxury hot chocolate - 2.70,2.7,CASH,
23/07/2024 10:22,London Camden,Flora Cassidy,"Large Flavoured hot chocolate - Vanilla - 2.90, Regular Flavoured latte - Vanilla - 2.55, Regular Iced latte - 2.35, Large Flavoured latte - Vanilla - 2.85, Regular Iced latte - 2.35, Regular Chai latte - 2.30",15.3,CASH,
23/07/2024 10:24,London Camden,Donald Pollock,"Large Iced latte - 2.85, Large Flavoured latte - Vanilla - 2.85",5.7,CARD,8511505360975423
23/07/2024 10:26,London Camden,Peggy Newman,"Regular Speciality Tea - Peppermint - 1.30, Regular Flavoured hot chocolate - Vanilla - 2.60",3.9,CARD,4415482895952733
23/07/2024 10:29,London Camden,Joyce Ortega,"Large Flavoured hot chocolate - Vanilla - 2.90, Regular Speciality Tea - Peppermint - 1.30",4.2,CARD,2515517351875272
23/07/2024 10:31,London Camden,Alexander Cupps,"Large Flavoured hot chocolate - Hazelnut - 2.90, Regular Flavoured hot chocolate - Vanilla - 2.60",5.5,CARD,7884151036593598
23/07/2024 10:33,London Camden,Susan Lindsey,"Regular Speciality Tea - Peppermint - 1.30, Regular Flavoured hot chocolate - Hazelnut - 2.60, Large Chai latte - 2.60, Large Flavoured hot chocolate - Hazelnut - 2.90, Regular Flavoured latte - Vanilla - 2.55",11.95,CASH,
23/07/2024 10:35,London Camden,Gregory Crawford,Large Iced latte - 2.85,2.85,CARD,8232693547993335
23/07/2024 10:37,London Camden,Eldon Biglin,"Regular Iced latte - 2.35, Large Hot chocolate - 2.90, Regular Hot chocolate - 2.20, Regular Flavoured hot chocolate - Vanilla - 2.60, Large Hot chocolate - 2.90",12.95,CARD,8476128672960915
23/07/2024 10:40,London Camden,Linda Watson,"Regular Flavoured latte - Vanilla - 2.55, Large Chai latte - 2.60, Regular Chai latte - 2.30, Large Flavoured hot chocolate - Vanilla - 2.90, Large Flavoured latte - Vanilla - 2.85, Regular Flavoured latte - Vanilla - 2.55",15.75,CARD,6836497364565242
23/07/2024 10:42,London Camden,Robert Boren,"Regular Hot chocolate - 2.20, Regular Flavoured hot chocolate - Hazelnut - 2.60, Large Speciality Tea - Peppermint - 1.60, Large Chai latte - 2.60, Regular Speciality Tea - Peppermint - 1.30, Large Iced latte - 2.85",13.15,CARD,1597629376113503
23/07/2024 10:44,London Camden,Valerie Smith,"Regular Iced latte - 2.35, Large Flavoured latte - Vanilla - 2.85, Regular Iced latte - 2.35",7.55,CASH,
23/07/2024 10:46,London Camden,Ralph Johns,"Large Hot chocolate - 2.90, Regular Hot chocolate - 2.20",5.1,CARD,1293669246108767
23/07/2024 10:49,London Camden,Patricia Soucier,"Regular Hot chocolate - 2.20, Regular Hot chocolate - 2.20, Regular Chai latte - 2.30",6.7,CARD,5809274101494943
23/07/2024 10:51,London Camden,Eddie Watson,Regular Speciality Tea - Peppermint - 1.30,1.3,CARD,5118059113909684
23/07/2024 10:53,London Camden,Richard Cox,"Large Flavoured latte - Vanilla - 2.85, Large Speciality Tea - Peppermint - 1.60, Large Chai latte - 2.60",7.05,CARD,2520828978590888
23/07/2024 10:55,London Camden,Sarah Pritchett,"Large Luxury hot chocolate - 2.70, Large Luxury hot chocolate - 2.70",5.4,CARD,7562948225188735
23/07/2024 10:57,London Camden,Michael Parker,"Large Flavoured hot chocolate - Hazelnut - 2.90, Large Iced latte - 2.85, Regular Flavoured latte - Vanilla - 2.55, Regular Speciality Tea - Peppermint - 1.30",9.6,CASH,
23/07/2024 11:00,London Camden,Thomas Overton,Large Flavoured latte - Vanilla - 2.85,2.85,CASH,
23/07/2024 11:02,London Camden,Roman Clanton,"Regular Flavoured latte - Vanilla - 2.55, Regular Flavoured hot chocolate - Vanilla - 2.60, Large Chai latte - 2.60, Regular Speciality Tea - Peppermint - 1.30, Large Luxury hot chocolate - 2.70",11.75,CARD,2138684529639429
23/07/2024 11:05,London Camden,Wendy Grass,Large Hot chocolate - 2.90,2.9,CARD,6371671193865856
23/07/2024 11:07,London Camden,Bernardo Craig,Large Flavoured hot chocolate - Vanilla - 2.90,2.9,CARD,7956106375803512
23/07/2024 11:10,London Camden,Erika Johnson,"Large Speciality Tea - Peppermint - 1.60, Regular Speciality Tea - Peppermint - 1.30, Regular Iced latte - 2.35",5.25,CASH,
23/07/2024 11:12,London Camden,Mark Walter,Large Flavoured latte - Vanilla - 2.85,2.85,CASH,
23/07/2024 11:15,London Camden,Henriette Moulton,Regular Speciality Tea - Peppermint - 1.30,1.3,CARD,8953437461086244
23/07/2024 11:17,London Camden,Emmett Rivera,"Large Flavoured hot chocolate - Hazelnut - 2.90, Large Speciality Tea - Peppermint - 1.60, Large Speciality Tea - Peppermint - 1.60",6.1,CARD,7725572269773978
23/07/2024 11:20,London Camden,Dion Burnstein,Regular Flavoured hot chocolate - Hazelnut - 2.60,2.6,CARD,2079637758508131
23/07/2024 11:22,London Camden,Tammi Lindsey,"Large Luxury hot chocolate - 2.70, Regular Chai latte - 2.30, Large Flavoured hot chocolate - Hazelnut - 2.90, Large Flavoured hot chocolate - Vanilla - 2.90, Large Hot chocolate - 2.90, Large Flavoured hot chocolate - Hazelnut - 2.90",16.6,CARD,5308274600058561
23/07/2024 11:25,London Camden,Kelly Rios,"Regular Iced latte - 2.35, Regular Flavoured hot chocolate - Hazelnut - 2.60, Regular Flavoured latte - Vanilla - 2.55",7.5,CARD,8733183721506296
23/07/2024 11:27,London Camden,Virginia Rodriguez,"Regular Iced latte - 2.35, Regular Speciality Tea - Peppermint - 1.30, Large Speciality Tea - Peppermint - 1.60",5.25,CARD,6579375817903284
23/07/2024 11:30,London Camden,Michael Hutchinson,"Large Hot chocolate - 2.90, Large Flavoured latte - Vanilla - 2.85, Regular Flavoured hot chocolate - Vanilla - 2.60, Regular Speciality Tea - Peppermint - 1.30, Large Hot chocolate - 2.90",12.55,CARD,4932529945224129
23/07/2024 11:32,London Camden,John Yashinski,"Large Chai latte - 2.60, Large Flavoured hot chocolate - Hazelnut - 2.90",5.5,CASH,
23/07/2024 11:35,London Camden,Della Gattis,Large Iced latte - 2.85,2.85,CARD,9683514381592137
23/07/2024 11:37,London Camden,Gary Jones,"Regular Hot chocolate - 2.20, Regular Flavoured hot chocolate - Vanilla - 2.60",4.8,CASH,
23/07/2024 11:40,London Camden,Tanya Lister,"Regular Flavoured latte - Vanilla - 2.55, Regular Flavoured hot chocolate - Hazelnut - 2.60, Large Flavoured hot chocolate - Hazelnut - 2.90, Large Hot chocolate - 2.90, Large Flavoured hot chocolate - Vanilla - 2.90",13.85,CARD,9662588621378182
23/07/2024 11:42,London Camden,Martin Lowe,"Regular Chai latte - 2.30, Large Chai latte - 2.60, Regular Flavoured hot chocolate - Hazelnut - 2.60, Regular Hot chocolate - 2.20, Large Luxury hot chocolate - 2.70",12.4,CARD,4147862479725684
23/07/2024 11:45,London Camden,Tracy Jackson,"Regular Iced latte - 2.35, Regular Chai latte - 2.30",4.65,CARD,6593668150812478
23/07/2024 11:47,London Camden,Dorothy Nation,"Large Chai latte - 2.60, Regular Flavoured latte - Vanilla - 2.55",5.15,CARD,3662758663590188
23/07/2024 11:50,London Camden,Estelle Feliciano,"Large Flavoured latte - Vanilla - 2.85, Regular Flavoured latte - Vanilla - 2.55, Large Speciality Tea - Peppermint - 1.60, Regular Flavoured hot chocolate - Vanilla - 2.60, Regular Chai latte - 2.30",11.9,CARD,5034512106413452
23/07/2024 11:52,London Camden,Daisy Patague,Regular Hot chocolate - 2.20,2.2,CASH,
23/07/2024 11:55,London Camden,Howard Finley,"Large Luxury hot chocolate - 2.70, Regular Luxury hot chocolate - 2.40, Regular Flavoured latte - Vanilla - 2.55, Regular Speciality Tea - Peppermint - 1.30, Regular Flavoured latte - Vanilla - 2.55",11.5,CARD,1888379279725043
23/07/2024 11:57,London Camden,Priscilla Thornley,"Regular Flavoured hot chocolate - Vanilla - 2.60, Large Hot chocolate - 2.90",5.5,CASH,
23/07/2024 12:00,London Camden,Christopher Powell,Large Luxury hot chocolate - 2.70,2.7,CARD,8916907745181309
23/07/2024 12:02,London Camden,Julia Hoang,Large Iced latte - 2.85,2.85,CASH,
23/07/2024 12:03,London Camden,Rafael Palen,"Regular Flavoured hot chocolate - Vanilla - 2.60, Large Luxury hot chocolate - 2.70",5.3,CASH,
23/07/2024 12:05,London Camden,Mary Rodas,Regular Flavoured latte - Vanilla - 2.55,2.55,CARD,3660213944260671
23/07/2024 12:07,London Camden,Norma Cron,"Regular Iced latte - 2.35, Large Flavoured hot chocolate - Hazelnut - 2.90",5.25,CARD,4299655321675278
23/07/2024 12:09,London Camden,Brenda Carwell,"Regular Hot chocolate - 2.20, Large Hot chocolate - 2.90",5.1,CARD,3074032316467642
23/07/2024 12:11,London Camden,Bruce Hart,"Large Luxury hot chocolate - 2.70, Large Hot chocolate - 2.90, Regular Luxury hot chocolate - 2.40, Regular Flavoured hot chocolate - Vanilla - 2.60, Regular Chai latte - 2.30",12.9,CARD,6145380272113901
23/07/2024 12:13,London Camden,Phillip Mendez,"Regular Flavoured hot chocolate - Hazelnut - 2.60, Regular Flavoured hot chocolate - Vanilla - 2.60, Large Iced latte - 2.85",8.05,CARD,2024504991483141
23/07/2024 12:15,London Camden,Isidra Harris,"Large Flavoured latte - Vanilla - 2.85, Regular Flavoured hot chocolate - Hazelnut - 2.60",5.45,CARD,5212051258972898
23/07/2024 12:17,London Camden,Faye Bierman,"Regular Flavoured hot chocolate - Hazelnut - 2.60, Large Iced latte - 2.85, Large Flavoured latte - Vanilla - 2.85, Large Chai latte - 2.60, Regular Speciality Tea - Peppermint - 1.30",12.2,CARD,5740023493994416
23/07/2024 12:19,London Camden,Demetria Ferguson,Regular Flavoured hot chocolate - Hazelnut - 2.60,2.6,CARD,5138025412958742
23/07/2024 12:21,London Camden,Irma Nunley,"Large Speciality Tea - Peppermint - 1.60, Large Speciality Tea - Peppermint - 1.60, Regular Hot chocolate - 2.20",5.4,CASH,
23/07/2024 12:23,London Camden,Erin Hyland,"Regular Flavoured latte - Vanilla - 2.55, Large Chai latte - 2.60",5.15,CARD,3504317162301573
23/07/2024 12:25,London Camden,Michael Soto,Large Flavoured latte - Vanilla - 2.85,2.85,CARD,3453180343764293
23/07/2024 12:27,London Camden,Gregory Campbell,"Regular Iced latte - 2.35, Large Flavoured hot chocolate - Vanilla - 2.90, Regular Hot chocolate - 2.20, Large Flavoured hot chocolate - Vanilla - 2.90, Large Luxury hot chocolate - 2.70",13.05,CASH,
23/07/2024 12:29,London Camden,Willie Hoch,"Large Speciality Tea - Peppermint - 1.60, Regular Speciality Tea - Peppermint - 1.30, Large Flavoured latte - Vanilla - 2.85",5.75,CARD,8894623118586411
23/07/2024 12:31,London Camden,Rachael Mcgowen,"Regular Hot chocolate - 2.20, Large Chai latte - 2.60, Large Iced latte - 2.85, Large Flavoured hot chocolate - Vanilla - 2.90",10.55,CARD,5608675115357118
23/07/2024 12:32,London Camden,Eleanor Baham,Large Speciality Tea - Peppermint - 1.60,1.6,CARD,7654793749337957
23/07/2024 12:34,London Camden,Kenneth Hutchison,"Regular Hot chocolate - 2.20, Large Speciality Tea - Peppermint - 1.60, Regular Iced latte - 2.35, Regular Speciality Tea - Peppermint - 1.30, Regular Flavoured hot chocolate - Vanilla - 2.60, Large Chai latte - 2.60",12.65,CASH,
23/07/2024 12:36,London Camden,Casandra Frazier,Large Speciality Tea - Peppermint - 1.60,1.6,CASH,
23/07/2024 12:38,London Camden,James Nichols,"Regular Flavoured hot chocolate - Hazelnut - 2.60, Regular Luxury hot chocolate - 2.40",5.0,CASH,
23/07/2024 12:40,London Camden,Sara Powell,Regular Speciality Tea - Peppermint - 1.30,1.3,CASH,
23/07/2024 12:42,London Camden,Karen Rork,Large Luxury hot chocolate - 2.70,2.7,CARD,8698605261824134
23/07/2024 12:44,London Camden,Janice Newmark,Regular Flavoured hot chocolate - Vanilla - 2.60,2.6,CARD,7682601965637537
23/07/2024 12:46,London Camden,Debbie Labbe,"Large Flavoured hot chocolate - Hazelnut - 2.90, Large Chai latte - 2.60, Large Speciality Tea - Peppermint - 1.60, Regular Flavoured hot chocolate - Hazelnut - 2.60",9.7,CASH,
23/07/2024 12:48,London Camden,Charles Stierwalt,"Regular Hot chocolate - 2.20, Large Luxury hot chocolate - 2.70, Large Flavoured hot chocolate - Hazelnut - 2.90",7.8,CARD,4163037363899285
23/07/2024 12:50,London Camden,Joshua Henderson,Regular Luxury hot chocolate - 2.40,2.4,CARD,1511490247203954
23/07/2024 12:52,London Camden,James Copeland,"Large Flavoured hot chocolate - Vanilla - 2.90, Large Flavoured latte - Vanilla - 2.85, Regular Iced latte - 2.35",8.1,CARD,2026189535999146
23/07/2024 12:54,London Camden,Melanie Moore,"Large Luxury hot chocolate - 2.70, Regular Iced latte - 2.35",5.05,CASH,
23/07/2024 12:56,London Camden,Marie Murphy,"Large Speciality Tea - Peppermint - 1.60, Regular Flavoured hot chocolate - Hazelnut - 2.60",4.2,CARD,5332728633352090
23/07/2024 12:58,London Camden,Patricia Bigham,"Large Luxury hot chocolate - 2.70, Large Flavoured hot chocolate - Vanilla - 2.90, Large Flavoured latte - Vanilla - 2.85, Large Hot chocolate - 2.90, Large Iced latte - 2.85",14.2,CASH,
23/07/2024 13:00,London Camden,Larry Wilson,"Large Hot chocolate - 2.90, Large Hot chocolate - 2.90",5.8,CARD,8425864844605052
23/07/2024 13:00,London Camden,Norma Bower,"Regular Luxury hot chocolate - 2.40, Large Flavoured latte - Vanilla - 2.85, Large Flavoured latte - Vanilla - 2.85",8.1,CARD,2040733150301976
23/07/2024 13:01,London Camden,Jose Gordon,"Regular Flavoured hot chocolate - Vanilla - 2.60, Large Hot chocolate - 2.90, Regular Luxury hot chocolate - 2.40",7.9,CASH,
23/07/2024 13:02,London Camden,Tim Eaton,"Large Iced latte - 2.85, Large Flavoured latte - Vanilla - 2.85",5.7,CASH,
23/07/2024 13:03,London Camden,Wm Francis,"Regular Flavoured hot chocolate - Hazelnut - 2.60, Large Iced latte - 2.85, Large Speciality Tea - Peppermint - 1.60, Large Luxury hot chocolate - 2.70",9.75,CARD,5933988369670997
23/07/2024 13:04,London Camden,Lisa Carney,"Regular Flavoured hot chocolate - Hazelnut - 2.60, Regular Flavoured hot chocolate - Hazelnut - 2.60",5.2,CARD,9911512460454094
23/07/2024 13:05,London Camden,Bradley Rady,"Large Flavoured hot chocolate - Vanilla - 2.90, Large Flavoured latte - Vanilla - 2.85",5.75,CARD,8804686498692673
23/07/2024 13:06,London Camden,Maureen Hong,"Large Iced latte - 2.85, Large Flavoured hot chocolate - Vanilla - 2.90",5.75,CARD,8552083387177199
23/07/2024 13:07,London Camden,Charles Christensen,"Large Flavoured hot chocolate - Vanilla - 2.90, Large Chai latte - 2.60, Large Flavoured hot chocolate - Hazelnut - 2.90, Regular Chai latte - 2.30",10.7,CARD,7752663864738528
23/07/2024 13:08,London Camden,Matthew Wint,"Large Iced latte - 2.85, Regular Flavoured hot chocolate - Vanilla - 2.60, Large Luxury hot chocolate - 2.70, Large Speciality Tea - Peppermint - 1.60, Regular Luxury hot chocolate - 2.40",12.15,CASH,
23/07/2024 13:08,London Camden,Harry Harvey,"Large Speciality Tea - Peppermint - 1.60, Large Flavoured latte - Vanilla - 2.85, Regular Speciality Tea - Peppermint - 1.30",5.75,CASH,
23/07/2024 13:09,London Camden,Donald Werner,"Regular Luxury hot chocolate - 2.40, Regular Speciality Tea - Peppermint - 1.30",3.7,CASH,
23/07/2024 13:10,London Camden,Deborah Jameson,"Large Speciality Tea - Peppermint - 1.60, Large Chai latte - 2.60",4.2,CARD,7728886679361465
23/07/2024 13:11,London Camden,Susie Halligan,"Regular Flavoured hot chocolate - Vanilla - 2.60, Large Speciality Tea - Peppermint - 1.60, Large Flavoured latte - Vanilla - 2.85, Regular Luxury hot chocolate - 2.40",9.45,CARD,6879757797512103
23/07/2024 13:12,London Camden,Melvin Crouse,"Regular Hot chocolate - 2.20, Regular Speciality Tea - Peppermint - 1.30, Large Luxury hot chocolate - 2.70, Regular Hot chocolate - 2.20, Large Speciality Tea - Peppermint - 1.60, Regular Flavoured hot chocolate - Hazelnut - 2.60",12.6,CARD,6392525291061961
23/07/2024 13:13,London Camden,Ronda Moore,Large Flavoured latte - Vanilla - 2.85,2.85,CASH,
23/07/2024 13:14,London Camden,Pedro Fisher,Large Hot chocolate - 2.90,2.9,CARD,2995047150642705
23/07/2024 13:15,London Camden,Natalie Lambert,"Large Flavoured latte - Vanilla - 2.85, Regular Chai latte - 2.30, Large Iced latte - 2.85, Regular Flavoured hot chocolate - Hazelnut - 2.60, Regular Speciality Tea - Peppermint - 1.30",11.9,CARD,8820889110909205
23/07/2024 13:15,London Camden,Hortencia Shipley,"Large Speciality Tea - Peppermint - 1.60, Regular Luxury hot chocolate - 2.40, Large Speciality Tea - Peppermint - 1.60, Large Iced latte - 2.85, Regular Chai latte - 2.30",10.75,CASH,
23/07/2024 13:16,London Camden,Joseph Erwin,"Regular Flavoured latte - Vanilla - 2.55, Regular Iced latte - 2.35, Large Flavoured hot chocolate - Hazelnut - 2.90",7.8,CARD,3031815698745462
23/07/2024 13:17,London Camden,David Scaggs,"Regular Flavoured hot chocolate - Vanilla - 2.60, Large Iced latte - 2.85, Large Speciality Tea - Peppermint - 1.60",7.05,CASH,
23/07/2024 13:18,London Camden,Kimberly Mcdonough,"Regular Speciality Tea - Peppermint - 1.30, Large Flavoured latte - Vanilla - 2.85, Large Hot chocolate - 2.90",7.05,CARD,7204574583129621
23/07/2024 13:19,London Camden,Maria Hays,Regular Luxury hot chocolate - 2.40,2.4,CARD,7005480744464412
23/07/2024 13:20,London Camden,Latricia Black,Large Hot chocolate - 2.90,2.9,CASH,
23/07/2024 13:21,London Camden,Brooke Long,"Regular Flavoured hot chocolate - Vanilla - 2.60, Regular Flavoured latte - Vanilla - 2.55",5.15,CARD,1110384428096029
23/07/2024 13:22,London Camden,Robert Miller,Large Speciality Tea - Peppermint - 1.60,1.6,CARD,2812131980618472
23/07/2024 13:23,London Camden,Edith Henderson,"Large Iced latte - 2.85, Regular Flavoured hot chocolate - Hazelnut - 2.60, Large Flavoured latte - Vanilla - 2.85",8.3,CARD,6698047859837038
23/07/2024 13:23,London Camden,Karen Sims,"Large Iced latte - 2.85, Regular Iced latte - 2.35, Regular Luxury hot chocolate - 2.40",7.6,CARD,7477560366296708
23/07/2024 13:24,London Camden,Roberto Scarberry,"Regular Chai latte - 2.30, Large Chai latte - 2.60",4.9,CARD,7474019197563938
23/07/2024 13:25,London Camden,Mary Hoffman,Regular Iced latte - 2.35,2.35,CARD,8226019533746907
23/07/2024 13:26,London Camden,Joann Salgado,"Regular Iced latte - 2.35, Regular Hot chocolate - 2.20, Regular Luxury hot chocolate - 2.40",6.95,CASH,
23/07/2024 13:27,London Camden,Katherine Philhower,"Large Iced latte - 2.85, Large Flavoured hot chocolate - Hazelnut - 2.90",5.75,CARD,5198205367859767
23/07/2024 13:28,London Camden,William Shepherd,"Large Iced latte - 2.85, Regular Flavoured hot chocolate - Vanilla - 2.60, Large Iced latte - 2.85, Large Hot chocolate - 2.90, Large Flavoured latte - Vanilla - 2.85, Regular Flavoured hot chocolate - Vanilla - 2.60",16.65,CASH,
23/07/2024 13:29,London Camden,Matthew Rojas,"Regular Speciality Tea - Peppermint - 1.30, Large Iced latte - 2.85, Regular Flavoured latte - Vanilla - 2.55, Large Flavoured hot chocolate - Hazelnut - 2.90, Large Flavoured hot chocolate - Vanilla - 2.90",12.5,CARD,2569550154130672
23/07/2024 13:30,London Camden,James Kjelland,Regular Iced latte - 2.35,2.35,CASH,
23/07/2024 13:30,London Camden,Laura Talbert,"Regular Iced latte - 2.35, Regular Flavoured latte - Vanilla - 2.55",4.9,CARD,9913024882827123
23/07/2024 13:31,London Camden,Alberto Weiland,"Regular Chai latte - 2.30, Regular Chai latte - 2.30",4.6,CARD,3066637632197700
23/07/2024 13:32,London Camden,Theodore Sears,Regular Speciality Tea - Peppermint - 1.30,1.3,CARD,6541421178542756
23/07/2024 13:33,London Camden,William Chau,"Regular Hot chocolate - 2.20, Regular Luxury hot chocolate - 2.40",4.6,CARD,2070843639982192
23/07/2024 13:34,London Camden,Scott Keister,"Large Speciality Tea - Peppermint - 1.60, Large Flavoured hot chocolate - Hazelnut - 2.90, Regular Hot chocolate - 2.20",6.7,CASH,
23/07/2024 13:35,London Camden,Roberto Sayre,"Large Flavoured latte - Vanilla - 2.85, Large Speciality Tea - Peppermint - 1.60, Large Luxury hot chocolate - 2.70, Regular Iced latte - 2.35, Regular Flavoured hot chocolate - Hazelnut - 2.60",12.1,CASH,
23/07/2024 13:36,London Camden,Matt Lindsey,"Large Flavoured hot chocolate - Hazelnut - 2.90, Regular Iced latte - 2.35, Regular Iced latte - 2.35, Regular Hot chocolate - 2.20",9.8,CASH,
23/07/2024 13:37,London Camden,Alan Leake,Regular Chai latte - 2.30,2.3,CASH,
23/07/2024 13:38,London Camden,Herman Mcdougald,"Large Chai latte - 2.60, Large Chai latte - 2.60, Large Flavoured latte - Vanilla - 2.85, Large Speciality Tea - Peppermint - 1.60",9.65,CARD,6031068388085529
23/07/2024 13:38,London Camden,Amber Melendez,"Regular Speciality Tea - Peppermint - 1.30, Large Flavoured latte - Vanilla - 2.85, Large Luxury hot chocolate - 2.70, Large Flavoured hot chocolate - Vanilla - 2.90, Regular Iced latte - 2.35, Regular Chai latte - 2.30",14.4,CASH,
23/07/2024 13:39,London Camden,Andre Talerico,"Large Flavoured hot chocolate - Vanilla - 2.90, Regular Iced latte - 2.35, Large Iced latte - 2.85, Large Flavoured hot chocolate - Vanilla - 2.90",11.0,CASH,
23/07/2024 13:40,London Camden,Jonathan Bancroft,"Regular Flavoured hot chocolate - Vanilla - 2.60, Large Chai latte - 2.60, Regular Luxury hot chocolate - 2.40",7.6,CARD,9660845937682705
23/07/2024 13:41,London Camden,Michael Killebrew,"Large Chai latte - 2.60, Large Flavoured hot chocolate - Hazelnut - 2.90",5.5,CARD,9154872978547794
23/07/2024 13:42,London Camden,Anne Day,"Large Luxury hot chocolate - 2.70, Large Flavoured hot chocolate - Hazelnut - 2.90, Large Chai latte - 2.60, Large Flavoured hot chocolate - Vanilla - 2.90",11.1,CARD,1366023301172946
23/07/2024 13:43,London Camden,Rita Fonville,Regular Iced latte - 2.35,2.35,CARD,8033677334512871
23/07/2024 13:44,London Camden,Johnnie Sheffield,"Large Flavoured hot chocolate - Hazelnut - 2.90, Regular Hot chocolate - 2.20",5.1,CASH,
23/07/2024 13:45,London Camden,James Kirkland,"Large Flavoured latte - Vanilla - 2.85, Regular Chai latte - 2.30, Regular Hot chocolate - 2.20",7.35,CASH,
23/07/2024 13:45,London Camden,Randy Tillman,"Large Iced latte - 2.85, Large Speciality Tea - Peppermint - 1.60, Large Iced latte - 2.85, Large Iced latte - 2.85",10.15,CARD,1417912023383538
23/07/2024 13:46,London Camden,Raymond Tarwater,Large Speciality Tea - Peppermint - 1.60,1.6,CARD,9155132789201296
23/07/2024 13:47,London Camden,William West,"Regular Flavoured hot chocolate - Vanilla - 2.60, Regular Speciality Tea - Peppermint - 1.30, Regular Flavoured hot chocolate - Vanilla - 2.60, Large Flavoured hot chocolate - Vanilla - 2.90",9.4,CARD,7265163603396549
23/07/2024 13:48,London Camden,Susan Pizarro,Regular Flavoured hot chocolate - Hazelnut - 2.60,2.6,CARD,7142035380053853
23/07/2024 13:49,London Camden,Jennifer Crum,"Regular Luxury hot chocolate - 2.40, Large Chai latte - 2.60, Large Flavoured hot chocolate - Vanilla - 2.90",7.9,CASH,
23/07/2024 13:50,London Camden,David Mock,Large Iced latte - 2.85,2.85,CASH,
23/07/2024 13:51,London Camden,Loyd Hays,"Regular Flavoured latte - Vanilla - 2.55, Regular Luxury hot chocolate - 2.40",4.95,CARD,3831016710086338
23/07/2024 13:52,London Camden,Delores Ivey,Regular Iced latte - 2.35,2.35,CASH,
23/07/2024 13:53,London Camden,Patricia Guzowski,"Regular Luxury hot chocolate - 2.40, Regular Flavoured latte - Vanilla - 2.55, Regular Flavoured hot chocolate - Vanilla - 2.60, Large Luxury hot chocolate - 2.70",10.25,CARD,3237957297895639
23/07/2024 13:53,London Camden,Rhona Bennett,"Regular Flavoured latte - Vanilla - 2.55, Regular Luxury hot chocolate - 2.40, Large Iced latte - 2.85, Regular Flavoured hot chocolate - Vanilla - 2.60",10.4,CARD,4819520072458767
23/07/2024 13:54,London Camden,Paul Tran,"Regular Hot chocolate - 2.20, Regular Speciality Tea - Peppermint - 1.30, Regular Chai latte - 2.30, Regular Luxury hot chocolate - 2.40, Large Speciality Tea - Peppermint - 1.60",9.8,CARD,9552741225673763
23/07/2024 13:55,London Camden,Judy Schaefer,"Regular Chai latte - 2.30, Regular Flavoured hot chocolate - Vanilla - 2.60, Regular Luxury hot chocolate - 2.40, Regular Chai latte - 2.30, Large Chai latte - 2.60",12.2,CARD,6557037343099592
23/07/2024 13:56,London Camden,Jose Bertrand,"Large Luxury hot chocolate - 2.70, Regular Speciality Tea - Peppermint - 1.30",4.0,CASH,
23/07/2024 13:57,London Camden,Charles Snyder,"Large Iced latte - 2.85, Large Speciality Tea - Peppermint - 1.60",4.45,CARD,2663232977254469
23/07/2024 13:58,London Camden,Ann Dyal,"Regular Flavoured hot chocolate - Vanilla - 2.60, Regular Luxury hot chocolate - 2.40, Large Hot chocolate - 2.90, Large Speciality Tea - Peppermint - 1.60, Regular Chai latte - 2.30",11.8,CASH,
23/07/2024 13:59,London Camden,Steven Sellner,"Regular Speciality Tea - Peppermint - 1.30, Large Chai latte - 2.60",3.9,CARD,1988264959580752
23/07/2024 14:00,London Camden,Joann Williams,"Regular Flavoured hot chocolate - Vanilla - 2.60, Regular Luxury hot chocolate - 2.40",5.0,CASH,
23/07/2024 14:00,London Camden,Daniel Kriner,"Large Flavoured hot chocolate - Vanilla - 2.90, Large Chai latte - 2.60",5.5,CASH,
23/07/2024 14:01,London Camden,Keith Padilla,"Large Luxury hot chocolate - 2.70, Large Chai latte - 2.60",5.3,CARD,8718939311152628
23/07/2024 14:02,London Camden,Walter Coryell,Large Speciality Tea - Peppermint - 1.60,1.6,CARD,5691733315630595
23/07/2024 14:03,London Camden,Anthony Brown,"Regular Flavoured hot chocolate - Hazelnut - 2.60, Large Flavoured latte - Vanilla - 2.85, Regular Flavoured hot chocolate - Hazelnut - 2.60, Large Speciality Tea - Peppermint - 1.60, Regular Hot chocolate - 2.20, Regular Flavoured hot chocolate - Hazelnut - 2.60",14.45,CARD,5482024895084053
23/07/2024 14:04,London Camden,Thomas Griffith,"Large Hot chocolate - 2.90, Regular Flavoured latte - Vanilla - 2.55",5.45,CARD,3586732170552702
23/07/2024 14:05,London Camden,Glenda Mcconnell,Regular Speciality Tea - Peppermint - 1.30,1.3,CARD,9557862422053688
23/07/2024 14:06,London Camden,Martha Smith,"Large Speciality Tea - Peppermint - 1.60, Large Flavoured hot chocolate - Hazelnut - 2.90",4.5,CASH,
23/07/2024 14:07,London Camden,Diane Shrader,Regular Iced latte - 2.35,2.35,CARD,6313961367160354
23/07/2024 14:07,London Camden,Randall Marek,"Regular Speciality Tea - Peppermint - 1.30, Large Speciality Tea - Peppermint - 1.60",2.9,CASH,
23/07/2024 14:08,London Camden,Sharon Kotas,"Large Chai latte - 2.60, Regular Hot chocolate - 2.20, Regular Luxury hot chocolate - 2.40, Regular Flavoured latte - Vanilla - 2.55",9.75,CARD,5186036355954448
23/07/2024 14:09,London Camden,Robert Glass,"Regular Flavoured latte - Vanilla - 2.55, Regular Chai latte - 2.30",4.85,CARD,9006174521351890
23/07/2024 14:10,London Camden,Bonnie Thomas,"Large Chai latte - 2.60, Regular Speciality Tea - Peppermint - 1.30, Large Luxury hot chocolate - 2.70, Large Iced latte - 2.85",9.45,CARD,7041877156621521
23/07/2024 14:11,London Camden,Elsie Peveler,"Regular Chai latte - 2.30, Large Speciality Tea - Peppermint - 1.60",3.9,CASH,
23/07/2024 14:12,London Camden,Lizbeth Muller,"Regular Flavoured hot chocolate - Vanilla - 2.60, Large Speciality Tea - Peppermint - 1.60, Large Flavoured hot chocolate - Vanilla - 2.90, Regular Speciality Tea - Peppermint - 1.30, Large Chai latte - 2.60",11.0,CARD,7928144122090123
23/07/2024 14:13,London Camden,John Gilbertson,"Regular Flavoured hot chocolate - Vanilla - 2.60, Regular Speciality Tea - Peppermint - 1.30",3.9,CASH,
23/07/2024 14:13,London Camden,Edna Philpot,"Regular Flavoured latte - Vanilla - 2.55, Regular Flavoured hot chocolate - Vanilla - 2.60, Regular Chai latte - 2.30, Regular Luxury hot chocolate - 2.40, Large Speciality Tea - Peppermint - 1.60",11.45,CASH,
23/07/2024 14:14,London Camden,Victoria Spencer,"Regular Hot chocolate - 2.20, Large Flavoured hot chocolate - Hazelnut - 2.90, Large Flavoured latte - Vanilla - 2.85, Regular Flavoured latte - Vanilla - 2.55",10.5,CARD,4154990590451721
23/07/2024 14:15,London Camden,Bonnie Kump,"Regular Flavoured latte - Vanilla - 2.55, Regular Flavoured latte - Vanilla - 2.55",5.1,CASH,
23/07/2024 14:16,London Camden,Joann Lloyd,Large Iced latte - 2.85,2.85,CASH,
23/07/2024 14:17,London Camden,Clarence Lynch,Large Luxury hot chocolate - 2.70,2.7,CARD,1324242173263480
23/07/2024 14:18,London Camden,Charles Mckane,"Large Luxury hot chocolate - 2.70, Regular Luxury hot chocolate - 2.40, Regular Hot chocolate - 2.20",7.3,CARD,8726562258237517
23/07/2024 14:19,London Camden,Joyce Huston,"Regular Flavoured latte - Vanilla - 2.55, Regular Iced latte - 2.35, Regular Iced latte - 2.35",7.25,CARD,9545471169540787
23/07/2024 14:20,London Camden,Donald Ybarra,"Large Iced latte - 2.85, Regular Speciality Tea - Peppermint - 1.30",4.15,CARD,7880024199119544
23/07/2024 14:20,London Camden,Michelle Davis,"Large Chai latte - 2.60, Large Hot chocolate - 2.90, Regular Flavoured hot chocolate - Vanilla - 2.60, Regular Hot chocolate - 2.20",10.3,CASH,
23/07/2024 14:21,London Camden,Molly Huver,"Regular Iced latte - 2.35, Regular Hot chocolate - 2.20, Regular Flavoured hot chocolate - Vanilla - 2.60",7.15,CARD,4240779600942985
23/07/2024 14:22,London Camden,Jonathan Hernandez,"Regular Flavoured hot chocolate - Vanilla - 2.60, Regular Chai latte - 2.30, Regular Iced latte - 2.35, Large Iced latte - 2.85",10.1,CARD,5346542506401443
23/07/2024 14:23,London Camden,Clara Schweitzer,"Regular Hot chocolate - 2.20, Regular Flavoured hot chocolate - Vanilla - 2.60, Large Hot chocolate - 2.90",7.7,CASH,
23/07/2024 14:24,London Camden,Earl Rodriguez,"Regular Flavoured hot chocolate - Vanilla - 2.60, Regular Flavoured hot chocolate - Vanilla - 2.60, Large Iced latte - 2.85",8.05,CARD,7167367508729096
23/07/2024 14:25,London Camden,Rhonda Grigsby,Regular Speciality Tea - Peppermint - 1.30,1.3,CARD,3888266247514586
23/07/2024 14:26,London Camden,Martin Johns,"Regular Chai latte - 2.30, Regular Hot chocolate - 2.20",4.5,CARD,8597740523204295
23/07/2024 14:26,London Camden,Richard Monti,"Regular Flavoured latte - Vanilla - 2.55, Large Flavoured hot chocolate - Vanilla - 2.90",5.45,CARD,1267637983066287
23/07/2024 14:27,London Camden,Deborah Bearman,Large Flavoured latte - Vanilla - 2.85,2.85,CARD,8092121103746818
23/07/2024 14:28,London Camden,Wendy Koehl,"Large Luxury hot chocolate - 2.70, Large Flavoured hot chocolate - Vanilla - 2.90",5.6,CARD,8598299347080662
23/07/2024 14:29,London Camden,Juanita Thomas,"Large Flavoured hot chocolate - Vanilla - 2.90, Large Flavoured hot chocolate - Vanilla - 2.90, Regular Flavoured hot chocolate - Vanilla - 2.60, Regular Iced latte - 2.35",10.75,CARD,4255524526109613
23/07/2024 14:30,London Camden,Keith Shively,"Large Chai latte - 2.60, Large Chai latte - 2.60, Large Flavoured hot chocolate - Hazelnut - 2.90, Large Iced latte - 2.85, Regular Luxury hot chocolate - 2.40",13.35,CARD,3039426940332321
23/07/2024 14:31,London Camden,Erika Morales,"Large Chai latte - 2.60, Large Flavoured hot chocolate - Hazelnut - 2.90, Regular Flavoured hot chocolate - Vanilla - 2.60, Large Iced latte - 2.85, Regular Hot chocolate - 2.20",13.15,CASH,
23/07/2024 14:32,London Camden,Kenya Presson,Regular Flavoured latte - Vanilla - 2.55,2.55,CARD,1331618867489487
23/07/2024 14:33,London Camden,Linda Robertson,"Regular Flavoured hot chocolate - Vanilla - 2.60, Regular Flavoured hot chocolate - Hazelnut - 2.60",5.2,CASH,
23/07/2024 14:33,London Camden,Martin Johnson,"Regular Speciality Tea - Peppermint - 1.30, Regular Flavoured hot chocolate - Vanilla - 2.60, Large Iced latte - 2.85, Large Flavoured hot chocolate - Vanilla - 2.90",9.65,CARD,4642825246385127
23/07/2024 14:34,London Camden,Kelly Flanigan,"Regular Speciality Tea - Peppermint - 1.30, Regular Flavoured latte - Vanilla - 2.55, Large Iced latte - 2.85",6.7,CARD,7959681671612168
23/07/2024 14:35,London Camden,Evia Bowen,"Regular Flavoured hot chocolate - Hazelnut - 2.60, Regular Flavoured latte - Vanilla - 2.55, Large Flavoured hot chocolate - Hazelnut - 2.90, Large Luxury hot chocolate - 2.70, Regular Flavoured hot chocolate - Vanilla - 2.60, Regular Iced latte - 2.35",15.7,CARD,2545566929695198
23/07/2024 14:36,London Camden,Mark Speed,Regular Flavoured latte - Vanilla - 2.55,2.55,CARD,7813516651066519
23/07/2024 14:37,London Camden,Richard Campbell,"Large Chai latte - 2.60, Large Luxury hot chocolate - 2.70",5.3,CASH,
23/07/2024 14:38,London Camden,Sandra Cronin,"Regular Luxury hot chocolate - 2.40, Regular Speciality Tea - Peppermint - 1.30, Large Speciality Tea - Peppermint - 1.60, Large Speciality Tea - Peppermint - 1.60",6.9,CARD,6190982681640904
23/07/2024 14:39,London Camden,Amanda Gellings,Large Iced latte - 2.85,2.85,CASH,
23/07/2024 14:39,London Camden,Mary Phillips,Regular Flavoured hot chocolate - Hazelnut - 2.60,2.6,CARD,6959988308059420
23/07/2024 14:40,London Camden,Earl Tee,"Large Chai latte - 2.60, Large Flavoured latte - Vanilla - 2.85, Regular Chai latte - 2.30, Large Speciality Tea - Peppermint - 1.60, Large Chai latte - 2.60",11.95,CASH,
23/07/2024 14:41,London Camden,Christopher Winkler,"Large Speciality Tea - Peppermint - 1.60, Large Flavoured latte - Vanilla - 2.85",4.45,CASH,
23/07/2024 14:42,London Camden,Justin Gage,"Regular Luxury hot chocolate - 2.40, Regular Iced latte - 2.35, Large Flavoured hot chocolate - Hazelnut - 2.90",7.65,CARD,1057797409334256
23/07/2024 14:43,London Camden,Linda Double,"Large Flavoured hot chocolate - Vanilla - 2.90, Regular Hot chocolate - 2.20, Large Speciality Tea - Peppermint - 1.60, Regular Speciality Tea - Peppermint - 1.30",8.0,CASH,
23/07/2024 14:44,London Camden,Shanice Parker,"Large Chai latte - 2.60, Large Flavoured hot chocolate - Hazelnut - 2.90",5.5,CARD,7620304741980237
23/07/2024 14:45,London Camden,Jack Harrison,"Regular Luxury hot chocolate - 2.40, Large Chai latte - 2.60",5.0,CASH,
23/07/2024 14:46,London Camden,Sue Delgadillo,"Large Hot chocolate - 2.90, Large Flavoured hot chocolate - Hazelnut - 2.90",5.8,CARD,1124113949823457
23/07/2024 14:46,London Camden,Joseph Urban,"Large Flavoured hot chocolate - Vanilla - 2.90, Large Flavoured latte - Vanilla - 2.85",5.75,CARD,1368522236591523
23/07/2024 14:47,London Camden,Donald Hunter,"Large Flavoured latte - Vanilla - 2.85, Regular Flavoured hot chocolate - Vanilla - 2.60",5.45,CARD,2791521420620327
23/07/2024 14:48,London Camden,Yvonne Goodwin,"Regular Flavoured latte - Vanilla - 2.55, Large Flavoured latte - Vanilla - 2.85, Regular Flavoured hot chocolate - Hazelnut - 2.60, Large Flavoured hot chocolate - Hazelnut - 2.90",10.9,CARD,7690775136142036
23/07/2024 14:49,London Camden,Lawrence Paul,"Large Chai latte - 2.60, Large Flavoured latte - Vanilla - 2.85, Large Flavoured latte - Vanilla - 2.85",8.3,CARD,2305295215150889
23/07/2024 14:50,London Camden,Julie Notis,"Regular Speciality Tea - Peppermint - 1.30, Large Iced latte - 2.85, Large Flavoured hot chocolate - Vanilla - 2.90, Large Hot chocolate - 2.90, Large Iced latte - 2.85, Regular Chai latte - 2.30",15.1,CARD,1894682818213690
23/07/2024 14:51,London Camden,Jessica Vann,Large Flavoured hot chocolate - Vanilla - 2.90,2.9,CARD,8112042547714651
23/07/2024 14:52,London Camden,Deborah Sells,"Large Flavoured latte - Vanilla - 2.85, Regular Speciality Tea - Peppermint - 1.30, Large Flavoured hot chocolate - Vanilla - 2.90",7.05,CARD,9284839613934494
23/07/2024 14:52,London Camden,Francis Hayes,"Large Flavoured latte - Vanilla - 2.85, Regular Luxury hot chocolate - 2.40, Regular Flavoured latte - Vanilla - 2.55",7.8,CASH,
23/07/2024 14:53,London Camden,Susan Pickerel,"Regular Chai latte - 2.30, Large Flavoured latte - Vanilla - 2.85, Large Hot chocolate - 2.90, Large Luxury hot chocolate - 2.70",10.75,CARD,2267126315158721
23/07/2024 14:54,London Camden,Fernando Reeves,"Regular Flavoured hot chocolate - Hazelnut - 2.60, Regular Flavoured latte - Vanilla - 2.55",5.15,CASH,
23/07/2024 14:55,London Camden,Steven Ellis,"Regular Iced latte - 2.35, Regular Flavoured hot chocolate - Vanilla - 2.60, Regular Luxury hot chocolate - 2.40, Large Flavoured latte - Vanilla - 2.85",10.2,CASH,
23/07/2024 14:56,London Camden,Marlene Jones,Regular Hot chocolate - 2.20,2.2,CARD,7852704781446700
23/07/2024 14:57,London Camden,Warren Auguste,"Regular Speciality Tea - Peppermint - 1.30, Large Hot chocolate - 2.90, Large Speciality Tea - Peppermint - 1.60, Large Luxury hot chocolate - 2.70",8.5,CARD,8390375782824384
23/07/2024 14:58,London Camden,Gina Villagomez,Regular Hot chocolate - 2.20,2.2,CASH,
23/07/2024 14:59,London Camden,Greg Ham,"Regular Speciality Tea - Peppermint - 1.30, Large Flavoured hot chocolate - Hazelnut - 2.90",4.2,CASH,
23/07/2024 14:59,London Camden,Patricia Watkins,"Large Flavoured hot chocolate - Vanilla - 2.90, Large Iced latte - 2.85, Regular Flavoured latte - Vanilla - 2.55, Large Luxury hot chocolate - 2.70, Large Speciality Tea - Peppermint - 1.60",12.6,CARD,9290604385879961
23/07/2024 15:00,London Camden,Larry Hutchingson,"Large Flavoured latte - Vanilla - 2.85, Regular Flavoured hot chocolate - Vanilla - 2.60",5.45,CARD,8634323415798860
23/07/2024 15:01,London Camden,Frederick Weisinger,"Large Flavoured latte - Vanilla - 2.85, Regular Iced latte - 2.35",5.2,CARD,5511618345352277
23/07/2024 15:03,London Camden,Paul Crews,"Large Flavoured hot chocolate - Vanilla - 2.90, Regular Iced latte - 2.35, Large Flavoured latte - Vanilla - 2.85",8.1,CARD,1614080921654448
23/07/2024 15:04,London Camden,Frank Mosconi,"Large Chai latte - 2.60, Regular Flavoured hot chocolate - Vanilla - 2.60, Regular Luxury hot chocolate - 2.40, Large Flavoured hot chocolate - Vanilla - 2.90",10.5,CARD,2643562725810616
23/07/2024 15:05,London Camden,Edmund Waldman,Large Speciality Tea - Peppermint - 1.60,1.6,CASH,
23/07/2024 15:06,London Camden,Barbara Martinez,"Regular Chai latte - 2.30, Large Chai latte - 2.60, Large Flavoured hot chocolate - Hazelnut - 2.90",7.8,CARD,2928683372846050
23/07/2024 15:07,London Camden,Patrick Shelton,"Regular Speciality Tea - Peppermint - 1.30, Large Flavoured hot chocolate - Vanilla - 2.90",4.2,CARD,8078027635003878
23/07/2024 15:08,London Camden,Thomas Long,"Regular Chai latte - 2.30, Regular Speciality Tea - Peppermint - 1.30, Large Iced latte - 2.85",6.45,CARD,1607591928183879
23/07/2024 15:10,London Camden,Augustine Kahn,Regular Speciality Tea - Peppermint - 1.30,1.3,CARD,7539474648481199
23/07/2024 15:11,London Camden,Bobby White,"Regular Speciality Tea - Peppermint - 1.30, Large Iced latte - 2.85",4.15,CARD,1436428750609965
23/07/2024 15:12,London Camden,Roy Medina,"Regular Flavoured hot chocolate - Vanilla - 2.60, Regular Chai latte - 2.30, Large Flavoured hot chocolate - Hazelnut - 2.90",7.8,CASH,
23/07/2024 15:13,London Camden,Gloria Drennan,"Large Hot chocolate - 2.90, Regular Iced latte - 2.35, Regular Flavoured latte - Vanilla - 2.55",7.8,CARD,3966929549010015
23/07/2024 15:14,London Camden,Peter Gadson,Large Speciality Tea - Peppermint - 1.60,1.6,CARD,7769044348356350
23/07/2024 15:15,London Camden,Dora Muzzarelli,Regular Flavoured hot chocolate - Vanilla - 2.60,2.6,CASH,
23/07/2024 15:17,London Camden,James Dilworth,Large Hot chocolate - 2.90,2.9,CASH,
23/07/2024 15:18,London Camden,Lawrence Chenault,"Regular Hot chocolate - 2.20, Regular Flavoured hot chocolate - Hazelnut - 2.60",4.8,CASH,
23/07/2024 15:19,London Camden,Mildred Buchanan,"Large Hot chocolate - 2.90, Regular Flavoured latte - Vanilla - 2.55, Regular Chai latte - 2.30, Large Flavoured hot chocolate - Hazelnut - 2.90, Regular Speciality Tea - Peppermint - 1.30",11.95,CARD,7111065636532605
23/07/2024 15:20,London Camden,Glenn Hall,"Regular Flavoured hot chocolate - Vanilla - 2.60, Large Flavoured hot chocolate - Hazelnut - 2.90",5.5,CARD,4484984788098884
23/07/2024 15:21,London Camden,Herbert Kohl,Large Hot chocolate - 2.90,2.9,CARD,9788973661186850
23/07/2024 15:22,London Camden,Johnny Leary,"Large Flavoured hot chocolate - Hazelnut - 2.90, Large Flavoured hot chocolate - Hazelnut - 2.90, Large Iced latte - 2.85, Large Flavoured latte - Vanilla - 2.85, Regular Iced latte - 2.35",13.85,CASH,
23/07/2024 15:24,London Camden,Jerry Delafuente,"Regular Hot chocolate - 2.20, Large Flavoured hot chocolate - Hazelnut - 2.90, Regular Flavoured hot chocolate - Hazelnut - 2.60, Large Flavoured hot chocolate - Vanilla - 2.90",10.6,CARD,3833653747190734
23/07/2024 15:25,London Camden,Lois Irwin,"Regular Speciality Tea - Peppermint - 1.30, Large Chai latte - 2.60, Regular Flavoured hot chocolate - Hazelnut - 2.60",6.5,CARD,3092071064099684
23/07/2024 15:26,London Camden,Maria Whitley,Regular Flavoured latte - Vanilla - 2.55,2.55,CARD,9115431221786403
23/07/2024 15:27,London Camden,Michael Smith,"Large Luxury hot chocolate - 2.70, Regular Flavoured latte - Vanilla - 2.55, Regular Flavoured hot chocolate - Vanilla - 2.60, Regular Hot chocolate - 2.20",10.05,CARD,5614801636737143
23/07/2024 15:28,London Camden,Marion Calles,Regular Flavoured latte - Vanilla - 2.55,2.55,CARD,3526146451727598
23/07/2024 15:29,London Camden,Ellen Barnett,"Large Flavoured hot chocolate - Vanilla - 2.90, Regular Flavoured hot chocolate - Hazelnut - 2.60, Large Speciality Tea - Peppermint - 1.60, Regular Flavoured hot chocolate - Vanilla - 2.60, Regular Chai latte - 2.30",12.0,CASH,
23/07/2024 15:31,London Camden,Joseph Sacks,Large Speciality Tea - Peppermint - 1.60,1.6,CASH,
23/07/2024 15:32,London Camden,Sally Jackson,Regular Chai latte - 2.30,2.3,CARD,6256097586862054
23/07/2024 15:33,London Camden,Brandon Brown,"Large Flavoured hot chocolate - Vanilla - 2.90, Large Speciality Tea - Peppermint - 1.60, Regular Luxury hot chocolate - 2.40",6.9,CARD,6241401810202200
23/07/2024 15:34,London Camden,Eric Mierzejewski,"Large Luxury hot chocolate - 2.70, Large Speciality Tea - Peppermint - 1.60",4.3,CASH,
23/07/2024 15:35,London Camden,Robert Parrish,"Regular Flavoured hot chocolate - Vanilla - 2.60, Regular Flavoured hot chocolate - Vanilla - 2.60, Large Flavoured hot chocolate - Hazelnut - 2.90, Large Iced latte - 2.85",10.95,CASH,
23/07/2024 15:36,London Camden,Peter Broussard,"Regular Speciality Tea - Peppermint - 1.30, Large Hot chocolate - 2.90, Regular Flavoured hot chocolate - Hazelnut - 2.60, Large Luxury hot chocolate - 2.70",9.5,CARD,4929684731702706
23/07/2024 15:38,London Camden,Lois Erwin,Regular Iced latte - 2.35,2.35,CARD,5798218734823939
23/07/2024 15:39,London Camden,Jerome Leech,"Regular Luxury hot chocolate - 2.40, Regular Chai latte - 2.30, Large Speciality Tea - Peppermint - 1.60, Large Hot chocolate - 2.90",9.2,CARD,4120492732498603
23/07/2024 15:40,London Camden,Mattie Letchworth,"Regular Chai latte - 2.30, Large Speciality Tea - Peppermint - 1.60",3.9,CARD,1784771965128016
23/07/2024 15:41,London Camden,Johanna Ruegg,"Regular Speciality Tea - Peppermint - 1.30, Large Chai latte - 2.60",3.9,CARD,2373113965531771
23/07/2024 15:42,London Camden,Dan Valliant,Regular Hot chocolate - 2.20,2.2,CASH,
23/07/2024 15:43,London Camden,Curt Davis,"Regular Speciality Tea - Peppermint - 1.30, Large Hot chocolate - 2.90, Regular Iced latte - 2.35, Regular Flavoured hot chocolate - Vanilla - 2.60, Regular Luxury hot chocolate - 2.40, Regular Hot chocolate - 2.20",13.75,CARD,3631020453406308
23/07/2024 15:45,London Camden,Gary Donahue,"Large Flavoured latte - Vanilla - 2.85, Large Speciality Tea - Peppermint - 1.60, Regular Speciality Tea - Peppermint - 1.30",5.75,CARD,1696185076809025
23/07/2024 15:46,London Camden,Anthony Muncie,Regular Iced latte - 2.35,2.35,CARD,6862588580395195
23/07/2024 15:47,London Camden,Trenton Ortiz,"Large Flavoured hot chocolate - Vanilla - 2.90, Large Flavoured hot chocolate - Hazelnut - 2.90, Large Flavoured hot chocolate - Vanilla - 2.90, Large Speciality Tea - Peppermint - 1.60",10.3,CARD,7956857604769714
23/07/2024 15:48,London Camden,Ian Seta,Regular Speciality Tea - Peppermint - 1.30,1.3,CARD,7656415939612378
23/07/2024 15:49,London Camden,Ryan Tweed,Regular Iced latte - 2.35,2.35,CARD,5066501353211448
23/07/2024 15:50,London Camden,Raymond Barboza,"Regular Flavoured hot chocolate - Hazelnut - 2.60, Regular Flavoured hot chocolate - Hazelnut - 2.60",5.2,CARD,7081573847450538
23/07/2024 15:52,London Camden,Craig Deal,Regular Flavoured hot chocolate - Hazelnut - 2.60,2.6,CARD,6507148126178944
23/07/2024 15:53,London Camden,Ann Pitcock,"Regular Flavoured hot chocolate - Hazelnut - 2.60, Large Hot chocolate - 2.90",5.5,CARD,3500711118995860
23/07/2024 15:54,London Camden,Perry Pfeifer,"Large Flavoured hot chocolate - Vanilla - 2.90, Regular Iced latte - 2.35",5.25,CARD,5164686961708276
23/07/2024 15:55,London Camden,Nancy James,"Large Iced latte - 2.85, Regular Speciality Tea - Peppermint - 1.30, Large Flavoured hot chocolate - Vanilla - 2.90",7.05,CASH,
23/07/2024 15:56,London Camden,Ron Washington,"Regular Flavoured hot chocolate - Hazelnut - 2.60, Regular Flavoured hot chocolate - Hazelnut - 2.60, Large Flavoured latte - Vanilla - 2.85, Large Luxury hot chocolate - 2.70",10.75,CASH,
23/07/2024 15:57,London Camden,Rosario Rumsey,"Regular Flavoured hot chocolate - Vanilla - 2.60, Regular Speciality Tea - Peppermint - 1.30, Regular Flavoured hot chocolate - Hazelnut - 2.60",6.5,CARD,9017509902473955
23/07/2024 15:59,London Camden,Terri Flamand,"Regular Chai latte - 2.30, Large Hot chocolate - 2.90",5.2,CARD,9910948526018254
23/07/2024 16:00,London Camden,Bernice Lee,Regular Flavoured hot chocolate - Vanilla - 2.60,2.6,CARD,9665800285688421
23/07/2024 16:02,London Camden,Margarita Lopez,"Regular Speciality Tea - Peppermint - 1.30, Large Hot chocolate - 2.90, Large Flavoured latte - Vanilla - 2.85",7.05,CARD,1877131704346242
23/07/2024 16:04,London Camden,Lester Workman,Large Flavoured hot chocolate - Vanilla - 2.90,2.9,CARD,8809407015069320
23/07/2024 16:06,London Camden,Judy Griffiths,"Regular Hot chocolate - 2.20, Regular Flavoured hot chocolate - Hazelnut - 2.60, Large Iced latte - 2.85",7.65,CARD,9355769306883945
23/07/2024 16:09,London Camden,Eleanor Coughlin,Regular Flavoured latte - Vanilla - 2.55,2.55,CARD,7401997945068711
23/07/2024 16:11,London Camden,James Caldwell,"Regular Chai latte - 2.30, Large Flavoured latte - Vanilla - 2.85, Large Flavoured hot chocolate - Vanilla - 2.90",8.05,CARD,1827480505393591
23/07/2024 16:13,London Camden,Todd Widera,"Regular Flavoured hot chocolate - Hazelnut - 2.60, Regular Flavoured hot chocolate - Hazelnut - 2.60",5.2,CASH,
23/07/2024 16:15,London Camden,John Knapp,"Regular Luxury hot chocolate - 2.40, Large Luxury hot chocolate - 2.70",5.1,CASH,
23/07/2024 16:18,London Camden,David Holstein,Regular Iced latte - 2.35,2.35,CARD,5553945934675833
23/07/2024 16:20,London Camden,Rickey Moore,"Large Flavoured hot chocolate - Hazelnut - 2.90, Regular Speciality Tea - Peppermint - 1.30",4.2,CARD,7757648746743557
23/07/2024 16:22,London Camden,Mary Wingham,"Regular Flavoured latte - Vanilla - 2.55, Regular Flavoured hot chocolate - Vanilla - 2.60, Regular Speciality Tea - Peppermint - 1.30",6.45,CARD,2043794530235710
23/07/2024 16:24,London Camden,Billy Yang,"Large Iced latte - 2.85, Large Iced latte - 2.85",5.7,CARD,3269211404735780
23/07/2024 16:26,London Camden,Eleanor Dean,"Regular Flavoured hot chocolate - Vanilla - 2.60, Large Flavoured latte - Vanilla - 2.85, Large Luxury hot chocolate - 2.70, Large Flavoured hot chocolate - Vanilla - 2.90",11.05,CARD,3314139960179504
23/07/2024 16:29,London Camden,Zelda Ramos,Large Flavoured latte - Vanilla - 2.85,2.85,CASH,
23/07/2024 16:31,London Camden,Louise Atkinson,"Regular Iced latte - 2.35, Regular Flavoured hot chocolate - Hazelnut - 2.60",4.95,CARD,6740107776384842
23/07/2024 16:33,London Camden,John Anderson,"Large Flavoured hot chocolate - Vanilla - 2.90, Large Speciality Tea - Peppermint - 1.60, Regular Flavoured hot chocolate - Hazelnut - 2.60, Large Speciality Tea - Peppermint - 1.60",8.7,CARD,6317229635901249
23/07/2024 16:35,London Camden,Matthew Burtner,"Large Speciality Tea - Peppermint - 1.60, Regular Flavoured hot chocolate - Vanilla - 2.60, Regular Chai latte - 2.30",6.5,CASH,
23/07/2024 16:37,London Camden,Carolyn Goodwin,Regular Luxury hot chocolate - 2.40,2.4,CARD,1759519293804358
23/07/2024 16:40,London Camden,William Andres,"Large Speciality Tea - Peppermint - 1.60, Large Flavoured latte - Vanilla - 2.85, Large Flavoured hot chocolate - Hazelnut - 2.90",7.35,CASH,
23/07/2024 16:42,London Camden,Thomas Soto,"Regular Flavoured hot chocolate - Vanilla - 2.60, Regular Flavoured hot chocolate - Hazelnut - 2.60",5.2,CASH,
23/07/2024 16:44,London Camden,Scott Sanders,"Regular Chai latte - 2.30, Large Flavoured hot chocolate - Hazelnut - 2.90, Regular Hot chocolate - 2.20",7.4,CARD,9680287652673092
23/07/2024 16:46,London Camden,Georgene Gutierrez,"Large Chai latte - 2.60, Regular Flavoured hot chocolate - Vanilla - 2.60, Large Flavoured hot chocolate - Vanilla - 2.90, Large Hot chocolate - 2.90",11.0,CARD,8560505484832901
23/07/2024 16:49,London Camden,Mattie Johnson,Large Chai latte - 2.60,2.6,CARD,2949122952208918
23/07/2024 16:51,London Camden,Nicholas Nimox,Regular Flavoured hot chocolate - Vanilla - 2.60,2.6,CASH,
23/07/2024 16:53,London Camden,Tami Everett,"Regular Iced latte - 2.35, Regular Iced latte - 2.35, Regular Flavoured hot chocolate - Vanilla - 2.60, Regular Flavoured latte - Vanilla - 2.55",9.85,CARD,3048352591425820
23/07/2024 16:55,London Camden,Jessica Oflaherty,"Large Flavoured latte - Vanilla - 2.85, Regular Hot chocolate - 2.20, Large Hot chocolate - 2.90, Large Luxury hot chocolate - 2.70",10.65,CARD,1376035536153774
23/07/2024 16:57,London Camden,Keith Harris,Large Luxury hot chocolate - 2.70,2.7,CARD,7969157057731899
