23/07/2024 08:00,London Brixton,Samuel Mcgovern,"Large Hot chocolate - 2.90, Large Speciality Tea - Earl Grey - 1.60",4.5,CARD,8064634607178919
23/07/2024 08:00,London Brixton,Monica Aldrich,Regular Frappes - Strawberries & Cream - 2.75,2.75,CARD,8989816603046530
23/07/2024 08:01,London Brixton,Leandra Henderson,"Large Smoothies - Glowing Greens - 2.50, Large Speciality Tea - Earl Grey - 1.60, Large Frappes - Strawberries & Cream - 3.25",7.35,CASH,
23/07/2024 08:02,London Brixton,Karen Neff,"Large Smoothies - Glowing Greens - 2.50, Regular Smoothies - Glowing Greens - 2.00, Regular Frappes - Strawberries & Cream - 2.75",7.25,CASH,
23/07/2024 08:03,London Brixton,Jennifer Rosario,Large Smoothies - Glowing Greens - 2.50,2.5,CARD,2932853812694920
23/07/2024 08:04,London Brixton,Florence Serbus,"Regular Espresso - 1.50, Large Iced americano - 2.50",4.0,CASH,
23/07/2024 08:05,London Brixton,Leslie Matson,"Regular Smoothies - Glowing Greens - 2.00, Large Iced americano - 2.50",4.5,CASH,
23/07/2024 08:06,London Brixton,Edna Dewald,Large Cappuccino - 2.45,2.45,CARD,9026409684348495
23/07/2024 08:07,London Brixton,Linda Kellem,"Large Speciality Tea - Earl Grey - 1.60, Regular Speciality Tea - Earl Grey - 1.30, Regular Iced americano - 2.15",5.05,CASH,
23/07/2024 08:08,London Brixton,Alfred Montoya,"Large Iced americano - 2.50, Large Smoothies - Carrot Kick - 2.50",5.0,CARD,3012878138471094
23/07/2024 08:09,London Brixton,David Thompson,"Regular Iced americano - 2.15, Regular Hot chocolate - 2.20",4.35,CASH,
23/07/2024 08:10,London Brixton,Zoila Rolan,"Regular Hot chocolate - 2.20, Large Cappuccino - 2.45, Regular Frappes - Strawberries & Cream - 2.75",7.4,CARD,1026096999746675
23/07/2024 08:11,London Brixton,John Hall,"Large Smoothies - Carrot Kick - 2.50, Regular Iced americano - 2.15",4.65,CARD,6015515298007272
23/07/2024 08:12,London Brixton,William Dodson,"Large Speciality Tea - Earl Grey - 1.60, Regular Smoothies - Carrot Kick - 2.00, Large Espresso - 1.80",5.4,CARD,2980394519560555
23/07/2024 08:13,London Brixton,Matthew Murray,"Regular Smoothies - Carrot Kick - 2.00, Regular Speciality Tea - Earl Grey - 1.30, Regular Frappes - Strawberries & Cream - 2.75, Large Smoothies - Carrot Kick - 2.50, Large Frappes - Strawberries & Cream - 3.25",11.8,CARD,3383067087640531
23/07/2024 08:14,London Brixton,Alta Bethell,"Regular Iced americano - 2.15, Regular Espresso - 1.50, Regular Iced americano - 2.15, Large Smoothies - Carrot Kick - 2.50",8.3,CASH,
23/07/2024 08:15,London Brixton,Felix Parker,"Regular Hot chocolate - 2.20, Large Iced americano - 2.50",4.7,CARD,6345428413770275
23/07/2024 08:16,London Brixton,Ricky Camargo,"Regular Cappuccino - 2.15, Regular Hot chocolate - 2.20, Regular Smoothies - Carrot Kick - 2.00, Large Iced americano - 2.50, Regular Smoothies - Carrot Kick - 2.00",10.85,CARD,3859470629428126
23/07/2024 08:17,London Brixton,Elizabeth Johnson,"Regular Smoothies - Glowing Greens - 2.00, Large Cappuccino - 2.45, Regular Iced americano - 2.15, Regular Smoothies - Carrot Kick - 2.00",8.6,CARD,3388486217178988
23/07/2024 08:18,London Brixton,James Collins,"Regular Smoothies - Glowing Greens - 2.00, Large Hot chocolate - 2.90, Regular Espresso - 1.50, Large Speciality Tea - Earl Grey - 1.60",8.0,CARD,1835022303027565
23/07/2024 08:19,London Brixton,Chandra Post,Regular Smoothies - Glowing Greens - 2.00,2.0,CARD,4659988243269134
23/07/2024 08:20,London Brixton,Beth Perrigan,"Regular Speciality Tea - Earl Grey - 1.30, Regular Cappuccino - 2.15",3.45,CARD,1716109149631362
23/07/2024 08:21,London Brixton,George Elizalde,"Regular Speciality Tea - Earl Grey - 1.30, Large Hot chocolate - 2.90",4.2,CASH,
23/07/2024 08:22,London Brixton,Teresa Salisbury,"Large Frappes - Strawberries & Cream - 3.25, Regular Hot chocolate - 2.20, Regular Iced americano - 2.15, Regular Smoothies - Glowing Greens - 2.00",9.6,CARD,8173083678878447
23/07/2024 08:23,London Brixton,Andrew Talley,"Regular Smoothies - Carrot Kick - 2.00, Regular Iced americano - 2.15",4.15,CARD,4096903686226764
23/07/2024 08:24,London Brixton,Raymond Moore,"Large Smoothies - Carrot Kick - 2.50, Regular Iced americano - 2.15, Regular Espresso - 1.50",6.15,CARD,8821360294880767
23/07/2024 08:25,London Brixton,Edna Lafreniere,Large Hot chocolate - 2.90,2.9,CARD,5097801579609399
23/07/2024 08:26,London Brixton,Judith Anderson,"Regular Cappuccino - 2.15, Regular Smoothies - Carrot Kick - 2.00",4.15,CARD,3762150676578216
23/07/2024 08:27,London Brixton,Patricia Corey,"Regular Espresso - 1.50, Large Frappes - Strawberries & Cream - 3.25, Regular Speciality Tea - Earl Grey - 1.30, Regular Smoothies - Carrot Kick - 2.00",8.05,CASH,
23/07/2024 08:28,London Brixton,Hector Ho,"Regular Iced americano - 2.15, Regular Cappuccino - 2.15",4.3,CARD,1753096794686203
23/07/2024 08:29,London Brixton,Joshua Hartzog,"Large Speciality Tea - Earl Grey - 1.60, Large Cappuccino - 2.45, Regular Smoothies - Glowing Greens - 2.00, Regular Speciality Tea - Earl Grey - 1.30",7.35,CARD,9934076716027848
23/07/2024 08:30,London Brixton,Cynthia Scott,"Large Cappuccino - 2.45, Regular Cappuccino - 2.15, Regular Hot chocolate - 2.20, Regular Speciality Tea - Earl Grey - 1.30",8.1,CARD,9120959143079614
23/07/2024 08:31,London Brixton,Chelsie Mccorrison,"Regular Iced americano - 2.15, Regular Iced americano - 2.15, Regular Speciality Tea - Earl Grey - 1.30, Large Frappes - Strawberries & Cream - 3.25",8.85,CARD,3767382402589067
23/07/2024 08:32,London Brixton,Jeffrey Whelan,"Regular Espresso - 1.50, Large Iced americano - 2.50, Large Smoothies - Carrot Kick - 2.50, Regular Espresso - 1.50",8.0,CASH,
23/07/2024 08:33,London Brixton,Elizabeth Strickland,Regular Frappes - Strawberries & Cream - 2.75,2.75,CASH,
23/07/2024 08:34,London Brixton,Gail Basden,"Large Cappuccino - 2.45, Large Hot chocolate - 2.90",5.35,CASH,
23/07/2024 08:35,London Brixton,Edward Halle,"Large Hot chocolate - 2.90, Large Smoothies - Glowing Greens - 2.50",5.4,CARD,1370859245990960
23/07/2024 08:36,London Brixton,Guy Wilkinson,Regular Cappuccino - 2.15,2.15,CARD,6516426590939080
23/07/2024 08:37,London Brixton,Ben Ransbottom,"Large Speciality Tea - Earl Grey - 1.60, Large Speciality Tea - Earl Grey - 1.60, Regular Hot chocolate - 2.20, Regular Smoothies - Glowing Greens - 2.00",7.4,CARD,2235036191654526
23/07/2024 08:38,London Brixton,Brandi Barreto,"Large Cappuccino - 2.45, Large Smoothies - Glowing Greens - 2.50, Large Hot chocolate - 2.90",7.85,CARD,3203068613808186
23/07/2024 08:39,London Brixton,Cheryl Washington,"Regular Cappuccino - 2.15, Regular Cappuccino - 2.15",4.3,CASH,
23/07/2024 08:40,London Brixton,Jana Axelson,"Regular Smoothies - Glowing Greens - 2.00, Large Iced americano - 2.50, Regular Espresso - 1.50, Regular Iced americano - 2.15",8.15,CASH,
23/07/2024 08:41,London Brixton,Miguel Caines,Large Speciality Tea - Earl Grey - 1.60,1.6,CARD,8447502324713852
23/07/2024 08:42,London Brixton,Bertha Zamora,"Regular Iced americano - 2.15, Regular Espresso - 1.50, Regular Speciality Tea - Earl Grey - 1.30, Large Speciality Tea - Earl Grey - 1.60",6.55,CARD,6118152280192388
23/07/2024 08:43,London Brixton,Robert Kriegel,"Regular Espresso - 1.50, Regular Speciality Tea - Earl Grey - 1.30, Large Smoothies - Carrot Kick - 2.50",5.3,CARD,7569971122984054
23/07/2024 08:44,London Brixton,Cecile Baker,Regular Smoothies - Glowing Greens - 2.00,2.0,CARD,6622466166672892
23/07/2024 08:45,London Brixton,Mimi Poole,"Regular Iced americano - 2.15, Regular Hot chocolate - 2.20, Regular Cappuccino - 2.15",6.5,CARD,4181295617065844
23/07/2024 08:46,London Brixton,Jacqueline Neumayer,"Regular Espresso - 1.50, Large Frappes - Strawberries & Cream - 3.25, Large Speciality Tea - Earl Grey - 1.60",6.35,CARD,9776005902615786
23/07/2024 08:47,London Brixton,Dana Worthey,"Regular Frappes - Strawberries & Cream - 2.75, Regular Iced americano - 2.15, Large Speciality Tea - Earl Grey - 1.60",6.5,CASH,
23/07/2024 08:48,London Brixton,Gloria Motley,"Regular Espresso - 1.50, Large Speciality Tea - Earl Grey - 1.60, Regular Speciality Tea - Earl Grey - 1.30, Regular Espresso - 1.50",5.9,CASH,
23/07/2024 08:49,London Brixton,Vernon Murillo,Large Smoothies - Glowing Greens - 2.50,2.5,CARD,5979425606197392
23/07/2024 08:50,London Brixton,Mary Sheehan,"Regular Smoothies - Carrot Kick - 2.00, Regular Iced americano - 2.15, Large Smoothies - Glowing Greens - 2.50",6.65,CARD,9881616212674167
23/07/2024 08:51,London Brixton,Christine Culver,"Regular Iced americano - 2.15, Regular Frappes - Strawberries & Cream - 2.75",4.9,CARD,1692439658459908
23/07/2024 08:52,London Brixton,Matthew Rabello,"Regular Hot chocolate - 2.20, Large Speciality Tea - Earl Grey - 1.60, Large Hot chocolate - 2.90, Regular Hot chocolate - 2.20, Regular Frappes - Strawberries & Cream - 2.75",11.65,CASH,
23/07/2024 08:53,London Brixton,Bryce Jenkins,"Large Cappuccino - 2.45, Regular Hot chocolate - 2.20, Large Cappuccino - 2.45",7.1,CASH,
23/07/2024 08:54,London Brixton,Timothy Merritt,Large Cappuccino - 2.45,2.45,CASH,
23/07/2024 08:55,London Brixton,Marian Sanders,"Large Speciality Tea - Earl Grey - 1.60, Regular Iced americano - 2.15, Large Smoothies - Glowing Greens - 2.50",6.25,CARD,3196946667863419
23/07/2024 08:56,London Brixton,Amelia Davis,Regular Iced americano - 2.15,2.15,CARD,6022465857838005
23/07/2024 08:57,London Brixton,Ruben Davies,"Regular Espresso - 1.50, Regular Frappes - Strawberries & Cream - 2.75",4.25,CARD,2360997824449682
23/07/2024 08:58,London Brixton,Karen Hernandez,"Regular Hot chocolate - 2.20, Regular Speciality Tea - Earl Grey - 1.30",3.5,CASH,
23/07/2024 08:59,London Brixton,Gary Helton,"Large Iced americano - 2.50, Large Smoothies - Carrot Kick - 2.50",5.0,CARD,6401805535004468
23/07/2024 08:59,London Brixton,Theresa Rich,Large Speciality Tea - Earl Grey - 1.60,1.6,CARD,8832977898337913
23/07/2024 09:00,London Brixton,Martha Bradley,"Regular Cappuccino - 2.15, Large Speciality Tea - Earl Grey - 1.60, Regular Frappes - Strawberries & Cream - 2.75, Regular Iced americano - 2.15",8.65,CARD,7647334302579201
23/07/2024 09:02,London Brixton,Patrick Strate,"Large Hot chocolate - 2.90, Large Frappes - Strawberries & Cream - 3.25, Regular Iced americano - 2.15, Large Hot chocolate - 2.90, Large Iced americano - 2.50, Regular Iced americano - 2.15",15.85,CARD,1329205721406764
23/07/2024 09:03,London Brixton,Michael Treat,Regular Cappuccino - 2.15,2.15,CASH,
23/07/2024 09:04,London Brixton,Phil Mcnealy,"Regular Espresso - 1.50, Large Speciality Tea - Earl Grey - 1.60",3.1,CARD,6341545174278362
23/07/2024 09:05,London Brixton,Leo Woodard,"Regular Smoothies - Carrot Kick - 2.00, Large Iced americano - 2.50, Large Smoothies - Glowing Greens - 2.50, Large Smoothies - Glowing Greens - 2.50",9.5,CARD,1529276588773855
23/07/2024 09:06,London Brixton,Lynn Cisneros,"Large Speciality Tea - Earl Grey - 1.60, Large Smoothies - Carrot Kick - 2.50, Large Speciality Tea - Earl Grey - 1.60, Regular Iced americano - 2.15, Large Frappes - Strawberries & Cream - 3.25",11.1,CARD,3400269649273386
23/07/2024 09:07,London Brixton,Mark Rodriguez,Regular Speciality Tea - Earl Grey - 1.30,1.3,CARD,4793514517543754
23/07/2024 09:09,London Brixton,Jenna Perez,Large Smoothies - Carrot Kick - 2.50,2.5,CASH,
23/07/2024 09:10,London Brixton,Charles Uzelac,"Regular Speciality Tea - Earl Grey - 1.30, Regular Smoothies - Carrot Kick - 2.00",3.3,CASH,
23/07/2024 09:11,London Brixton,Aundrea Livingston,"Regular Smoothies - Carrot Kick - 2.00, Regular Smoothies - Glowing Greens - 2.00, Regular Speciality Tea - Earl Grey - 1.30, Regular Smoothies - Carrot Kick - 2.00, Regular Frappes - Strawberries & Cream - 2.75, Regular Smoothies - Carrot Kick - 2.00",12.05,CASH,
23/07/2024 09:12,London Brixton,Damian Corder,"Regular Smoothies - Glowing Greens - 2.00, Large Espresso - 1.80, Regular Iced americano - 2.15",5.95,CARD,3585327656774124
23/07/2024 09:13,London Brixton,Patrick Trujillo,Large Cappuccino - 2.45,2.45,CARD,7210109681790324
23/07/2024 09:14,London Brixton,Rosa Rose,"Regular Espresso - 1.50, Large Iced americano - 2.50, Large Smoothies - Carrot Kick - 2.50, Regular Speciality Tea - Earl Grey - 1.30",7.8,CARD,9488817037138590
23/07/2024 09:16,London Brixton,Daniel Price,"Large Iced americano - 2.50, Regular Iced americano - 2.15, Large Smoothies - Glowing Greens - 2.50",7.15,CARD,3106244988638865
23/07/2024 09:17,London Brixton,Annie Brown,Regular Hot chocolate - 2.20,2.2,CARD,9171033127562544
23/07/2024 09:18,London Brixton,Richard Ozuna,"Large Smoothies - Glowing Greens - 2.50, Regular Cappuccino - 2.15, Regular Frappes - Strawberries & Cream - 2.75",7.4,CASH,
23/07/2024 09:19,London Brixton,Maria Olague,"Regular Speciality Tea - Earl Grey - 1.30, Large Cappuccino - 2.45, Regular Hot chocolate - 2.20, Large Hot chocolate - 2.90",8.85,CASH,
23/07/2024 09:20,London Brixton,Lona Matheney,"Large Smoothies - Glowing Greens - 2.50, Large Espresso - 1.80",4.3,CARD,4063326521534132
23/07/2024 09:21,London Brixton,Michael Silas,"Large Smoothies - Carrot Kick - 2.50, Regular Espresso - 1.50",4.0,CARD,8565343724701320
23/07/2024 09:23,London Brixton,Theresa Hunt,Regular Cappuccino - 2.15,2.15,CARD,1621688055445169
23/07/2024 09:24,London Brixton,Bradley Harris,"Regular Speciality Tea - Earl Grey - 1.30, Regular Espresso - 1.50, Large Smoothies - Carrot Kick - 2.50, Large Iced americano - 2.50, Large Speciality Tea - Earl Grey - 1.60",9.4,CARD,3169330070325464
23/07/2024 09:25,London Brixton,Stephanie Ulberg,"Large Cappuccino - 2.45, Large Speciality Tea - Earl Grey - 1.60, Regular Smoothies - Carrot Kick - 2.00, Regular Speciality Tea - Earl Grey - 1.30, Large Smoothies - Carrot Kick - 2.50",9.85,CARD,8128933657779015
23/07/2024 09:26,London Brixton,Jeremy Cory,"Large Hot chocolate - 2.90, Regular Iced americano - 2.15, Large Frappes - Strawberries & Cream - 3.25, Regular Smoothies - Glowing Greens - 2.00, Large Hot chocolate - 2.90",13.2,CARD,3450235818743161
23/07/2024 09:27,London Brixton,Cynthia Young,Regular Iced americano - 2.15,2.15,CARD,7571186727931496
23/07/2024 09:28,London Brixton,Barbara Lemmons,"Large Smoothies - Glowing Greens - 2.50, Large Iced americano - 2.50, Regular Speciality Tea - Earl Grey - 1.30, Regular Hot chocolate - 2.20",8.5,CARD,8683027543486856
23/07/2024 09:30,London Brixton,Morgan Robinson,Large Iced americano - 2.50,2.5,CARD,4157907902830937
23/07/2024 09:31,London Brixton,Melissa Lafferty,Regular Smoothies - Glowing Greens - 2.00,2.0,CARD,7540262680780844
23/07/2024 09:32,London Brixton,Thomas Spotted,"Large Iced americano - 2.50, Regular Smoothies - Carrot Kick - 2.00",4.5,CARD,6964571415471659
23/07/2024 09:33,London Brixton,James Henderson,"Regular Cappuccino - 2.15, Regular Smoothies - Carrot Kick - 2.00, Large Iced americano - 2.50, Large Speciality Tea - Earl Grey - 1.60",8.25,CARD,9254248989621091
23/07/2024 09:34,London Brixton,Craig Carpenter,"Regular Cappuccino - 2.15, Large Hot chocolate - 2.90, Regular Iced americano - 2.15, Large Speciality Tea - Earl Grey - 1.60",8.8,CARD,9135205943491550
23/07/2024 09:35,London Brixton,Alice Kuzma,"Regular Smoothies - Carrot Kick - 2.00, Large Iced americano - 2.50, Large Espresso - 1.80, Large Speciality Tea - Earl Grey - 1.60",7.9,CASH,
23/07/2024 09:37,London Brixton,Roy Phaneuf,"Regular Smoothies - Glowing Greens - 2.00, Large Smoothies - Glowing Greens - 2.50",4.5,CARD,7938866994533850
23/07/2024 09:38,London Brixton,Janice Washburn,"Large Espresso - 1.80, Regular Smoothies - Glowing Greens - 2.00",3.8,CARD,6002310014023584
23/07/2024 09:39,London Brixton,Jennifer Musgrove,"Regular Speciality Tea - Earl Grey - 1.30, Regular Smoothies - Carrot Kick - 2.00, Large Smoothies - Glowing Greens - 2.50",5.8,CARD,6773372625229226
23/07/2024 09:40,London Brixton,Mark West,Large Cappuccino - 2.45,2.45,CARD,6489191601420617
23/07/2024 09:41,London Brixton,Jerry Long,"Regular Speciality Tea - Earl Grey - 1.30, Large Frappes - Strawberries & Cream - 3.25",4.55,CARD,2588597439518242
23/07/2024 09:42,London Brixton,Emanuel Kehoe,"Regular Hot chocolate - 2.20, Regular Iced americano - 2.15",4.35,CASH,
23/07/2024 09:44,London Brixton,Peter Riddle,"Large Speciality Tea - Earl Grey - 1.60, Large Cappuccino - 2.45",4.05,CARD,2014636219846372
23/07/2024 09:45,London Brixton,Adam Ouzts,"Regular Smoothies - Glowing Greens - 2.00, Large Frappes - Strawberries & Cream - 3.25",5.25,CASH,
23/07/2024 09:46,London Brixton,Robert Lee,"Large Iced americano - 2.50, Large Iced americano - 2.50",5.0,CARD,6856380929423237
23/07/2024 09:47,London Brixton,Latisha Payne,"Regular Iced americano - 2.15, Large Hot chocolate - 2.90",5.05,CARD,8976696263978318
23/07/2024 09:48,London Brixton,Sherry Montano,"Regular Smoothies - Glowing Greens - 2.00, Regular Espresso - 1.50, Regular Speciality Tea - Earl Grey - 1.30",4.8,CARD,9268060709509350
23/07/2024 09:49,London Brixton,Robert Steege,Large Iced americano - 2.50,2.5,CARD,8993701077255238
23/07/2024 09:51,London Brixton,Juan Fannin,"Regular Smoothies - Carrot Kick - 2.00, Regular Espresso - 1.50",3.5,CARD,8793152643043899
23/07/2024 09:52,London Brixton,Carroll Diaz,Large Espresso - 1.80,1.8,CASH,
23/07/2024 09:53,London Brixton,Candace Gibson,"Regular Cappuccino - 2.15, Regular Speciality Tea - Earl Grey - 1.30",3.45,CARD,9320538877723584
23/07/2024 09:54,London Brixton,Linda Mahajan,"Large Iced americano - 2.50, Large Speciality Tea - Earl Grey - 1.60, Regular Cappuccino - 2.15",6.25,CARD,9613267451866850
23/07/2024 09:55,London Brixton,Lois Ely,Large Speciality Tea - Earl Grey - 1.60,1.6,CASH,
23/07/2024 09:56,London Brixton,Ronald West,"Regular Speciality Tea - Earl Grey - 1.30, Large Hot chocolate - 2.90, Regular Speciality Tea - Earl Grey - 1.30",5.5,CASH,
23/07/2024 09:58,London Brixton,Scott Lucas,"Large Frappes - Strawberries & Cream - 3.25, Regular Espresso - 1.50",4.75,CARD,4633833650126410
23/07/2024 09:59,London Brixton,Michael Villegas,Regular Smoothies - Glowing Greens - 2.00,2.0,CARD,7030985610210136
23/07/2024 10:00,London Brixton,Cindy Brubaker,"Large Smoothies - Carrot Kick - 2.50, Large Smoothies - Glowing Greens - 2.50, Large Smoothies - Glowing Greens - 2.50, Large Espresso - 1.80",9.3,CARD,7526091232859424
23/07/2024 10:01,London Brixton,Joseph Wilson,"Regular Speciality Tea - Earl Grey - 1.30, Large Espresso - 1.80, Regular Frappes - Strawberries & Cream - 2.75",5.85,CASH,
23/07/2024 10:02,London Brixton,Tonia Adkins,"Regular Espresso - 1.50, Regular Cappuccino - 2.15, Regular Espresso - 1.50, Regular Speciality Tea - Earl Grey - 1.30",6.45,CARD,9946812526591795
23/07/2024 10:03,London Brixton,Bruce Wilkins,Regular Smoothies - Glowing Greens - 2.00,2.0,CARD,6173366997100657
23/07/2024 10:05,London Brixton,Marg Ryan,Regular Speciality Tea - Earl Grey - 1.30,1.3,CARD,3898214873892416
23/07/2024 10:06,London Brixton,Jonathan Fernandez,"Regular Smoothies - Glowing Greens - 2.00, Regular Smoothies - Carrot Kick - 2.00, Regular Frappes - Strawberries & Cream - 2.75, Large Smoothies - Carrot Kick - 2.50",9.25,CASH,
23/07/2024 10:07,London Brixton,Mary Collins,Large Espresso - 1.80,1.8,CARD,5732390383001412
23/07/2024 10:08,London Brixton,Manuel Burgess,Regular Smoothies - Glowing Greens - 2.00,2.0,CARD,4744891063787565
23/07/2024 10:09,London Brixton,Geneva Smith,"Large Speciality Tea - Earl Grey - 1.60, Large Smoothies - Glowing Greens - 2.50, Large Iced americano - 2.50",6.6,CARD,4124431040895078
23/07/2024 10:10,London Brixton,Tony Hawkins,"Regular Cappuccino - 2.15, Large Speciality Tea - Earl Grey - 1.60",3.75,CARD,8209331546354850
23/07/2024 10:12,London Brixton,Lolita Blanco,"Regular Frappes - Strawberries & Cream - 2.75, Regular Speciality Tea - Earl Grey - 1.30, Regular Espresso - 1.50, Regular Smoothies - Carrot Kick - 2.00, Regular Iced americano - 2.15, Large Espresso - 1.80",11.5,CARD,3344465257542238
23/07/2024 10:13,London Brixton,George Hatcher,"Large Hot chocolate - 2.90, Regular Iced americano - 2.15, Regular Frappes - Strawberries & Cream - 2.75",7.8,CASH,
23/07/2024 10:14,London Brixton,Wayne Mcdonald,Regular Hot chocolate - 2.20,2.2,CASH,
23/07/2024 10:15,London Brixton,Joseph Snyder,"Large Iced americano - 2.50, Regular Espresso - 1.50, Regular Cappuccino - 2.15",6.15,CARD,9544722982871074
23/07/2024 10:16,London Brixton,Harry Schoonmaker,Regular Iced americano - 2.15,2.15,CARD,1159418631639246
23/07/2024 10:17,London Brixton,Michael Posthuma,"Regular Smoothies - Glowing Greens - 2.00, Regular Hot chocolate - 2.20, Regular Speciality Tea - Earl Grey - 1.30, Regular Hot chocolate - 2.20",7.7,CARD,4919608060980968
23/07/2024 10:19,London Brixton,Sandra Horton,"Regular Frappes - Strawberries & Cream - 2.75, Large Smoothies - Glowing Greens - 2.50, Regular Cappuccino - 2.15, Regular Frappes - Strawberries & Cream - 2.75, Large Speciality Tea - Earl Grey - 1.60",11.75,CARD,2678893565697606
23/07/2024 10:20,London Brixton,Rico Hurd,"Regular Speciality Tea - Earl Grey - 1.30, Regular Smoothies - Carrot Kick - 2.00, Regular Smoothies - Glowing Greens - 2.00, Regular Frappes - Strawberries & Cream - 2.75",8.05,CARD,4122895381234611
23/07/2024 10:21,London Brixton,John Mastin,Regular Speciality Tea - Earl Grey - 1.30,1.3,CASH,
23/07/2024 10:22,London Brixton,Danielle Obrian,Large Speciality Tea - Earl Grey - 1.60,1.6,CASH,
23/07/2024 10:23,London Brixton,Tim Beasley,"Large Iced americano - 2.50, Large Cappuccino - 2.45",4.95,CARD,5453532404704330
23/07/2024 10:24,London Brixton,Harry Miller,"Large Hot chocolate - 2.90, Regular Speciality Tea - Earl Grey - 1.30, Large Smoothies - Glowing Greens - 2.50, Regular Speciality Tea - Earl Grey - 1.30",8.0,CASH,
23/07/2024 10:26,London Brixton,Vickie Paterniti,"Regular Espresso - 1.50, Large Cappuccino - 2.45, Regular Cappuccino - 2.15, Regular Cappuccino - 2.15",8.25,CASH,
23/07/2024 10:27,London Brixton,Tammy Obrien,"Large Frappes - Strawberries & Cream - 3.25, Large Espresso - 1.80",5.05,CASH,
23/07/2024 10:28,London Brixton,Mildred Eichhorn,"Large Cappuccino - 2.45, Regular Iced americano - 2.15, Large Speciality Tea - Earl Grey - 1.60, Regular Hot chocolate - 2.20",8.4,CARD,2088093124246382
23/07/2024 10:29,London Brixton,Deborah Wyatt,Regular Iced americano - 2.15,2.15,CARD,2908459932274038
23/07/2024 10:30,London Brixton,Jerry Langston,"Large Iced americano - 2.50, Regular Speciality Tea - Earl Grey - 1.30, Regular Iced americano - 2.15, Large Smoothies - Glowing Greens - 2.50",8.45,CARD,4387218636048239
23/07/2024 10:31,London Brixton,Mario Baxter,"Regular Iced americano - 2.15, Large Speciality Tea - Earl Grey - 1.60",3.75,CARD,9838912988795049
23/07/2024 10:33,London Brixton,Margarita Rehart,"Regular Smoothies - Glowing Greens - 2.00, Large Speciality Tea - Earl Grey - 1.60, Large Iced americano - 2.50, Large Frappes - Strawberries & Cream - 3.25, Regular Cappuccino - 2.15",11.5,CARD,9130731998377066
23/07/2024 10:34,London Brixton,Patricia Ortega,Regular Iced americano - 2.15,2.15,CARD,5074623683613977
23/07/2024 10:35,London Brixton,Everett Grimm,"Large Iced americano - 2.50, Large Smoothies - Glowing Greens - 2.50, Large Speciality Tea - Earl Grey - 1.60, Large Hot chocolate - 2.90",9.5,CARD,8048013351222430
23/07/2024 10:36,London Brixton,Catherine Martinez,Regular Frappes - Strawberries & Cream - 2.75,2.75,CARD,9320672086177072
23/07/2024 10:37,London Brixton,Mike Levy,"Large Hot chocolate - 2.90, Regular Cappuccino - 2.15, Regular Iced americano - 2.15, Regular Frappes - Strawberries & Cream - 2.75",9.95,CARD,7959732204453347
23/07/2024 10:38,London Brixton,Theresa Davis,"Regular Hot chocolate - 2.20, Regular Speciality Tea - Earl Grey - 1.30, Large Smoothies - Glowing Greens - 2.50, Regular Speciality Tea - Earl Grey - 1.30",7.3,CASH,
23/07/2024 10:40,London Brixton,John Silverman,"Regular Espresso - 1.50, Regular Hot chocolate - 2.20, Large Espresso - 1.80, Large Speciality Tea - Earl Grey - 1.60",7.1,CASH,
23/07/2024 10:41,London Brixton,Nancy Humphrey,"Large Speciality Tea - Earl Grey - 1.60, Regular Speciality Tea - Earl Grey - 1.30",2.9,CARD,7685329104656305
23/07/2024 10:42,London Brixton,Anthony Christo,"Large Cappuccino - 2.45, Large Hot chocolate - 2.90",5.35,CARD,6002944740441600
23/07/2024 10:43,London Brixton,Gladys Cummings,"Regular Cappuccino - 2.15, Large Hot chocolate - 2.90, Regular Smoothies - Carrot Kick - 2.00, Large Speciality Tea - Earl Grey - 1.60, Regular Smoothies - Glowing Greens - 2.00",10.65,CASH,
23/07/2024 10:44,London Brixton,Roderick Dale,"Regular Speciality Tea - Earl Grey - 1.30, Regular Espresso - 1.50, Large Smoothies - Carrot Kick - 2.50, Regular Cappuccino - 2.15",7.45,CASH,
23/07/2024 10:45,London Brixton,Grace Sullivan,"Large Speciality Tea - Earl Grey - 1.60, Regular Speciality Tea - Earl Grey - 1.30, Regular Hot chocolate - 2.20",5.1,CARD,4495258620787200
23/07/2024 10:47,London Brixton,Theodora Johnson,"Regular Smoothies - Glowing Greens - 2.00, Regular Speciality Tea - Earl Grey - 1.30, Large Hot chocolate - 2.90",6.2,CARD,7626299963767642
23/07/2024 10:48,London Brixton,Larry Larrison,"Regular Smoothies - Glowing Greens - 2.00, Regular Hot chocolate - 2.20",4.2,CARD,3520830144684649
23/07/2024 10:49,London Brixton,Timothy Legg,"Regular Hot chocolate - 2.20, Regular Smoothies - Glowing Greens - 2.00, Large Iced americano - 2.50",6.7,CARD,3363655151278871
23/07/2024 10:50,London Brixton,Kevin Mayfield,"Regular Espresso - 1.50, Large Smoothies - Carrot Kick - 2.50, Regular Hot chocolate - 2.20",6.2,CARD,7098714557576995
23/07/2024 10:51,London Brixton,Yolanda Mayberry,"Large Espresso - 1.80, Regular Speciality Tea - Earl Grey - 1.30, Large Smoothies - Glowing Greens - 2.50, Regular Hot chocolate - 2.20",7.8,CASH,
23/07/2024 10:52,London Brixton,Rebecca Carter,"Large Speciality Tea - Earl Grey - 1.60, Large Frappes - Strawberries & Cream - 3.25",4.85,CARD,6932479825463424
23/07/2024 10:54,London Brixton,Simone Crawford,"Large Espresso - 1.80, Regular Hot chocolate - 2.20",4.0,CARD,2647434763587624
23/07/2024 10:55,London Brixton,John Miller,"Regular Iced americano - 2.15, Regular Smoothies - Carrot Kick - 2.00",4.15,CARD,2555876016855328
23/07/2024 10:56,London Brixton,Paula Ross,"Regular Iced americano - 2.15, Large Smoothies - Glowing Greens - 2.50",4.65,CARD,6404555474200597
23/07/2024 10:57,London Brixton,Andrew Chow,"Large Hot chocolate - 2.90, Regular Hot chocolate - 2.20",5.1,CARD,6749828085023606
23/07/2024 10:58,London Brixton,Tamatha Parker,"Regular Hot chocolate - 2.20, Large Frappes - Strawberries & Cream - 3.25, Large Smoothies - Glowing Greens - 2.50, Large Espresso - 1.80, Regular Frappes - Strawberries & Cream - 2.75, Large Cappuccino - 2.45",14.95,CARD,4593109024544714
23/07/2024 10:59,London Brixton,Daniel Smith,"Large Speciality Tea - Earl Grey - 1.60, Large Iced americano - 2.50, Large Espresso - 1.80, Regular Cappuccino - 2.15",8.05,CARD,8763610154677527
23/07/2024 11:01,London Brixton,Ronald Williams,"Regular Smoothies - Carrot Kick - 2.00, Regular Smoothies - Carrot Kick - 2.00",4.0,CARD,1338333861149831
23/07/2024 11:03,London Brixton,Felix Deschaine,Regular Espresso - 1.50,1.5,CASH,
23/07/2024 11:04,London Brixton,Diana Varney,Large Smoothies - Glowing Greens - 2.50,2.5,CARD,3921523492363809
23/07/2024 11:06,London Brixton,Blaine Nowden,"Regular Frappes - Strawberries & Cream - 2.75, Large Cappuccino - 2.45, Regular Iced americano - 2.15",7.35,CASH,
23/07/2024 11:08,London Brixton,Joann Earls,"Regular Smoothies - Glowing Greens - 2.00, Regular Speciality Tea - Earl Grey - 1.30, Large Smoothies - Glowing Greens - 2.50, Large Frappes - Strawberries & Cream - 3.25, Large Cappuccino - 2.45",11.5,CASH,
23/07/2024 11:10,London Brixton,Timothy Morgan,"Large Smoothies - Glowing Greens - 2.50, Large Iced americano - 2.50, Regular Iced americano - 2.15, Large Cappuccino - 2.45",9.6,CASH,
23/07/2024 11:12,London Brixton,William Morris,"Regular Espresso - 1.50, Large Speciality Tea - Earl Grey - 1.60",3.1,CASH,
23/07/2024 11:14,London Brixton,Danielle Garza,"Regular Hot chocolate - 2.20, Regular Smoothies - Carrot Kick - 2.00, Large Frappes - Strawberries & Cream - 3.25, Large Espresso - 1.80",9.25,CARD,5474282322077360
23/07/2024 11:16,London Brixton,John Gorsky,"Regular Frappes - Strawberries & Cream - 2.75, Regular Speciality Tea - Earl Grey - 1.30",4.05,CARD,8341266019848539
23/07/2024 11:17,London Brixton,Suzanne Bailey,"Regular Speciality Tea - Earl Grey - 1.30, Large Iced americano - 2.50, Regular Cappuccino - 2.15, Large Espresso - 1.80, Large Speciality Tea - Earl Grey - 1.60",9.35,CARD,7037750422851372
23/07/2024 11:19,London Brixton,Heidi Gonzalez,Large Hot chocolate - 2.90,2.9,CASH,
23/07/2024 11:21,London Brixton,Bryan Garrett,"Large Hot chocolate - 2.90, Large Hot chocolate - 2.90, Large Speciality Tea - Earl Grey - 1.60",7.4,CASH,
23/07/2024 11:23,London Brixton,Randal Richardson,"Regular Iced americano - 2.15, Regular Cappuccino - 2.15",4.3,CARD,5860045007584761
23/07/2024 11:25,London Brixton,Johnny Mcintosh,"Large Iced americano - 2.50, Large Cappuccino - 2.45",4.95,CASH,
23/07/2024 11:27,London Brixton,David Fields,Large Speciality Tea - Earl Grey - 1.60,1.6,CARD,5881003658505902
23/07/2024 11:29,London Brixton,Margaret Stallins,"Regular Smoothies - Carrot Kick - 2.00, Large Smoothies - Glowing Greens - 2.50",4.5,CASH,
23/07/2024 11:31,London Brixton,Jose Steele,"Regular Iced americano - 2.15, Large Smoothies - Glowing Greens - 2.50",4.65,CARD,7302010526187958
23/07/2024 11:32,London Brixton,Marsha Sutton,"Large Iced americano - 2.50, Regular Smoothies - Carrot Kick - 2.00, Regular Iced americano - 2.15, Regular Espresso - 1.50, Regular Iced americano - 2.15",10.3,CARD,5493637601669764
23/07/2024 11:34,London Brixton,David Peters,"Large Speciality Tea - Earl Grey - 1.60, Large Smoothies - Glowing Greens - 2.50",4.1,CARD,8294982149804265
23/07/2024 11:36,London Brixton,Julia Blanco,"Regular Smoothies - Carrot Kick - 2.00, Large Frappes - Strawberries & Cream - 3.25, Large Iced americano - 2.50, Large Cappuccino - 2.45",10.2,CASH,
23/07/2024 11:38,London Brixton,Katharine Vinz,Large Cappuccino - 2.45,2.45,CASH,
23/07/2024 11:40,London Brixton,Fred Diaz,Large Smoothies - Glowing Greens - 2.50,2.5,CARD,7297562085983165
23/07/2024 11:42,London Brixton,Felisa Hunsinger,"Regular Frappes - Strawberries & Cream - 2.75, Large Smoothies - Glowing Greens - 2.50, Regular Espresso - 1.50, Regular Iced americano - 2.15",8.9,CARD,9376400186655489
23/07/2024 11:44,London Brixton,Gwen Jugo,"Regular Smoothies - Glowing Greens - 2.00, Regular Hot chocolate - 2.20, Regular Smoothies - Glowing Greens - 2.00",6.2,CASH,
23/07/2024 11:45,London Brixton,Bryant Moore,Large Speciality Tea - Earl Grey - 1.60,1.6,CARD,8575438218631012
23/07/2024 11:47,London Brixton,Debbie Irby,"Regular Frappes - Strawberries & Cream - 2.75, Regular Speciality Tea - Earl Grey - 1.30, Large Espresso - 1.80, Regular Cappuccino - 2.15, Regular Frappes - Strawberries & Cream - 2.75",10.75,CASH,
23/07/2024 11:49,London Brixton,Charles Smith,Regular Smoothies - Carrot Kick - 2.00,2.0,CARD,4665725463028089
23/07/2024 11:51,London Brixton,Albert Anderson,Large Hot chocolate - 2.90,2.9,CARD,7944509672706943
23/07/2024 11:53,London Brixton,Douglas Gray,"Large Smoothies - Carrot Kick - 2.50, Regular Smoothies - Glowing Greens - 2.00, Regular Smoothies - Carrot Kick - 2.00, Large Frappes - Strawberries & Cream - 3.25, Large Smoothies - Glowing Greens - 2.50",12.25,CASH,
23/07/2024 11:55,London Brixton,Mary Sexton,"Large Frappes - Strawberries & Cream - 3.25, Large Frappes - Strawberries & Cream - 3.25, Large Espresso - 1.80, Regular Speciality Tea - Earl Grey - 1.30, Large Cappuccino - 2.45",12.05,CARD,1939052880692359
23/07/2024 11:57,London Brixton,Roy Brock,Regular Hot chocolate - 2.20,2.2,CARD,8077565593670435
23/07/2024 11:59,London Brixton,Melinda Brown,"Large Speciality Tea - Earl Grey - 1.60, Regular Hot chocolate - 2.20",3.8,CARD,8565215236820377
23/07/2024 12:00,London Brixton,James Rodriguez,"Large Smoothies - Carrot Kick - 2.50, Regular Smoothies - Carrot Kick - 2.00",4.5,CARD,8881132194794164
23/07/2024 12:02,London Brixton,Carlos Probst,"Large Espresso - 1.80, Large Cappuccino - 2.45",4.25,CARD,1002915905079874
23/07/2024 12:04,London Brixton,Leah Herren,"Large Speciality Tea - Earl Grey - 1.60, Regular Smoothies - Glowing Greens - 2.00, Large Cappuccino - 2.45, Regular Espresso - 1.50, Large Speciality Tea - Earl Grey - 1.60, Large Cappuccino - 2.45",11.6,CARD,9443096219912526
23/07/2024 12:06,London Brixton,John Peltier,Large Cappuccino - 2.45,2.45,CARD,2767064118457615
23/07/2024 12:08,London Brixton,Justin Carstens,Large Cappuccino - 2.45,2.45,CASH,
23/07/2024 12:10,London Brixton,Wilma Welch,Large Speciality Tea - Earl Grey - 1.60,1.6,CARD,4919251872159995
23/07/2024 12:12,London Brixton,William Blackard,"Large Frappes - Strawberries & Cream - 3.25, Large Espresso - 1.80, Regular Frappes - Strawberries & Cream - 2.75",7.8,CASH,
23/07/2024 12:14,London Brixton,Kevin Saad,Large Iced americano - 2.50,2.5,CARD,5219164279204377
23/07/2024 12:16,London Brixton,Justin Tucker,"Large Cappuccino - 2.45, Regular Smoothies - Glowing Greens - 2.00",4.45,CARD,8800786551956215
23/07/2024 12:18,London Brixton,Howard Vonstein,Regular Frappes - Strawberries & Cream - 2.75,2.75,CASH,
23/07/2024 12:20,London Brixton,Kenneth Cornish,Large Smoothies - Glowing Greens - 2.50,2.5,CASH,
23/07/2024 12:22,London Brixton,Carol Adams,"Large Cappuccino - 2.45, Regular Frappes - Strawberries & Cream - 2.75",5.2,CASH,
23/07/2024 12:24,London Brixton,Gladys Baker,"Large Cappuccino - 2.45, Regular Hot chocolate - 2.20, Regular Hot chocolate - 2.20",6.85,CASH,
23/07/2024 12:26,London Brixton,Marvin Shepherd,Regular Hot chocolate - 2.20,2.2,CARD,2622388970557085
23/07/2024 12:27,London Brixton,Jimmy Fields,"Regular Frappes - Strawberries & Cream - 2.75, Large Hot chocolate - 2.90, Regular Smoothies - Glowing Greens - 2.00",7.65,CARD,6481929883100292
23/07/2024 12:29,London Brixton,Merlin Foreman,"Regular Cappuccino - 2.15, Regular Espresso - 1.50, Large Smoothies - Carrot Kick - 2.50, Large Smoothies - Glowing Greens - 2.50",8.65,CASH,
23/07/2024 12:31,London Brixton,Bethany Preston,Regular Speciality Tea - Earl Grey - 1.30,1.3,CARD,7015354439109613
23/07/2024 12:33,London Brixton,Janine Buban,"Regular Hot chocolate - 2.20, Large Speciality Tea - Earl Grey - 1.60, Large Frappes - Strawberries & Cream - 3.25, Regular Espresso - 1.50",8.55,CARD,2674935604892569
23/07/2024 12:35,London Brixton,Claude Williams,"Regular Smoothies - Carrot Kick - 2.00, Regular Iced americano - 2.15, Large Iced americano - 2.50, Regular Cappuccino - 2.15",8.8,CASH,
23/07/2024 12:37,London Brixton,Donald Paul,Regular Cappuccino - 2.15,2.15,CASH,
23/07/2024 12:39,London Brixton,Curtis Desano,Large Speciality Tea - Earl Grey - 1.60,1.6,CASH,
23/07/2024 12:41,London Brixton,Clifton Meyers,"Regular Iced americano - 2.15, Large Iced americano - 2.50, Large Hot chocolate - 2.90, Regular Iced americano - 2.15",9.7,CARD,6301806430122142
23/07/2024 12:43,London Brixton,Mark Reynolds,"Regular Cappuccino - 2.15, Large Iced americano - 2.50",4.65,CARD,7166350468285157
23/07/2024 12:45,London Brixton,Tracy Fasano,"Regular Smoothies - Glowing Greens - 2.00, Regular Cappuccino - 2.15, Large Cappuccino - 2.45, Regular Frappes - Strawberries & Cream - 2.75, Large Cappuccino - 2.45, Regular Speciality Tea - Earl Grey - 1.30",13.1,CARD,2432834696402549
23/07/2024 12:47,London Brixton,Eric Knox,"Large Speciality Tea - Earl Grey - 1.60, Large Espresso - 1.80, Regular Cappuccino - 2.15, Regular Speciality Tea - Earl Grey - 1.30, Large Iced americano - 2.50",9.35,CASH,
23/07/2024 12:49,London Brixton,Cathy Douglas,"Large Speciality Tea - Earl Grey - 1.60, Regular Cappuccino - 2.15, Large Cappuccino - 2.45",6.2,CASH,
23/07/2024 12:51,London Brixton,David Banvelos,"Large Speciality Tea - Earl Grey - 1.60, Large Iced americano - 2.50, Large Iced americano - 2.50",6.6,CASH,
23/07/2024 12:53,London Brixton,Jill Whaley,"Large Iced americano - 2.50, Regular Espresso - 1.50, Regular Smoothies - Carrot Kick - 2.00, Large Frappes - Strawberries & Cream - 3.25, Regular Smoothies - Carrot Kick - 2.00",11.25,CARD,7247538568087309
23/07/2024 12:55,London Brixton,Georgetta Saine,Regular Smoothies - Carrot Kick - 2.00,2.0,CASH,
23/07/2024 12:56,London Brixton,James Mccullough,"Large Cappuccino - 2.45, Large Iced americano - 2.50, Regular Speciality Tea - Earl Grey - 1.30, Large Speciality Tea - Earl Grey - 1.60",7.85,CARD,1267888273011779
23/07/2024 12:58,London Brixton,Alexander Bowman,"Regular Smoothies - Carrot Kick - 2.00, Large Iced americano - 2.50, Regular Cappuccino - 2.15",6.65,CARD,8518536174720208
23/07/2024 13:00,London Brixton,Jerry Fuller,"Regular Espresso - 1.50, Regular Hot chocolate - 2.20",3.7,CARD,7309592603349249
23/07/2024 13:01,London Brixton,Sophie Miller,"Large Smoothies - Glowing Greens - 2.50, Large Smoothies - Glowing Greens - 2.50, Large Iced americano - 2.50, Regular Cappuccino - 2.15, Regular Espresso - 1.50, Large Smoothies - Carrot Kick - 2.50",13.65,CARD,5160974980405902
23/07/2024 13:02,London Brixton,Rosalyn Monsen,"Large Hot chocolate - 2.90, Regular Cappuccino - 2.15",5.05,CASH,
23/07/2024 13:03,London Brixton,Richard Zellmer,"Regular Iced americano - 2.15, Regular Frappes - Strawberries & Cream - 2.75, Regular Frappes - Strawberries & Cream - 2.75, Regular Espresso - 1.50, Large Smoothies - Carrot Kick - 2.50",11.65,CARD,7194348377470536
23/07/2024 13:04,London Brixton,Theresa Bias,"Large Speciality Tea - Earl Grey - 1.60, Large Iced americano - 2.50, Large Cappuccino - 2.45",6.55,CARD,1968815303025653
23/07/2024 13:05,London Brixton,Ashley Smith,"Regular Speciality Tea - Earl Grey - 1.30, Regular Frappes - Strawberries & Cream - 2.75, Large Espresso - 1.80",5.85,CARD,9321789020303658
23/07/2024 13:06,London Brixton,Thelma Norton,"Regular Iced americano - 2.15, Large Frappes - Strawberries & Cream - 3.25, Regular Cappuccino - 2.15",7.55,CARD,3005778239259263
23/07/2024 13:07,London Brixton,Elizabeth Arce,Regular Smoothies - Glowing Greens - 2.00,2.0,CARD,9537846080172734
23/07/2024 13:08,London Brixton,Daren Davy,"Large Frappes - Strawberries & Cream - 3.25, Large Iced americano - 2.50",5.75,CARD,1564262524744005
23/07/2024 13:09,London Brixton,Eugene Brooks,"Regular Cappuccino - 2.15, Large Speciality Tea - Earl Grey - 1.60",3.75,CARD,8000621979242566
23/07/2024 13:09,London Brixton,Marilyn Hoffman,"Large Speciality Tea - Earl Grey - 1.60, Large Frappes - Strawberries & Cream - 3.25",4.85,CARD,4412815274032907
23/07/2024 13:10,London Brixton,Bill Pope,Large Smoothies - Carrot Kick - 2.50,2.5,CARD,6670001042645900
23/07/2024 13:11,London Brixton,Sharon Gentry,Large Hot chocolate - 2.90,2.9,CARD,3424982752655918
23/07/2024 13:12,London Brixton,Nana Cooper,Regular Smoothies - Carrot Kick - 2.00,2.0,CARD,8118612548207005
23/07/2024 13:13,London Brixton,Julietta Shah,"Large Smoothies - Glowing Greens - 2.50, Regular Iced americano - 2.15, Large Iced americano - 2.50",7.15,CASH,
23/07/2024 13:14,London Brixton,William Winfree,Regular Espresso - 1.50,1.5,CARD,3300916264212749
23/07/2024 13:15,London Brixton,Andrew Ruff,Regular Frappes - Strawberries & Cream - 2.75,2.75,CARD,7747289603941046
23/07/2024 13:16,London Brixton,Gary Bauer,"Regular Cappuccino - 2.15, Regular Speciality Tea - Earl Grey - 1.30, Large Smoothies - Carrot Kick - 2.50",5.95,CARD,3669436298997677
23/07/2024 13:17,London Brixton,Edna Pender,"Regular Cappuccino - 2.15, Regular Espresso - 1.50, Regular Speciality Tea - Earl Grey - 1.30, Regular Frappes - Strawberries & Cream - 2.75, Large Hot chocolate - 2.90",10.6,CARD,4819539104816271
23/07/2024 13:18,London Brixton,Maria Moore,"Regular Speciality Tea - Earl Grey - 1.30, Regular Smoothies - Glowing Greens - 2.00, Regular Smoothies - Glowing Greens - 2.00",5.3,CARD,1488293582127828
23/07/2024 13:19,London Brixton,Alan Avila,"Large Iced americano - 2.50, Regular Cappuccino - 2.15, Regular Frappes - Strawberries & Cream - 2.75",7.4,CARD,1192892848222742
23/07/2024 13:20,London Brixton,Joseph Klena,Large Espresso - 1.80,1.8,CARD,3306834066635953
23/07/2024 13:20,London Brixton,Mildred Markus,"Regular Speciality Tea - Earl Grey - 1.30, Regular Cappuccino - 2.15, Regular Iced americano - 2.15",5.6,CARD,3026504395959050
23/07/2024 13:21,London Brixton,Lois Simons,"Large Speciality Tea - Earl Grey - 1.60, Large Iced americano - 2.50, Regular Speciality Tea - Earl Grey - 1.30, Regular Iced americano - 2.15",7.55,CARD,7514178435473088
23/07/2024 13:22,London Brixton,Georgia Lucas,Regular Espresso - 1.50,1.5,CASH,
23/07/2024 13:23,London Brixton,Raymond Gibson,"Large Speciality Tea - Earl Grey - 1.60, Large Cappuccino - 2.45, Large Speciality Tea - Earl Grey - 1.60, Large Cappuccino - 2.45",8.1,CASH,
23/07/2024 13:24,London Brixton,Lionel Davis,"Large Frappes - Strawberries & Cream - 3.25, Regular Iced americano - 2.15, Large Smoothies - Carrot Kick - 2.50, Regular Smoothies - Glowing Greens - 2.00",9.9,CARD,4676067583152011
23/07/2024 13:25,London Brixton,John Wilson,"Regular Speciality Tea - Earl Grey - 1.30, Regular Smoothies - Glowing Greens - 2.00, Large Hot chocolate - 2.90, Large Speciality Tea - Earl Grey - 1.60",7.8,CASH,
23/07/2024 13:26,London Brixton,Garnet Field,"Regular Smoothies - Carrot Kick - 2.00, Large Smoothies - Glowing Greens - 2.50, Large Frappes - Strawberries & Cream - 3.25, Regular Espresso - 1.50",9.25,CARD,9266019048858545
23/07/2024 13:27,London Brixton,Samuel Young,"Large Iced americano - 2.50, Large Hot chocolate - 2.90, Large Hot chocolate - 2.90, Regular Iced americano - 2.15",10.45,CARD,5465103688509984
23/07/2024 13:28,London Brixton,Maria Griffin,Large Iced americano - 2.50,2.5,CASH,
23/07/2024 13:29,London Brixton,Graig Palmer,"Regular Speciality Tea - Earl Grey - 1.30, Regular Hot chocolate - 2.20, Large Frappes - Strawberries & Cream - 3.25, Large Iced americano - 2.50, Large Speciality Tea - Earl Grey - 1.60",10.85,CASH,
23/07/2024 13:30,London Brixton,Tammi Brown,"Large Smoothies - Carrot Kick - 2.50, Regular Hot chocolate - 2.20, Large Smoothies - Glowing Greens - 2.50, Large Frappes - Strawberries & Cream - 3.25, Regular Speciality Tea - Earl Grey - 1.30",11.75,CARD,2826400335309381
23/07/2024 13:31,London Brixton,Karen David,Regular Frappes - Strawberries & Cream - 2.75,2.75,CARD,1735681655145838
23/07/2024 13:31,London Brixton,Bessie Robinson,"Large Iced americano - 2.50, Large Speciality Tea - Earl Grey - 1.60",4.1,CARD,5844774061821076
23/07/2024 13:32,London Brixton,Richard Justice,"Large Smoothies - Glowing Greens - 2.50, Regular Speciality Tea - Earl Grey - 1.30",3.8,CARD,7718324996872703
23/07/2024 13:33,London Brixton,Kathy Darrin,"Regular Smoothies - Carrot Kick - 2.00, Large Smoothies - Glowing Greens - 2.50",4.5,CASH,
23/07/2024 13:34,London Brixton,James Dubois,"Large Speciality Tea - Earl Grey - 1.60, Regular Smoothies - Glowing Greens - 2.00",3.6,CASH,
23/07/2024 13:35,London Brixton,Willard Grandi,"Large Iced americano - 2.50, Large Iced americano - 2.50, Large Smoothies - Glowing Greens - 2.50, Regular Frappes - Strawberries & Cream - 2.75",10.25,CARD,7631373118099060
23/07/2024 13:36,London Brixton,Celia Kim,"Regular Cappuccino - 2.15, Large Speciality Tea - Earl Grey - 1.60",3.75,CARD,2360496488721696
23/07/2024 13:37,London Brixton,Jim Kraft,Large Cappuccino - 2.45,2.45,CARD,5619622242880395
23/07/2024 13:38,London Brixton,Darrell Snider,"Regular Espresso - 1.50, Regular Espresso - 1.50, Regular Frappes - Strawberries & Cream - 2.75, Regular Frappes - Strawberries & Cream - 2.75",8.5,CASH,
23/07/2024 13:39,London Brixton,Gwendolyn Madlock,"Large Frappes - Strawberries & Cream - 3.25, Regular Speciality Tea - Earl Grey - 1.30, Large Speciality Tea - Earl Grey - 1.60",6.15,CARD,4538035600087757
23/07/2024 13:40,London Brixton,Anita Holliday,Regular Speciality Tea - Earl Grey - 1.30,1.3,CASH,
23/07/2024 13:41,London Brixton,Thomas Stoddard,Regular Hot chocolate - 2.20,2.2,CARD,8993544710422341
23/07/2024 13:42,London Brixton,Gary Winter,"Regular Smoothies - Glowing Greens - 2.00, Large Hot chocolate - 2.90, Large Espresso - 1.80, Regular Hot chocolate - 2.20, Regular Speciality Tea - Earl Grey - 1.30",10.2,CARD,1232680286575498
23/07/2024 13:42,London Brixton,Debra Floyd,Large Cappuccino - 2.45,2.45,CASH,
23/07/2024 13:43,London Brixton,Princess Hubbard,Regular Frappes - Strawberries & Cream - 2.75,2.75,CASH,
23/07/2024 13:44,London Brixton,Aliza Gaither,Large Smoothies - Carrot Kick - 2.50,2.5,CASH,
23/07/2024 13:45,London Brixton,Alva Mcdevitt,"Large Frappes - Strawberries & Cream - 3.25, Large Speciality Tea - Earl Grey - 1.60, Regular Smoothies - Glowing Greens - 2.00, Large Smoothies - Glowing Greens - 2.50, Regular Cappuccino - 2.15, Regular Cappuccino - 2.15",13.65,CARD,8942504830469736
23/07/2024 13:46,London Brixton,Helen Johnson,"Regular Frappes - Strawberries & Cream - 2.75, Large Frappes - Strawberries & Cream - 3.25, Regular Smoothies - Glowing Greens - 2.00, Large Frappes - Strawberries & Cream - 3.25",11.25,CARD,4278630708222928
23/07/2024 13:47,London Brixton,Frances Kaszynski,Large Cappuccino - 2.45,2.45,CARD,6987265056937068
23/07/2024 13:48,London Brixton,Leo Roberts,"Large Hot chocolate - 2.90, Regular Iced americano - 2.15, Regular Frappes - Strawberries & Cream - 2.75",7.8,CARD,6578120322587889
23/07/2024 13:49,London Brixton,Colleen Sell,"Large Espresso - 1.80, Large Frappes - Strawberries & Cream - 3.25",5.05,CARD,7124779443008103
23/07/2024 13:50,London Brixton,Eugene Fendley,"Regular Espresso - 1.50, Regular Smoothies - Glowing Greens - 2.00, Large Speciality Tea - Earl Grey - 1.60, Large Cappuccino - 2.45, Regular Speciality Tea - Earl Grey - 1.30",8.85,CARD,8842141532814308
23/07/2024 13:51,London Brixton,Colleen Hanna,Regular Speciality Tea - Earl Grey - 1.30,1.3,CASH,
23/07/2024 13:52,London Brixton,Marion Gallegos,"Large Frappes - Strawberries & Cream - 3.25, Large Cappuccino - 2.45, Regular Espresso - 1.50, Regular Espresso - 1.50",8.7,CARD,4396716130102584
23/07/2024 13:53,London Brixton,Bertha Bedford,"Regular Smoothies - Glowing Greens - 2.00, Large Iced americano - 2.50, Large Speciality Tea - Earl Grey - 1.60, Large Cappuccino - 2.45, Regular Espresso - 1.50",10.05,CARD,5927365282920433
23/07/2024 13:53,London Brixton,Henry Kenny,"Large Iced americano - 2.50, Large Espresso - 1.80",4.3,CARD,8464101959687958
23/07/2024 13:54,London Brixton,Brandon Carpenter,"Regular Speciality Tea - Earl Grey - 1.30, Regular Smoothies - Carrot Kick - 2.00, Regular Iced americano - 2.15, Regular Speciality Tea - Earl Grey - 1.30",6.75,CARD,2676122256222580
23/07/2024 13:55,London Brixton,Gordon Mackerl,Large Speciality Tea - Earl Grey - 1.60,1.6,CASH,
23/07/2024 13:56,London Brixton,Andrew Sommerfeld,"Large Cappuccino - 2.45, Large Espresso - 1.80, Regular Iced americano - 2.15",6.4,CASH,
23/07/2024 13:57,London Brixton,Ira Ayers,"Large Iced americano - 2.50, Regular Smoothies - Carrot Kick - 2.00, Large Smoothies - Glowing Greens - 2.50, Regular Frappes - Strawberries & Cream - 2.75",9.75,CASH,
23/07/2024 13:58,London Brixton,Dolores Vera,"Regular Hot chocolate - 2.20, Large Speciality Tea - Earl Grey - 1.60",3.8,CARD,8322330367199421
23/07/2024 13:59,London Brixton,Donald Tolbert,"Large Iced americano - 2.50, Large Smoothies - Carrot Kick - 2.50",5.0,CARD,5839828246777390
23/07/2024 14:00,London Brixton,Jane Chan,Regular Smoothies - Glowing Greens - 2.00,2.0,CARD,5743346569083551
23/07/2024 14:01,London Brixton,Deborah Greaves,"Large Iced americano - 2.50, Large Smoothies - Carrot Kick - 2.50, Regular Smoothies - Carrot Kick - 2.00",7.0,CASH,
23/07/2024 14:02,London Brixton,Carolyn Clevenger,"Large Hot chocolate - 2.90, Large Cappuccino - 2.45, Regular Hot chocolate - 2.20, Regular Speciality Tea - Earl Grey - 1.30",8.85,CARD,5116170440219979
23/07/2024 14:03,London Brixton,Alesia Pizarro,"Regular Cappuccino - 2.15, Regular Speciality Tea - Earl Grey - 1.30, Large Frappes - Strawberries & Cream - 3.25",6.7,CARD,1967457617035073
23/07/2024 14:04,London Brixton,Keith Witherspoon,"Large Smoothies - Glowing Greens - 2.50, Regular Iced americano - 2.15, Large Frappes - Strawberries & Cream - 3.25",7.9,CARD,2844517802938538
23/07/2024 14:05,London Brixton,Frank Collins,"Large Smoothies - Glowing Greens - 2.50, Regular Frappes - Strawberries & Cream - 2.75",5.25,CASH,
23/07/2024 14:06,London Brixton,Jason Griffin,"Large Hot chocolate - 2.90, Regular Frappes - Strawberries & Cream - 2.75, Regular Hot chocolate - 2.20",7.85,CASH,
23/07/2024 14:07,London Brixton,Susan Conger,Large Smoothies - Glowing Greens - 2.50,2.5,CARD,1706359523385793
23/07/2024 14:08,London Brixton,Angela Groover,Large Smoothies - Glowing Greens - 2.50,2.5,CARD,5798194625740912
23/07/2024 14:09,London Brixton,John Ross,"Regular Smoothies - Carrot Kick - 2.00, Regular Speciality Tea - Earl Grey - 1.30",3.3,CARD,9974858469490296
23/07/2024 14:10,London Brixton,Paul Hesse,"Large Cappuccino - 2.45, Regular Frappes - Strawberries & Cream - 2.75, Regular Hot chocolate - 2.20, Large Iced americano - 2.50",9.9,CARD,8526038419941183
23/07/2024 14:11,London Brixton,Leslie Fussell,"Regular Hot chocolate - 2.20, Large Frappes - Strawberries & Cream - 3.25, Regular Iced americano - 2.15, Large Iced americano - 2.50, Regular Iced americano - 2.15",12.25,CASH,
23/07/2024 14:12,London Brixton,Jessica Baskin,"Large Cappuccino - 2.45, Regular Hot chocolate - 2.20, Regular Iced americano - 2.15, Large Smoothies - Glowing Greens - 2.50, Regular Espresso - 1.50, Regular Iced americano - 2.15",12.95,CASH,
23/07/2024 14:13,London Brixton,Samantha Monjaras,"Regular Smoothies - Carrot Kick - 2.00, Large Smoothies - Glowing Greens - 2.50, Large Cappuccino - 2.45, Regular Espresso - 1.50, Large Iced americano - 2.50",10.95,CARD,3052805652894339
23/07/2024 14:14,London Brixton,Scott Holland,"Regular Iced americano - 2.15, Regular Espresso - 1.50, Large Iced americano - 2.50, Large Iced americano - 2.50",8.65,CARD,9510826001687169
23/07/2024 14:15,London Brixton,Beatrice Larson,"Regular Frappes - Strawberries & Cream - 2.75, Regular Frappes - Strawberries & Cream - 2.75, Large Espresso - 1.80, Regular Iced americano - 2.15, Regular Iced americano - 2.15",11.6,CASH,
23/07/2024 14:16,London Brixton,Drew Hungerford,"Large Smoothies - Carrot Kick - 2.50, Regular Hot chocolate - 2.20, Regular Cappuccino - 2.15, Large Cappuccino - 2.45, Regular Smoothies - Carrot Kick - 2.00, Large Cappuccino - 2.45",13.75,CARD,3123932502147770
23/07/2024 14:17,London Brixton,Diana Rogge,"Regular Cappuccino - 2.15, Large Smoothies - Glowing Greens - 2.50, Regular Espresso - 1.50, Regular Smoothies - Glowing Greens - 2.00, Large Speciality Tea - Earl Grey - 1.60",9.75,CASH,
23/07/2024 14:18,London Brixton,Edward Juariqui,"Large Iced americano - 2.50, Large Cappuccino - 2.45, Large Frappes - Strawberries & Cream - 3.25, Large Hot chocolate - 2.90",11.1,CASH,
23/07/2024 14:19,London Brixton,Rosina Obrien,Large Iced americano - 2.50,2.5,CASH,
23/07/2024 14:20,London Brixton,Rosa White,Large Espresso - 1.80,1.8,CASH,
23/07/2024 14:21,London Brixton,Donna Villanueva,"Regular Hot chocolate - 2.20, Large Cappuccino - 2.45, Regular Frappes - Strawberries & Cream - 2.75, Large Frappes - Strawberries & Cream - 3.25, Large Hot chocolate - 2.90, Large Iced americano - 2.50",16.05,CASH,
23/07/2024 14:22,London Brixton,Joshua Brinkley,"Regular Iced americano - 2.15, Large Iced americano - 2.50, Regular Frappes - Strawberries & Cream - 2.75, Regular Speciality Tea - Earl Grey - 1.30, Large Cappuccino - 2.45, Regular Speciality Tea - Earl Grey - 1.30",12.45,CASH,
23/07/2024 14:23,London Brixton,Jocelyn Duane,Large Speciality Tea - Earl Grey - 1.60,1.6,CARD,6320281998954238
23/07/2024 14:23,London Brixton,Jennifer Cabrera,"Regular Hot chocolate - 2.20, Large Hot chocolate - 2.90",5.1,CARD,8473422208533746
23/07/2024 14:24,London Brixton,Kevin Spears,"Large Smoothies - Glowing Greens - 2.50, Large Espresso - 1.80, Large Speciality Tea - Earl Grey - 1.60",5.9,CARD,2863565182834403
23/07/2024 14:25,London Brixton,Mark Rowe,"Large Speciality Tea - Earl Grey - 1.60, Large Espresso - 1.80, Large Cappuccino - 2.45, Large Cappuccino - 2.45, Large Iced americano - 2.50, Large Frappes - Strawberries & Cream - 3.25",14.05,CASH,
23/07/2024 14:26,London Brixton,Alan Jorgensen,"Regular Iced americano - 2.15, Regular Espresso - 1.50, Large Hot chocolate - 2.90, Regular Iced americano - 2.15, Large Espresso - 1.80, Large Smoothies - Glowing Greens - 2.50",13.0,CARD,5161844361176648
23/07/2024 14:27,London Brixton,Robert Ringo,"Large Frappes - Strawberries & Cream - 3.25, Large Frappes - Strawberries & Cream - 3.25, Regular Smoothies - Glowing Greens - 2.00, Regular Speciality Tea - Earl Grey - 1.30, Regular Hot chocolate - 2.20",12.0,CARD,6619831304240859
23/07/2024 14:28,London Brixton,Carolyn Horton,"Regular Espresso - 1.50, Large Cappuccino - 2.45, Regular Speciality Tea - Earl Grey - 1.30, Regular Smoothies - Carrot Kick - 2.00, Large Hot chocolate - 2.90",10.15,CARD,7026951365158813
23/07/2024 14:29,London Brixton,Brenda Ashley,"Regular Smoothies - Carrot Kick - 2.00, Regular Smoothies - Glowing Greens - 2.00, Large Iced americano - 2.50",6.5,CASH,
23/07/2024 14:30,London Brixton,Ann Bray,Regular Speciality Tea - Earl Grey - 1.30,1.3,CARD,8081373288076121
23/07/2024 14:31,London Brixton,Stephanie Starks,"Large Cappuccino - 2.45, Large Espresso - 1.80",4.25,CASH,
23/07/2024 14:32,London Brixton,Michael Peachey,Regular Iced americano - 2.15,2.15,CARD,5136696737255300
23/07/2024 14:33,London Brixton,Heather Guttmann,"Large Cappuccino - 2.45, Regular Cappuccino - 2.15, Regular Iced americano - 2.15",6.75,CASH,
23/07/2024 14:34,London Brixton,George Carter,"Large Iced americano - 2.50, Regular Smoothies - Glowing Greens - 2.00",4.5,CASH,
23/07/2024 14:35,London Brixton,Donald Santiago,"Large Speciality Tea - Earl Grey - 1.60, Regular Cappuccino - 2.15, Large Frappes - Strawberries & Cream - 3.25",7.0,CARD,1555202730346623
23/07/2024 14:36,London Brixton,Zada Doe,"Regular Speciality Tea - Earl Grey - 1.30, Large Smoothies - Glowing Greens - 2.50, Large Iced americano - 2.50",6.3,CARD,9523997641209433
23/07/2024 14:37,London Brixton,Mallory Mcclain,"Large Smoothies - Glowing Greens - 2.50, Large Smoothies - Carrot Kick - 2.50, Regular Hot chocolate - 2.20, Regular Iced americano - 2.15, Large Iced americano - 2.50, Regular Cappuccino - 2.15",14.0,CASH,
23/07/2024 14:38,London Brixton,Lauretta Raj,Large Espresso - 1.80,1.8,CASH,
23/07/2024 14:39,London Brixton,William Gilmore,"Large Hot chocolate - 2.90, Regular Hot chocolate - 2.20",5.1,CARD,7464577991783386
23/07/2024 14:40,London Brixton,Karen Perryman,"Regular Smoothies - Carrot Kick - 2.00, Regular Iced americano - 2.15, Regular Cappuccino - 2.15, Regular Hot chocolate - 2.20",8.5,CASH,
23/07/2024 14:41,London Brixton,Robert Andrew,"Regular Speciality Tea - Earl Grey - 1.30, Large Smoothies - Glowing Greens - 2.50",3.8,CARD,1501519064747154
23/07/2024 14:42,London Brixton,Pamela Mason,"Regular Iced americano - 2.15, Regular Speciality Tea - Earl Grey - 1.30, Large Speciality Tea - Earl Grey - 1.60, Large Iced americano - 2.50",7.55,CARD,8678854952579483
23/07/2024 14:43,London Brixton,Olivia Edwards,"Regular Iced americano - 2.15, Regular Iced americano - 2.15",4.3,CARD,7252156296010451
23/07/2024 14:44,London Brixton,Agnes Russom,"Large Espresso - 1.80, Large Hot chocolate - 2.90",4.7,CASH,
23/07/2024 14:45,London Brixton,Edmund Mendoza,Regular Cappuccino - 2.15,2.15,CARD,4299084818560895
23/07/2024 14:46,London Brixton,Lester Webb,"Large Speciality Tea - Earl Grey - 1.60, Regular Smoothies - Glowing Greens - 2.00, Regular Speciality Tea - Earl Grey - 1.30, Large Hot chocolate - 2.90",7.8,CARD,7004618238634197
23/07/2024 14:47,London Brixton,Myra Smith,"Regular Hot chocolate - 2.20, Large Smoothies - Carrot Kick - 2.50",4.7,CARD,4632646034648715
23/07/2024 14:48,London Brixton,Rebecca Johnson,"Large Hot chocolate - 2.90, Regular Cappuccino - 2.15",5.05,CARD,7761438889790263
23/07/2024 14:49,London Brixton,Gwendolyn Washington,"Large Hot chocolate - 2.90, Large Cappuccino - 2.45, Large Speciality Tea - Earl Grey - 1.60, Regular Speciality Tea - Earl Grey - 1.30, Large Iced americano - 2.50",10.75,CARD,1406255354934722
23/07/2024 14:50,London Brixton,Jerry Johnson,"Regular Cappuccino - 2.15, Regular Espresso - 1.50, Regular Hot chocolate - 2.20, Regular Iced americano - 2.15, Regular Speciality Tea - Earl Grey - 1.30",9.3,CARD,2711214444364024
23/07/2024 14:51,London Brixton,Joseph Worsham,"Large Hot chocolate - 2.90, Large Hot chocolate - 2.90, Regular Cappuccino - 2.15",7.95,CARD,5948872068190568
23/07/2024 14:52,London Brixton,Frances Sims,"Regular Cappuccino - 2.15, Regular Hot chocolate - 2.20",4.35,CARD,5040133346054941
23/07/2024 14:53,London Brixton,James Howard,"Large Hot chocolate - 2.90, Large Iced americano - 2.50, Regular Smoothies - Carrot Kick - 2.00",7.4,CARD,9556197882040442
23/07/2024 14:54,London Brixton,William Vanhouten,"Regular Speciality Tea - Earl Grey - 1.30, Regular Smoothies - Glowing Greens - 2.00, Regular Cappuccino - 2.15, Regular Hot chocolate - 2.20",7.65,CASH,
23/07/2024 14:55,London Brixton,Kathryn Davis,Large Espresso - 1.80,1.8,CASH,
23/07/2024 14:56,London Brixton,Mike Adams,"Large Iced americano - 2.50, Large Speciality Tea - Earl Grey - 1.60",4.1,CARD,7023993107499648
23/07/2024 14:57,London Brixton,Mary Thompson,"Large Hot chocolate - 2.90, Large Smoothies - Carrot Kick - 2.50",5.4,CASH,
23/07/2024 14:58,London Brixton,Blanche Bailey,"Regular Frappes - Strawberries & Cream - 2.75, Large Smoothies - Carrot Kick - 2.50, Regular Smoothies - Glowing Greens - 2.00",7.25,CARD,7959042214653784
23/07/2024 14:59,London Brixton,Dominique Dollard,Regular Iced americano - 2.15,2.15,CARD,1744184232070906
23/07/2024 15:00,London Brixton,Wanda Oliver,"Regular Iced americano - 2.15, Large Iced americano - 2.50",4.65,CARD,2250151552962610
23/07/2024 15:02,London Brixton,Thomas Hurley,"Large Smoothies - Glowing Greens - 2.50, Large Frappes - Strawberries & Cream - 3.25, Large Smoothies - Glowing Greens - 2.50, Regular Speciality Tea - Earl Grey - 1.30, Large Iced americano - 2.50",12.05,CASH,
23/07/2024 15:03,London Brixton,Jennifer Trott,Regular Hot chocolate - 2.20,2.2,CASH,
23/07/2024 15:05,London Brixton,Laura Hawkins,"Regular Espresso - 1.50, Large Hot chocolate - 2.90",4.4,CARD,9753930050869922
23/07/2024 15:07,London Brixton,Glen Ramirez,"Large Cappuccino - 2.45, Regular Cappuccino - 2.15, Large Smoothies - Glowing Greens - 2.50, Regular Iced americano - 2.15, Large Iced americano - 2.50",11.75,CARD,3203939724255948
23/07/2024 15:08,London Brixton,Ursula Valez,"Regular Frappes - Strawberries & Cream - 2.75, Regular Cappuccino - 2.15",4.9,CARD,3380436193347266
23/07/2024 15:10,London Brixton,Susan Solis,Regular Frappes - Strawberries & Cream - 2.75,2.75,CARD,6685281886915879
23/07/2024 15:12,London Brixton,Michael Brown,"Large Speciality Tea - Earl Grey - 1.60, Regular Frappes - Strawberries & Cream - 2.75",4.35,CARD,7852881539040800
23/07/2024 15:13,London Brixton,Willy Shaffer,Large Frappes - Strawberries & Cream - 3.25,3.25,CARD,1133400056670497
23/07/2024 15:15,London Brixton,Judith Allen,"Regular Cappuccino - 2.15, Regular Smoothies - Glowing Greens - 2.00, Regular Smoothies - Carrot Kick - 2.00",6.15,CARD,8022760162898912
23/07/2024 15:17,London Brixton,Joyce Pinter,"Large Smoothies - Carrot Kick - 2.50, Regular Frappes - Strawberries & Cream - 2.75, Regular Speciality Tea - Earl Grey - 1.30, Regular Speciality Tea - Earl Grey - 1.30, Regular Speciality Tea - Earl Grey - 1.30",9.15,CARD,2867447001877188
23/07/2024 15:19,London Brixton,Andres Short,Large Cappuccino - 2.45,2.45,CASH,
23/07/2024 15:20,London Brixton,Sarah Coyt,Large Speciality Tea - Earl Grey - 1.60,1.6,CASH,
23/07/2024 15:22,London Brixton,Allen Jenkins,"Large Espresso - 1.80, Large Speciality Tea - Earl Grey - 1.60, Large Frappes - Strawberries & Cream - 3.25, Large Iced americano - 2.50, Regular Speciality Tea - Earl Grey - 1.30, Regular Smoothies - Carrot Kick - 2.00",12.45,CARD,8924137365619129
23/07/2024 15:24,London Brixton,Ernie Frisch,"Large Smoothies - Glowing Greens - 2.50, Regular Smoothies - Glowing Greens - 2.00, Large Hot chocolate - 2.90, Large Cappuccino - 2.45",9.85,CASH,
23/07/2024 15:25,London Brixton,Jovan Horsley,Large Smoothies - Carrot Kick - 2.50,2.5,CASH,
23/07/2024 15:27,London Brixton,Benjamin Willimas,"Large Smoothies - Glowing Greens - 2.50, Regular Espresso - 1.50, Large Cappuccino - 2.45, Large Hot chocolate - 2.90, Large Iced americano - 2.50",11.85,CARD,6987036999999578
23/07/2024 15:29,London Brixton,Joyce Sanchez,Regular Iced americano - 2.15,2.15,CASH,
23/07/2024 15:31,London Brixton,Christopher Williams,"Large Speciality Tea - Earl Grey - 1.60, Large Cappuccino - 2.45, Large Iced americano - 2.50, Regular Espresso - 1.50",8.05,CASH,
23/07/2024 15:32,London Brixton,David Bransford,"Large Iced americano - 2.50, Large Espresso - 1.80",4.3,CARD,1396991581733382
23/07/2024 15:34,London Brixton,David Casper,"Large Hot chocolate - 2.90, Regular Smoothies - Glowing Greens - 2.00, Regular Cappuccino - 2.15, Large Hot chocolate - 2.90",9.95,CARD,8104654279720230
23/07/2024 15:36,London Brixton,Jose Kanish,"Large Smoothies - Glowing Greens - 2.50, Large Smoothies - Glowing Greens - 2.50, Large Smoothies - Carrot Kick - 2.50, Large Speciality Tea - Earl Grey - 1.60",9.1,CARD,3644223589683674
23/07/2024 15:37,London Brixton,Ross Thorne,"Regular Iced americano - 2.15, Large Iced americano - 2.50, Regular Speciality Tea - Earl Grey - 1.30, Large Cappuccino - 2.45, Regular Cappuccino - 2.15",10.55,CARD,9118119813450413
23/07/2024 15:39,London Brixton,Marilyn Young,"Large Frappes - Strawberries & Cream - 3.25, Large Iced americano - 2.50, Large Smoothies - Carrot Kick - 2.50, Large Iced americano - 2.50",10.75,CASH,
23/07/2024 15:41,London Brixton,Thomas King,Regular Speciality Tea - Earl Grey - 1.30,1.3,CASH,
23/07/2024 15:42,London Brixton,Robert Prevost,Large Frappes - Strawberries & Cream - 3.25,3.25,CARD,7323342044576719
23/07/2024 15:44,London Brixton,Carol Carpenter,"Large Cappuccino - 2.45, Large Espresso - 1.80",4.25,CARD,7045279934699635
23/07/2024 15:46,London Brixton,Samuel Johnson,"Large Frappes - Strawberries & Cream - 3.25, Regular Hot chocolate - 2.20",5.45,CARD,1455981885358627
23/07/2024 15:48,London Brixton,Edward Gonzales,"Large Speciality Tea - Earl Grey - 1.60, Large Smoothies - Glowing Greens - 2.50",4.1,CARD,8495766676914395
23/07/2024 15:49,London Brixton,Robert Mejias,"Regular Speciality Tea - Earl Grey - 1.30, Regular Smoothies - Glowing Greens - 2.00, Regular Smoothies - Carrot Kick - 2.00, Regular Hot chocolate - 2.20, Large Smoothies - Carrot Kick - 2.50",10.0,CARD,4043692308324446
23/07/2024 15:51,London Brixton,Hector Duran,Large Iced americano - 2.50,2.5,CARD,6371018635765800
23/07/2024 15:53,London Brixton,Maryann Steger,Regular Smoothies - Carrot Kick - 2.00,2.0,CASH,
23/07/2024 15:54,London Brixton,Estelle Goldie,"Regular Cappuccino - 2.15, Regular Iced americano - 2.15, Regular Smoothies - Carrot Kick - 2.00, Regular Frappes - Strawberries & Cream - 2.75",9.05,CARD,1423543871121747
23/07/2024 15:56,London Brixton,Carol Nava,"Large Smoothies - Glowing Greens - 2.50, Large Speciality Tea - Earl Grey - 1.60, Regular Iced americano - 2.15, Regular Smoothies - Glowing Greens - 2.00, Regular Iced americano - 2.15, Regular Smoothies - Carrot Kick - 2.00",12.4,CARD,6995328695840038
23/07/2024 15:58,London Brixton,Michele Jackson,"Large Hot chocolate - 2.90, Regular Speciality Tea - Earl Grey - 1.30, Regular Hot chocolate - 2.20",6.4,CASH,
23/07/2024 15:59,London Brixton,William Morgan,"Regular Iced americano - 2.15, Regular Iced americano - 2.15, Large Espresso - 1.80, Large Speciality Tea - Earl Grey - 1.60, Regular Speciality Tea - Earl Grey - 1.30, Regular Speciality Tea - Earl Grey - 1.30",10.3,CARD,5299449222349338
23/07/2024 16:01,London Brixton,Robert Pederson,Regular Frappes - Strawberries & Cream - 2.75,2.75,CARD,3395625161523463
23/07/2024 16:04,London Brixton,Hazel Gutierrez,"Large Cappuccino - 2.45, Regular Hot chocolate - 2.20, Regular Iced americano - 2.15",6.8,CARD,2791825947893689
23/07/2024 16:07,London Brixton,Erick Calhoun,"Large Speciality Tea - Earl Grey - 1.60, Regular Espresso - 1.50",3.1,CARD,8013876134859260
23/07/2024 16:11,London Brixton,Audrey Farabaugh,"Regular Hot chocolate - 2.20, Large Cappuccino - 2.45, Large Speciality Tea - Earl Grey - 1.60, Large Smoothies - Carrot Kick - 2.50, Regular Speciality Tea - Earl Grey - 1.30, Large Smoothies - Carrot Kick - 2.50",12.55,CARD,9850228328394117
23/07/2024 16:14,London Brixton,Luvenia Fields,"Large Iced americano - 2.50, Large Smoothies - Glowing Greens - 2.50",5.0,CARD,8911227792369684
23/07/2024 16:17,London Brixton,Louise Neff,"Large Iced americano - 2.50, Large Speciality Tea - Earl Grey - 1.60, Large Cappuccino - 2.45",6.55,CARD,4141676944582313
23/07/2024 16:20,London Brixton,Miriam Haney,Large Iced americano - 2.50,2.5,CARD,4919327348358008
23/07/2024 16:23,London Brixton,William Rodriquez,Regular Iced americano - 2.15,2.15,CARD,5748429708807320
23/07/2024 16:26,London Brixton,Yolanda Burlison,"Regular Iced americano - 2.15, Regular Iced americano - 2.15, Large Iced americano - 2.50, Regular Espresso - 1.50",8.3,CARD,9158162268503492
23/07/2024 16:30,London Brixton,Lillian Metheney,"Large Iced americano - 2.50, Large Smoothies - Glowing Greens - 2.50",5.0,CARD,6269640062090398
23/07/2024 16:33,London Brixton,Sherri Alonso,Large Cappuccino - 2.45,2.45,CARD,8071174949588286
23/07/2024 16:36,London Brixton,Sidney Pape,"Regular Hot chocolate - 2.20, Large Smoothies - Glowing Greens - 2.50, Large Hot chocolate - 2.90, Regular Smoothies - Carrot Kick - 2.00",9.6,CARD,7197144119840449
23/07/2024 16:39,London Brixton,Josephine Brown,"Large Espresso - 1.80, Regular Smoothies - Glowing Greens - 2.00, Large Smoothies - Carrot Kick - 2.50, Large Speciality Tea - Earl Grey - 1.60, Regular Frappes - Strawberries & Cream - 2.75, Large Iced americano - 2.50",13.15,CASH,
23/07/2024 16:42,London Brixton,Amanda Rocco,Large Frappes - Strawberries & Cream - 3.25,3.25,CARD,9861939474792485
23/07/2024 16:45,London Brixton,Jason Olson,Regular Hot chocolate - 2.20,2.2,CARD,7870687639258852
23/07/2024 16:48,London Brixton,Kenneth Horning,"Regular Frappes - Strawberries & Cream - 2.75, Large Cappuccino - 2.45, Regular Frappes - Strawberries & Cream - 2.75",7.95,CARD,2692307535636679
23/07/2024 16:52,London Brixton,Willie Ballard,"Large Smoothies - Carrot Kick - 2.50, Large Hot chocolate - 2.90",5.4,CARD,2051635915305185
23/07/2024 16:55,London Brixton,Alvin Mcclain,"Regular Smoothies - Carrot Kick - 2.00, Regular Frappes - Strawberries & Cream - 2.75",4.75,CASH,
23/07/2024 16:58,London Brixton,Cynthia Sarris,Regular Speciality Tea - Earl Grey - 1.30,1.3,CARD,1766511306456250
23/07/2024 17:01,London Brixton,Dale Burgos,"Large Frappes - Strawberries & Cream - 3.25, Regular Frappes - Strawberries & Cream - 2.75, Regular Cappuccino - 2.15",8.15,CARD,2613009185266669
23/07/2024 17:03,London Brixton,Jolene Howerton,"Large Speciality Tea - Earl Grey - 1.60, Large Smoothies - Carrot Kick - 2.50",4.1,CARD,8196647918621756
23/07/2024 17:06,London Brixton,Ruth Patton,"Regular Cappuccino - 2.15, Large Frappes - Strawberries & Cream - 3.25, Large Cappuccino - 2.45, Regular Frappes - Strawberries & Cream - 2.75, Large Cappuccino - 2.45",13.05,CARD,5458290743398838
23/07/2024 17:08,London Brixton,Howard Maselli,"Large Hot chocolate - 2.90, Regular Cappuccino - 2.15, Regular Espresso - 1.50, Large Iced americano - 2.50",9.05,CARD,1715758087570223
23/07/2024 17:11,London Brixton,Christine Barnett,"Regular Frappes - Strawberries & Cream - 2.75, Regular Smoothies - Carrot Kick - 2.00, Large Cappuccino - 2.45, Regular Hot chocolate - 2.20, Regular Smoothies - Glowing Greens - 2.00",11.4,CARD,2581011684971731
23/07/2024 17:13,London Brixton,Michelle Edwards,"Large Cappuccino - 2.45, Large Cappuccino - 2.45",4.9,CARD,6146158091190892
23/07/2024 17:15,London Brixton,Amanda Grace,"Regular Cappuccino - 2.15, Regular Espresso - 1.50, Regular Hot chocolate - 2.20",5.85,CARD,6426742879456731
23/07/2024 17:18,London Brixton,Shelby Cherenfant,"Regular Iced americano - 2.15, Regular Espresso - 1.50",3.65,CASH,
23/07/2024 17:20,London Brixton,Brandon Ellis,Regular Frappes - Strawberries & Cream - 2.75,2.75,CASH,
23/07/2024 17:23,London Brixton,Dylan Mcdonald,Regular Cappuccino - 2.15,2.15,CARD,2601677962602235
23/07/2024 17:25,London Brixton,Pamela Weiss,"Regular Espresso - 1.50, Large Hot chocolate - 2.90, Regular Smoothies - Carrot Kick - 2.00, Large Espresso - 1.80, Large Smoothies - Glowing Greens - 2.50, Regular Hot chocolate - 2.20",12.9,CARD,6116775080263313
23/07/2024 17:27,London Brixton,Reggie Dooley,"Large Smoothies - Carrot Kick - 2.50, Large Hot chocolate - 2.90, Regular Iced americano - 2.15",7.55,CASH,
23/07/2024 17:30,London Brixton,Harold White,"Large Speciality Tea - Earl Grey - 1.60, Large Iced americano - 2.50, Large Hot chocolate - 2.90, Large Speciality Tea - Earl Grey - 1.60, Large Cappuccino - 2.45",11.05,CARD,6352477988059520
23/07/2024 17:32,London Brixton,Richard Johnson,"Regular Smoothies - Glowing Greens - 2.00, Regular Espresso - 1.50, Regular Smoothies - Carrot Kick - 2.00",5.5,CASH,
23/07/2024 17:35,London Brixton,Abigail Hazard,"Large Hot chocolate - 2.90, Regular Espresso - 1.50, Large Cappuccino - 2.45, Regular Espresso - 1.50",8.35,CASH,
23/07/2024 17:37,London Brixton,Robert Fisher,"Large Cappuccino - 2.45, Large Hot chocolate - 2.90, Large Smoothies - Glowing Greens - 2.50, Large Iced americano - 2.50",10.35,CASH,
23/07/2024 17:39,London Brixton,Rhonda Hodges,"Large Smoothies - Glowing Greens - 2.50, Large Espresso - 1.80, Large Iced americano - 2.50, Large Espresso - 1.80, Regular Cappuccino - 2.15",10.75,CASH,
23/07/2024 17:42,London Brixton,Joseph Pita,"Large Speciality Tea - Earl Grey - 1.60, Regular Speciality Tea - Earl Grey - 1.30, Regular Espresso - 1.50, Regular Smoothies - Carrot Kick - 2.00, Regular Speciality Tea - Earl Grey - 1.30, Large Speciality Tea - Earl Grey - 1.60",9.3,CARD,6161945353670910
23/07/2024 17:44,London Brixton,Kia Begay,"Large Hot chocolate - 2.90, Regular Iced americano - 2.15",5.05,CARD,3070447952890694
23/07/2024 17:47,London Brixton,Kelly Millhiser,"Regular Speciality Tea - Earl Grey - 1.30, Regular Cappuccino - 2.15, Regular Smoothies - Glowing Greens - 2.00, Large Speciality Tea - Earl Grey - 1.60",7.05,CARD,9678170490621656
23/07/2024 17:49,London Brixton,Gary Naquin,"Large Iced americano - 2.50, Large Iced americano - 2.50",5.0,CARD,6487535199270284
23/07/2024 17:51,London Brixton,Marian Davis,"Regular Cappuccino - 2.15, Large Frappes - Strawberries & Cream - 3.25, Regular Frappes - Strawberries & Cream - 2.75",8.15,CARD,1471492202166355
23/07/2024 17:54,London Brixton,Eric Rouse,"Large Hot chocolate - 2.90, Regular Speciality Tea - Earl Grey - 1.30, Large Smoothies - Carrot Kick - 2.50",6.7,CARD,8927383084419518
23/07/2024 17:56,London Brixton,Rose Anast,"Large Smoothies - Carrot Kick - 2.50, Regular Cappuccino - 2.15",4.65,CASH,
23/07/2024 17:59,London Brixton,Anne White,"Large Frappes - Strawberries & Cream - 3.25, Large Smoothies - Carrot Kick - 2.50, Large Smoothies - Carrot Kick - 2.50, Regular Espresso - 1.50",9.75,CARD,2399242143630004
23/07/2024 18:01,London Brixton,Fermin Milam,"Large Espresso - 1.80, Large Speciality Tea - Earl Grey - 1.60",3.4,CARD,1046051500244725
23/07/2024 18:03,London Brixton,James Torkelson,"Large Smoothies - Carrot Kick - 2.50, Regular Hot chocolate - 2.20",4.7,CARD,5329242825033736
23/07/2024 18:05,London Brixton,Gary Beaird,"Regular Hot chocolate - 2.20, Large Speciality Tea - Earl Grey - 1.60, Large Hot chocolate - 2.90, Regular Hot chocolate - 2.20, Large Espresso - 1.80, Large Frappes - Strawberries & Cream - 3.25",13.95,CARD,4902855448734291
23/07/2024 18:07,London Brixton,Charles Arnaud,"Large Iced americano - 2.50, Large Iced americano - 2.50, Large Iced americano - 2.50, Regular Speciality Tea - Earl Grey - 1.30, Regular Hot chocolate - 2.20",11.0,CASH,
23/07/2024 18:10,London Brixton,Helen Buntin,Regular Speciality Tea - Earl Grey - 1.30,1.3,CARD,4881576575766589
23/07/2024 18:12,London Brixton,Veola Harmon,"Regular Smoothies - Carrot Kick - 2.00, Regular Speciality Tea - Earl Grey - 1.30",3.3,CASH,
23/07/2024 18:14,London Brixton,Andrew Small,"Large Smoothies - Glowing Greens - 2.50, Regular Smoothies - Glowing Greens - 2.00, Regular Espresso - 1.50",6.0,CARD,5762490151851069
23/07/2024 18:16,London Brixton,Ginger Miller,"Regular Smoothies - Glowing Greens - 2.00, Regular Hot chocolate - 2.20, Regular Iced americano - 2.15, Large Cappuccino - 2.45",8.8,CARD,6479580356407218
23/07/2024 18:18,London Brixton,Juanita Campbell,"Large Cappuccino - 2.45, Large Iced americano - 2.50, Regular Espresso - 1.50",6.45,CARD,3857154178143494
23/07/2024 18:20,London Brixton,Peter Wallace,"Large Cappuccino - 2.45, Regular Hot chocolate - 2.20",4.65,CARD,7526833586891195
23/07/2024 18:22,London Brixton,Ashley Gomez,"Large Hot chocolate - 2.90, Large Frappes - Strawberries & Cream - 3.25",6.15,CARD,2168487938026294
23/07/2024 18:25,London Brixton,Dean Brown,"Regular Espresso - 1.50, Large Speciality Tea - Earl Grey - 1.60, Regular Smoothies - Carrot Kick - 2.00, Large Speciality Tea - Earl Grey - 1.60",6.7,CARD,9644353015803962
23/07/2024 18:27,London Brixton,Rebekah Bush,"Large Espresso - 1.80, Large Iced americano - 2.50, Regular Cappuccino - 2.15",6.45,CASH,
23/07/2024 18:29,London Brixton,Edward Knaub,"Regular Speciality Tea - Earl Grey - 1.30, Large Hot chocolate - 2.90, Large Smoothies - Glowing Greens - 2.50",6.7,CASH,
23/07/2024 18:31,London Brixton,Harold Kuntz,"Regular Speciality Tea - Earl Grey - 1.30, Large Frappes - Strawberries & Cream - 3.25, Large Iced americano - 2.50, Large Iced americano - 2.50, Large Cappuccino - 2.45",12.0,CASH,
23/07/2024 18:33,London Brixton,Ronnie Moreno,"Regular Speciality Tea - Earl Grey - 1.30, Regular Cappuccino - 2.15, Regular Smoothies - Glowing Greens - 2.00, Large Iced americano - 2.50",7.95,CARD,2395746478819048
23/07/2024 18:35,London Brixton,Juan Brinson,"Large Hot chocolate - 2.90, Large Cappuccino - 2.45",5.35,CASH,
23/07/2024 18:37,London Brixton,Toni Svec,Regular Smoothies - Carrot Kick - 2.00,2.0,CARD,1340327755728773
23/07/2024 18:39,London Brixton,John Corry,"Large Speciality Tea - Earl Grey - 1.60, Regular Cappuccino - 2.15, Large Frappes - Strawberries & Cream - 3.25",7.0,CARD,6894152474797829
23/07/2024 18:42,London Brixton,Ruth East,Regular Iced americano - 2.15,2.15,CARD,8586500116596426
23/07/2024 18:44,London Brixton,Jennifer Finchum,"Regular Speciality Tea - Earl Grey - 1.30, Large Speciality Tea - Earl Grey - 1.60, Large Espresso - 1.80",4.7,CARD,1730248805446692
23/07/2024 18:46,London Brixton,George Clifford,"Regular Frappes - Strawberries & Cream - 2.75, Large Speciality Tea - Earl Grey - 1.60",4.35,CARD,5093086475854581
23/07/2024 18:48,London Brixton,George Collins,Regular Iced americano - 2.15,2.15,CARD,1549719403848238
23/07/2024 18:50,London Brixton,Donald Clagon,"Large Speciality Tea - Earl Grey - 1.60, Regular Smoothies - Glowing Greens - 2.00, Large Espresso - 1.80, Large Iced americano - 2.50",7.9,CARD,4620499668221007
23/07/2024 18:52,London Brixton,Harold Hamner,Regular Frappes - Strawberries & Cream - 2.75,2.75,CASH,
23/07/2024 18:54,London Brixton,John Maxam,Large Frappes - Strawberries & Cream - 3.25,3.25,CASH,
23/07/2024 18:57,London Brixton,Patrica Spurlin,Large Smoothies - Glowing Greens - 2.50,2.5,CARD,4004851535419610
23/07/2024 18:59,London Brixton,Joan Palmer,"Large Smoothies - Carrot Kick - 2.50, Regular Smoothies - Glowing Greens - 2.00, Large Speciality Tea - Earl Grey - 1.60",6.1,CASH,
23/07/2024 19:01,London Brixton,Peter Ellinwood,"Large Speciality Tea - Earl Grey - 1.60, Regular Frappes - Strawberries & Cream - 2.75",4.35,CARD,8499901121828757
23/07/2024 19:02,London Brixton,Jeremy Fillers,"Regular Speciality Tea - Earl Grey - 1.30, Large Smoothies - Glowing Greens - 2.50",3.8,CASH,
23/07/2024 19:03,London Brixton,Michelle Bennett,"Large Speciality Tea - Earl Grey - 1.60, Regular Hot chocolate - 2.20, Regular Iced americano - 2.15, Large Iced americano - 2.50",8.45,CARD,8308828807935978
23/07/2024 19:05,London Brixton,Jennie Costa,Large Cappuccino - 2.45,2.45,CASH,
23/07/2024 19:06,London Brixton,Thomas Lopez,"Large Frappes - Strawberries & Cream - 3.25, Regular Frappes - Strawberries & Cream - 2.75, Regular Iced americano - 2.15, Large Frappes - Strawberries & Cream - 3.25",11.4,CARD,2402239519547256
23/07/2024 19:08,London Brixton,James Shorter,"Regular Hot chocolate - 2.20, Large Cappuccino - 2.45, Large Speciality Tea - Earl Grey - 1.60",6.25,CASH,
23/07/2024 19:09,London Brixton,Teresa Bollinger,"Regular Espresso - 1.50, Regular Hot chocolate - 2.20",3.7,CASH,
23/07/2024 19:10,London Brixton,Sarah White,"Regular Smoothies - Carrot Kick - 2.00, Regular Smoothies - Carrot Kick - 2.00, Large Smoothies - Carrot Kick - 2.50",6.5,CARD,3268487485165936
23/07/2024 19:12,London Brixton,Roberta Ayers,"Large Espresso - 1.80, Regular Frappes - Strawberries & Cream - 2.75",4.55,CASH,
23/07/2024 19:13,London Brixton,Helen Pickering,"Regular Cappuccino - 2.15, Regular Iced americano - 2.15",4.3,CARD,1196603728654171
23/07/2024 19:14,London Brixton,Beth Bueno,"Large Hot chocolate - 2.90, Large Hot chocolate - 2.90, Large Cappuccino - 2.45, Large Speciality Tea - Earl Grey - 1.60",9.85,CARD,8353294569056336
23/07/2024 19:16,London Brixton,Marth Tanner,"Large Speciality Tea - Earl Grey - 1.60, Regular Iced americano - 2.15",3.75,CARD,5328497874654510
23/07/2024 19:17,London Brixton,Christine Hawkins,"Large Smoothies - Carrot Kick - 2.50, Regular Frappes - Strawberries & Cream - 2.75, Large Smoothies - Glowing Greens - 2.50, Regular Hot chocolate - 2.20, Regular Cappuccino - 2.15, Regular Smoothies - Carrot Kick - 2.00",14.1,CARD,4988522407859717
23/07/2024 19:18,London Brixton,David Hall,"Regular Smoothies - Glowing Greens - 2.00, Large Smoothies - Carrot Kick - 2.50, Large Smoothies - Carrot Kick - 2.50",7.0,CARD,1057342682904642
23/07/2024 19:20,London Brixton,Jeanne West,"Regular Smoothies - Glowing Greens - 2.00, Large Smoothies - Carrot Kick - 2.50, Large Espresso - 1.80, Regular Smoothies - Carrot Kick - 2.00, Large Espresso - 1.80",10.1,CARD,4234193666126522
23/07/2024 19:21,London Brixton,Damon Lorenzen,"Regular Iced americano - 2.15, Large Smoothies - Glowing Greens - 2.50",4.65,CARD,1051982023177038
23/07/2024 19:22,London Brixton,Tiffany Lemire,"Regular Hot chocolate - 2.20, Regular Espresso - 1.50, Regular Speciality Tea - Earl Grey - 1.30, Large Smoothies - Glowing Greens - 2.50",7.5,CARD,6372322038545397
23/07/2024 19:24,London Brixton,Irene Love,"Large Hot chocolate - 2.90, Large Smoothies - Glowing Greens - 2.50",5.4,CASH,
23/07/2024 19:25,London Brixton,Joseph Rose,"Large Iced americano - 2.50, Regular Smoothies - Carrot Kick - 2.00, Regular Smoothies - Carrot Kick - 2.00",6.5,CARD,4946036665037191
23/07/2024 19:26,London Brixton,Catherine Finch,"Regular Hot chocolate - 2.20, Regular Smoothies - Glowing Greens - 2.00",4.2,CASH,
23/07/2024 19:28,London Brixton,Stanley Ogg,"Regular Iced americano - 2.15, Regular Frappes - Strawberries & Cream - 2.75",4.9,CARD,1344518289031751
23/07/2024 19:29,London Brixton,Matthew Christy,"Large Hot chocolate - 2.90, Regular Iced americano - 2.15",5.05,CARD,8248054916000251
23/07/2024 19:31,London Brixton,Ella Donovan,"Large Smoothies - Glowing Greens - 2.50, Regular Frappes - Strawberries & Cream - 2.75, Regular Speciality Tea - Earl Grey - 1.30, Regular Iced americano - 2.15",8.7,CARD,7464643454312829
23/07/2024 19:32,London Brixton,Keith Lemoine,Regular Iced americano - 2.15,2.15,CASH,
23/07/2024 19:33,London Brixton,Ella Torres,Large Frappes - Strawberries & Cream - 3.25,3.25,CASH,
23/07/2024 19:35,London Brixton,Paul Gonzalez,"Large Espresso - 1.80, Large Speciality Tea - Earl Grey - 1.60, Regular Iced americano - 2.15",5.55,CASH,
23/07/2024 19:36,London Brixton,Robyn Hanson,"Regular Smoothies - Carrot Kick - 2.00, Large Speciality Tea - Earl Grey - 1.60, Large Smoothies - Glowing Greens - 2.50",6.1,CASH,
23/07/2024 19:37,London Brixton,Stewart Forbes,"Regular Cappuccino - 2.15, Large Smoothies - Glowing Greens - 2.50",4.65,CASH,
23/07/2024 19:39,London Brixton,Timothy Thompson,Regular Speciality Tea - Earl Grey - 1.30,1.3,CARD,5145756339769905
23/07/2024 19:40,London Brixton,Maurice Valentine,"Large Smoothies - Glowing Greens - 2.50, Large Smoothies - Glowing Greens - 2.50",5.0,CARD,5288937396626362
23/07/2024 19:41,London Brixton,Ana Francisco,"Large Hot chocolate - 2.90, Regular Iced americano - 2.15, Large Speciality Tea - Earl Grey - 1.60, Regular Cappuccino - 2.15",8.8,CARD,1531150512887704
23/07/2024 19:43,London Brixton,Gregory Arvelo,Large Smoothies - Carrot Kick - 2.50,2.5,CARD,4084068730265997
23/07/2024 19:44,London Brixton,Ana Harris,"Large Hot chocolate - 2.90, Large Smoothies - Carrot Kick - 2.50",5.4,CARD,3916958964938710
23/07/2024 19:45,London Brixton,Fannie Aivao,"Large Speciality Tea - Earl Grey - 1.60, Regular Iced americano - 2.15, Large Espresso - 1.80",5.55,CARD,9528118402220768
23/07/2024 19:47,London Brixton,Rita Dodson,Regular Smoothies - Glowing Greens - 2.00,2.0,CASH,
23/07/2024 19:48,London Brixton,Rhonda Alley,"Large Iced americano - 2.50, Regular Iced americano - 2.15, Large Espresso - 1.80",6.45,CARD,5242421725683069
23/07/2024 19:49,London Brixton,Ruby Bell,"Large Smoothies - Glowing Greens - 2.50, Large Cappuccino - 2.45, Large Smoothies - Carrot Kick - 2.50",7.45,CARD,1895732430759635
23/07/2024 19:51,London Brixton,Gene Cornish,"Large Iced americano - 2.50, Large Hot chocolate - 2.90, Regular Speciality Tea - Earl Grey - 1.30, Large Hot chocolate - 2.90",9.6,CARD,4024213446325038
23/07/2024 19:52,London Brixton,Diana Montgomery,"Regular Cappuccino - 2.15, Large Speciality Tea - Earl Grey - 1.60, Regular Smoothies - Glowing Greens - 2.00, Large Hot chocolate - 2.90, Large Hot chocolate - 2.90",11.55,CARD,4570185310612219
23/07/2024 19:53,London Brixton,Brian Sample,Regular Frappes - Strawberries & Cream - 2.75,2.75,CASH,
23/07/2024 19:55,London Brixton,Liz Boyes,"Large Cappuccino - 2.45, Large Smoothies - Glowing Greens - 2.50, Regular Espresso - 1.50, Regular Iced americano - 2.15, Large Frappes - Strawberries & Cream - 3.25, Large Smoothies - Glowing Greens - 2.50",14.35,CARD,7108983268436133
23/07/2024 19:56,London Brixton,Fannie Blue,"Large Cappuccino - 2.45, Regular Frappes - Strawberries & Cream - 2.75",5.2,CARD,9285354279873581
23/07/2024 19:58,London Brixton,Travis Rivers,"Regular Frappes - Strawberries & Cream - 2.75, Large Iced americano - 2.50, Regular Espresso - 1.50",6.75,CARD,6666950191766635
23/07/2024 19:59,London Brixton,Lorita Bennett,"Regular Speciality Tea - Earl Grey - 1.30, Large Hot chocolate - 2.90, Regular Frappes - Strawberries & Cream - 2.75",6.95,CARD,7750682605238201
23/07/2024 20:00,London Brixton,Troy Orr,"Regular Smoothies - Carrot Kick - 2.00, Regular Frappes - Strawberries & Cream - 2.75, Large Hot chocolate - 2.90",7.65,CASH,
23/07/2024 20:03,London Brixton,Angelina Stamps,"Large Smoothies - Glowing Greens - 2.50, Regular Cappuccino - 2.15, Regular Hot chocolate - 2.20, Regular Cappuccino - 2.15",9.0,CARD,9006336587416301
23/07/2024 20:05,London Brixton,Janie Barringer,"Regular Iced americano - 2.15, Regular Iced americano - 2.15, Large Smoothies - Glowing Greens - 2.50, Large Smoothies - Glowing Greens - 2.50, Large Smoothies - Carrot Kick - 2.50, Large Smoothies - Carrot Kick - 2.50",14.3,CARD,3092926175489394
23/07/2024 20:07,London Brixton,Louis Pointer,"Regular Cappuccino - 2.15, Large Hot chocolate - 2.90, Regular Hot chocolate - 2.20",7.25,CASH,
23/07/2024 20:10,London Brixton,Randolph Henderson,"Regular Iced americano - 2.15, Regular Frappes - Strawberries & Cream - 2.75, Regular Speciality Tea - Earl Grey - 1.30, Large Smoothies - Carrot Kick - 2.50, Regular Smoothies - Carrot Kick - 2.00",10.7,CARD,8777247997975584
23/07/2024 20:12,London Brixton,Morris Clift,"Large Iced americano - 2.50, Regular Cappuccino - 2.15",4.65,CARD,3865152234953735
23/07/2024 20:15,London Brixton,John Dickerson,"Large Frappes - Strawberries & Cream - 3.25, Regular Iced americano - 2.15",5.4,CARD,1653256213979458
23/07/2024 20:17,London Brixton,Mark Scott,"Large Speciality Tea - Earl Grey - 1.60, Regular Smoothies - Glowing Greens - 2.00, Large Cappuccino - 2.45, Large Espresso - 1.80",7.85,CASH,
23/07/2024 20:19,London Brixton,Stanley Ryan,"Large Iced americano - 2.50, Large Frappes - Strawberries & Cream - 3.25, Large Smoothies - Carrot Kick - 2.50, Regular Frappes - Strawberries & Cream - 2.75, Large Iced americano - 2.50",13.5,CASH,
23/07/2024 20:22,London Brixton,Micah Kahele,"Regular Frappes - Strawberries & Cream - 2.75, Large Hot chocolate - 2.90",5.65,CARD,3678225100358682
23/07/2024 20:24,London Brixton,Dan Johnson,Regular Speciality Tea - Earl Grey - 1.30,1.3,CARD,9370287412427616
23/07/2024 20:27,London Brixton,James Sparks,Regular Iced americano - 2.15,2.15,CARD,3713699726779350
23/07/2024 20:29,London Brixton,Timothy Dailey,Regular Hot chocolate - 2.20,2.2,CASH,
23/07/2024 20:31,London Brixton,Todd Hammonds,"Large Cappuccino - 2.45, Large Cappuccino - 2.45, Regular Cappuccino - 2.15, Regular Espresso - 1.50, Large Speciality Tea - Earl Grey - 1.60",10.15,CARD,8007997508625344
23/07/2024 20:34,London Brixton,Carl Peterson,"Large Espresso - 1.80, Large Smoothies - Glowing Greens - 2.50, Regular Iced americano - 2.15, Large Smoothies - Glowing Greens - 2.50",8.95,CASH,
23/07/2024 20:36,London Brixton,Shirley Yazzie,"Large Cappuccino - 2.45, Large Hot chocolate - 2.90",5.35,CARD,2475447698536339
23/07/2024 20:39,London Brixton,Ronald Moldrem,"Large Cappuccino - 2.45, Regular Frappes - Strawberries & Cream - 2.75, Large Cappuccino - 2.45, Large Iced americano - 2.50",10.15,CARD,9656583849133741
23/07/2024 20:41,London Brixton,Lee Mclaughlin,"Regular Smoothies - Carrot Kick - 2.00, Large Smoothies - Glowing Greens - 2.50",4.5,CARD,3274490292809690
23/07/2024 20:43,London Brixton,Joanna Hartung,"Regular Iced americano - 2.15, Large Cappuccino - 2.45",4.6,CARD,2308714845896107
23/07/2024 20:46,London Brixton,Robert Palermo,"Regular Speciality Tea - Earl Grey - 1.30, Regular Smoothies - Carrot Kick - 2.00",3.3,CARD,2502770323823523
23/07/2024 20:48,London Brixton,Charlie Rhein,Regular Hot chocolate - 2.20,2.2,CASH,
23/07/2024 20:51,London Brixton,Francisco Rosado,"Regular Smoothies - Glowing Greens - 2.00, Large Cappuccino - 2.45",4.45,CARD,5868444745252144
23/07/2024 20:53,London Brixton,Carolyn Cann,Regular Iced americano - 2.15,2.15,CARD,8577793169698201
23/07/2024 20:55,London Brixton,Jesse Braaten,"Regular Iced americano - 2.15, Regular Speciality Tea - Earl Grey - 1.30, Regular Smoothies - Carrot Kick - 2.00",5.45,CARD,3151140540115890
23/07/2024 20:58,London Brixton,Stephen Carr,Large Frappes - Strawberries & Cream - 3.25,3.25,CARD,2750557118715227
