23/07/2024 09:00,Longridge,Felicia Rivero,"Regular Glass of milk - 0.70, Regular Frappes - Strawberries & Cream - 2.75, Regular Frappes - Strawberries & Cream - 2.75, Regular Smoothies - Glowing Greens - 2.00, Large Flavoured iced latte - Caramel - 3.25",11.45,CASH,
23/07/2024 09:01,Longridge,John Ayres,"Regular Frappes - Strawberries & Cream - 2.75, Large Flavoured iced latte - Caramel - 3.25",6.0,CASH,
23/07/2024 09:02,Longridge,Billie Berg,"Regular Mocha - 2.30, Regular Mocha - 2.30",4.6,CARD,9687902397842383
23/07/2024 09:03,Longridge,Karen Sawyer,"Large Flavoured iced latte - Caramel - 3.25, Regular Speciality Tea - Earl Grey - 1.30",4.55,CASH,
23/07/2024 09:04,Longridge,Scott Rivera,Large Flavoured iced latte - Caramel - 3.25,3.25,CARD,7354794201600377
23/07/2024 09:05,Longridge,Antonia Becker,"Regular Frappes - Strawberries & Cream - 2.75, Large Smoothies - Glowing Greens - 2.50, Regular Speciality Tea - Earl Grey - 1.30, Regular Flavoured iced latte - Caramel - 2.75",9.3,CASH,
23/07/2024 09:06,Longridge,Shirley Neal,Regular Speciality Tea - Earl Grey - 1.30,1.3,CASH,
23/07/2024 09:07,Longridge,Douglas Ross,"Large Glass of milk - 1.10, Large Frappes - Strawberries & Cream - 3.25, Regular Frappes - Strawberries & Cream - 2.75",7.1,CASH,
23/07/2024 09:08,Longridge,Bonnie Grabau,"Regular Glass of milk - 0.70, Regular Flavoured iced latte - Caramel - 2.75, Regular Smoothies - Glowing Greens - 2.00, Large Mocha - 2.70",8.15,CASH,
23/07/2024 09:09,Longridge,Barbara Nelms,"Regular Smoothies - Glowing Greens - 2.00, Large Mocha - 2.70, Regular Smoothies - Glowing Greens - 2.00",6.7,CARD,7016509932950374
23/07/2024 09:10,Longridge,Walter Mccurley,"Large Frappes - Strawberries & Cream - 3.25, Large Glass of milk - 1.10, Regular Glass of milk - 0.70, Large Frappes - Strawberries & Cream - 3.25, Regular Mocha - 2.30",10.6,CARD,5581368844521683
23/07/2024 09:11,Longridge,Christine Bui,"Regular Mocha - 2.30, Large Smoothies - Glowing Greens - 2.50, Regular Flavoured iced latte - Caramel - 2.75, Large Frappes - Strawberries & Cream - 3.25, Regular Frappes - Strawberries & Cream - 2.75",13.55,CASH,
23/07/2024 09:13,Longridge,Nellie Trainor,"Large Smoothies - Glowing Greens - 2.50, Regular Smoothies - Glowing Greens - 2.00",4.5,CARD,8420376719211800
23/07/2024 09:14,Longridge,Roderick Voorhees,"Regular Mocha - 2.30, Regular Flavoured iced latte - Caramel - 2.75, Large Mocha - 2.70, Large Frappes - Strawberries & Cream - 3.25, Large Speciality Tea - Earl Grey - 1.60",12.6,CASH,
23/07/2024 09:15,Longridge,Jose Bull,"Large Mocha - 2.70, Large Glass of milk - 1.10, Large Speciality Tea - Earl Grey - 1.60",5.4,CASH,
23/07/2024 09:16,Longridge,Brent Wright,"Regular Flavoured iced latte - Caramel - 2.75, Regular Frappes - Strawberries & Cream - 2.75",5.5,CARD,9004235657840817
23/07/2024 09:17,Longridge,Paula Hall,"Large Mocha - 2.70, Regular Glass of milk - 0.70, Regular Mocha - 2.30",5.7,CARD,2312308586494957
23/07/2024 09:18,Longridge,James Poole,"Regular Mocha - 2.30, Large Flavoured iced latte - Caramel - 3.25, Large Flavoured iced latte - Caramel - 3.25, Large Mocha - 2.70",11.5,CARD,3738896262305318
23/07/2024 09:19,Longridge,Josephine Longe,Regular Flavoured iced latte - Caramel - 2.75,2.75,CARD,7462261220013708
23/07/2024 09:20,Longridge,Caroyln Wells,"Regular Flavoured iced latte - Caramel - 2.75, Large Frappes - Strawberries & Cream - 3.25, Regular Frappes - Strawberries & Cream - 2.75",8.75,CASH,
23/07/2024 09:21,Longridge,James Mcneil,"Regular Speciality Tea - Earl Grey - 1.30, Regular Mocha - 2.30",3.6,CARD,2764326822809205
23/07/2024 09:22,Longridge,Edward Adams,"Regular Frappes - Strawberries & Cream - 2.75, Large Flavoured iced latte - Caramel - 3.25",6.0,CARD,9586947061092901
23/07/2024 09:23,Longridge,Joyce Lopez,"Regular Mocha - 2.30, Large Flavoured iced latte - Caramel - 3.25",5.55,CARD,3512609707556973
23/07/2024 09:24,Longridge,Edna Miles,"Large Glass of milk - 1.10, Large Speciality Tea - Earl Grey - 1.60, Large Glass of milk - 1.10",3.8,CASH,
23/07/2024 09:26,Longridge,Lauren Meadows,Large Smoothies - Glowing Greens - 2.50,2.5,CARD,5484194642000205
23/07/2024 09:27,Longridge,Linda Notice,"Regular Speciality Tea - Earl Grey - 1.30, Large Flavoured iced latte - Caramel - 3.25, Large Mocha - 2.70, Regular Speciality Tea - Earl Grey - 1.30, Large Frappes - Strawberries & Cream - 3.25, Large Speciality Tea - Earl Grey - 1.60",13.4,CASH,
23/07/2024 09:28,Longridge,Donna Risner,"Large Frappes - Strawberries & Cream - 3.25, Large Mocha - 2.70",5.95,CARD,5328262829518419
23/07/2024 09:29,Longridge,Sherri Brixey,"Large Speciality Tea - Earl Grey - 1.60, Large Speciality Tea - Earl Grey - 1.60, Large Mocha - 2.70, Large Flavoured iced latte - Caramel - 3.25, Large Smoothies - Glowing Greens - 2.50",11.65,CARD,9708854325502377
23/07/2024 09:30,Longridge,Roger Fletcher,Regular Frappes - Strawberries & Cream - 2.75,2.75,CASH,
23/07/2024 09:31,Longridge,Sue Louque,"Regular Glass of milk - 0.70, Regular Mocha - 2.30, Regular Mocha - 2.30, Large Frappes - Strawberries & Cream - 3.25",8.55,CARD,3474578291283480
23/07/2024 09:32,Longridge,Phil Mills,Large Speciality Tea - Earl Grey - 1.60,1.6,CARD,9856364340732690
23/07/2024 09:33,Longridge,David Wells,"Regular Smoothies - Glowing Greens - 2.00, Regular Frappes - Strawberries & Cream - 2.75, Large Mocha - 2.70",7.45,CARD,9672671563038999
23/07/2024 09:34,Longridge,Magdalena Hutchins,"Large Speciality Tea - Earl Grey - 1.60, Regular Glass of milk - 0.70, Regular Frappes - Strawberries & Cream - 2.75",5.05,CARD,5818579488420622
23/07/2024 09:35,Longridge,Madonna Grant,"Large Flavoured iced latte - Caramel - 3.25, Regular Frappes - Strawberries & Cream - 2.75, Regular Glass of milk - 0.70",6.7,CARD,3042649217945724
23/07/2024 09:36,Longridge,Travis Blish,"Regular Flavoured iced latte - Caramel - 2.75, Large Mocha - 2.70, Large Flavoured iced latte - Caramel - 3.25, Regular Mocha - 2.30, Large Glass of milk - 1.10",12.1,CARD,8541486745816812
23/07/2024 09:37,Longridge,Jenna Lucas,"Large Frappes - Strawberries & Cream - 3.25, Regular Smoothies - Glowing Greens - 2.00, Large Flavoured iced latte - Caramel - 3.25, Regular Flavoured iced latte - Caramel - 2.75, Regular Speciality Tea - Earl Grey - 1.30",12.55,CARD,1547250270350764
23/07/2024 09:39,Longridge,Jillian Smith,"Large Mocha - 2.70, Regular Mocha - 2.30, Large Smoothies - Glowing Greens - 2.50",7.5,CARD,3161348679259860
23/07/2024 09:40,Longridge,Ryan Martin,Regular Flavoured iced latte - Caramel - 2.75,2.75,CASH,
23/07/2024 09:41,Longridge,Marcus Tefera,Regular Speciality Tea - Earl Grey - 1.30,1.3,CARD,6263193177411487
23/07/2024 09:42,Longridge,Ryan Pavlik,"Regular Mocha - 2.30, Large Mocha - 2.70, Regular Frappes - Strawberries & Cream - 2.75, Regular Glass of milk - 0.70",8.45,CARD,8144006877547146
23/07/2024 09:43,Longridge,Randall Scarlett,"Large Frappes - Strawberries & Cream - 3.25, Regular Flavoured iced latte - Caramel - 2.75, Regular Smoothies - Glowing Greens - 2.00, Large Mocha - 2.70, Large Glass of milk - 1.10",11.8,CARD,7740662937705734
23/07/2024 09:44,Longridge,Priscilla Voss,"Large Glass of milk - 1.10, Regular Mocha - 2.30, Large Glass of milk - 1.10",4.5,CASH,
23/07/2024 09:45,Longridge,Anna Oleary,Regular Speciality Tea - Earl Grey - 1.30,1.3,CARD,1546876618988987
23/07/2024 09:46,Longridge,Derrick Carey,Regular Mocha - 2.30,2.3,CARD,9145082354543896
23/07/2024 09:47,Longridge,Betty Winkler,"Large Frappes - Strawberries & Cream - 3.25, Regular Glass of milk - 0.70, Large Speciality Tea - Earl Grey - 1.60",5.55,CARD,4083616208762955
23/07/2024 09:48,Longridge,Albert White,"Regular Glass of milk - 0.70, Large Frappes - Strawberries & Cream - 3.25, Regular Flavoured iced latte - Caramel - 2.75, Large Frappes - Strawberries & Cream - 3.25, Large Speciality Tea - Earl Grey - 1.60, Large Speciality Tea - Earl Grey - 1.60",13.15,CARD,2293359785176944
23/07/2024 09:49,Longridge,Viola Anchondo,"Regular Flavoured iced latte - Caramel - 2.75, Regular Speciality Tea - Earl Grey - 1.30, Large Mocha - 2.70, Regular Smoothies - Glowing Greens - 2.00",8.75,CARD,2705169401203068
23/07/2024 09:50,Longridge,Philip Guillory,Regular Smoothies - Glowing Greens - 2.00,2.0,CARD,2316795879969499
23/07/2024 09:52,Longridge,Teresa Logsdon,"Large Flavoured iced latte - Caramel - 3.25, Regular Smoothies - Glowing Greens - 2.00, Regular Glass of milk - 0.70",5.95,CASH,
23/07/2024 09:53,Longridge,Walter Merklein,"Regular Smoothies - Glowing Greens - 2.00, Regular Smoothies - Glowing Greens - 2.00",4.0,CARD,3468261209790077
23/07/2024 09:54,Longridge,Pearl Yuro,Regular Frappes - Strawberries & Cream - 2.75,2.75,CASH,
23/07/2024 09:55,Longridge,Michelle Bateman,"Regular Flavoured iced latte - Caramel - 2.75, Large Mocha - 2.70",5.45,CASH,
23/07/2024 09:56,Longridge,Ricky Harley,"Large Speciality Tea - Earl Grey - 1.60, Regular Mocha - 2.30",3.9,CARD,5547737257675601
23/07/2024 09:57,Longridge,Julian Rush,Regular Mocha - 2.30,2.3,CARD,1767864435048409
23/07/2024 09:58,Longridge,Ester Funk,"Large Mocha - 2.70, Regular Smoothies - Glowing Greens - 2.00, Regular Mocha - 2.30",7.0,CASH,
23/07/2024 09:59,Longridge,Bradley Quinn,"Regular Flavoured iced latte - Caramel - 2.75, Regular Flavoured iced latte - Caramel - 2.75, Regular Glass of milk - 0.70",6.2,CARD,9631631595038455
23/07/2024 10:00,Longridge,Amy Bergman,"Large Speciality Tea - Earl Grey - 1.60, Regular Mocha - 2.30, Regular Flavoured iced latte - Caramel - 2.75, Large Smoothies - Glowing Greens - 2.50",9.15,CARD,1836010883486577
23/07/2024 10:03,Longridge,Danny Miller,"Regular Flavoured iced latte - Caramel - 2.75, Regular Frappes - Strawberries & Cream - 2.75, Regular Frappes - Strawberries & Cream - 2.75",8.25,CARD,8456757949882978
23/07/2024 10:06,Longridge,Carrie Kallenberg,Regular Flavoured iced latte - Caramel - 2.75,2.75,CARD,7796572283981947
23/07/2024 10:10,Longridge,Charles Vala,"Regular Frappes - Strawberries & Cream - 2.75, Large Frappes - Strawberries & Cream - 3.25, Large Speciality Tea - Earl Grey - 1.60, Large Mocha - 2.70, Large Frappes - Strawberries & Cream - 3.25",13.55,CARD,2410448240326235
23/07/2024 10:13,Longridge,James Fortney,"Large Frappes - Strawberries & Cream - 3.25, Regular Glass of milk - 0.70, Large Mocha - 2.70",6.65,CARD,6615523016657884
23/07/2024 10:16,Longridge,Alberta Fulton,"Large Flavoured iced latte - Caramel - 3.25, Large Glass of milk - 1.10, Regular Speciality Tea - Earl Grey - 1.30, Large Glass of milk - 1.10, Regular Mocha - 2.30",9.05,CARD,7148551265392110
23/07/2024 10:19,Longridge,Daniel Dickens,"Large Speciality Tea - Earl Grey - 1.60, Regular Flavoured iced latte - Caramel - 2.75, Large Flavoured iced latte - Caramel - 3.25, Regular Mocha - 2.30",9.9,CASH,
23/07/2024 10:22,Longridge,Rebecca Blankenship,Regular Frappes - Strawberries & Cream - 2.75,2.75,CARD,3516869630021139
23/07/2024 10:25,Longridge,Edgardo Raef,Large Frappes - Strawberries & Cream - 3.25,3.25,CARD,8620864940872554
23/07/2024 10:29,Longridge,Raymond Robinson,"Regular Flavoured iced latte - Caramel - 2.75, Regular Glass of milk - 0.70, Large Speciality Tea - Earl Grey - 1.60, Large Flavoured iced latte - Caramel - 3.25, Regular Mocha - 2.30",10.6,CASH,
23/07/2024 10:32,Longridge,Erwin Connor,"Regular Frappes - Strawberries & Cream - 2.75, Regular Smoothies - Glowing Greens - 2.00, Regular Speciality Tea - Earl Grey - 1.30, Regular Glass of milk - 0.70",6.75,CARD,5943609311181479
23/07/2024 10:35,Longridge,Denise Thaxton,"Regular Speciality Tea - Earl Grey - 1.30, Regular Frappes - Strawberries & Cream - 2.75",4.05,CASH,
23/07/2024 10:38,Longridge,James Fang,"Large Speciality Tea - Earl Grey - 1.60, Regular Glass of milk - 0.70, Regular Frappes - Strawberries & Cream - 2.75, Large Flavoured iced latte - Caramel - 3.25",8.3,CARD,4671872942253080
23/07/2024 10:41,Longridge,James Urias,Large Mocha - 2.70,2.7,CASH,
23/07/2024 10:44,Longridge,Angela Dibble,"Regular Speciality Tea - Earl Grey - 1.30, Regular Mocha - 2.30, Regular Glass of milk - 0.70, Large Speciality Tea - Earl Grey - 1.60",5.9,CARD,4260789699207558
23/07/2024 10:47,Longridge,Jessie Luke,"Large Mocha - 2.70, Large Mocha - 2.70, Regular Mocha - 2.30, Regular Smoothies - Glowing Greens - 2.00, Regular Flavoured iced latte - Caramel - 2.75",12.45,CASH,
23/07/2024 10:51,Longridge,Joe Gonzalez,"Large Frappes - Strawberries & Cream - 3.25, Regular Frappes - Strawberries & Cream - 2.75",6.0,CARD,1607659258538076
23/07/2024 10:54,Longridge,Pamela Kendrick,Large Flavoured iced latte - Caramel - 3.25,3.25,CARD,9762401396076197
23/07/2024 10:57,Longridge,Brandon Johnson,"Regular Flavoured iced latte - Caramel - 2.75, Regular Frappes - Strawberries & Cream - 2.75",5.5,CARD,9232464100191595
23/07/2024 11:00,Longridge,Gerald Heiser,Large Frappes - Strawberries & Cream - 3.25,3.25,CARD,4889881031433141
23/07/2024 11:08,Longridge,Mike Eggleston,"Large Speciality Tea - Earl Grey - 1.60, Large Glass of milk - 1.10, Regular Mocha - 2.30, Large Speciality Tea - Earl Grey - 1.60",6.6,CARD,2617630379423720
23/07/2024 11:15,Longridge,Danielle Perkins,"Large Mocha - 2.70, Large Speciality Tea - Earl Grey - 1.60",4.3,CARD,4673850448239512
23/07/2024 11:23,Longridge,Tarsha Richardson,"Regular Mocha - 2.30, Regular Smoothies - Glowing Greens - 2.00, Regular Flavoured iced latte - Caramel - 2.75",7.05,CARD,4596367925813642
23/07/2024 11:30,Longridge,Nichole Stewart,"Large Flavoured iced latte - Caramel - 3.25, Large Smoothies - Glowing Greens - 2.50, Regular Mocha - 2.30",8.05,CARD,4734195064099370
23/07/2024 11:38,Longridge,Patricia Kemp,Regular Flavoured iced latte - Caramel - 2.75,2.75,CARD,4573052435851911
23/07/2024 11:45,Longridge,Frank Andrews,Large Smoothies - Glowing Greens - 2.50,2.5,CASH,
23/07/2024 11:53,Longridge,Maria Kim,"Large Frappes - Strawberries & Cream - 3.25, Regular Mocha - 2.30",5.55,CARD,3000150909954500
23/07/2024 12:00,Longridge,Daryl Bennett,"Large Frappes - Strawberries & Cream - 3.25, Large Frappes - Strawberries & Cream - 3.25, Regular Mocha - 2.30",8.8,CASH,
23/07/2024 12:06,Longridge,Preston Leiby,"Regular Smoothies - Glowing Greens - 2.00, Large Speciality Tea - Earl Grey - 1.60, Regular Flavoured iced latte - Caramel - 2.75",6.35,CARD,2152098618200857
23/07/2024 12:12,Longridge,Jennifer Lambino,"Large Frappes - Strawberries & Cream - 3.25, Regular Glass of milk - 0.70, Regular Flavoured iced latte - Caramel - 2.75",6.7,CARD,3527330856903590
23/07/2024 12:18,Longridge,Edward Sell,"Regular Smoothies - Glowing Greens - 2.00, Large Smoothies - Glowing Greens - 2.50, Regular Glass of milk - 0.70, Large Mocha - 2.70, Large Smoothies - Glowing Greens - 2.50",10.4,CARD,4052410202448021
23/07/2024 12:24,Longridge,Tim Williamson,"Large Flavoured iced latte - Caramel - 3.25, Regular Glass of milk - 0.70",3.95,CARD,3961184716189336
23/07/2024 12:30,Longridge,Vivian Gonzalez,"Regular Speciality Tea - Earl Grey - 1.30, Large Flavoured iced latte - Caramel - 3.25",4.55,CARD,9208080784412525
23/07/2024 12:36,Longridge,Jean Orr,"Large Speciality Tea - Earl Grey - 1.60, Regular Flavoured iced latte - Caramel - 2.75, Large Flavoured iced latte - Caramel - 3.25, Large Smoothies - Glowing Greens - 2.50, Regular Flavoured iced latte - Caramel - 2.75",12.85,CASH,
23/07/2024 12:42,Longridge,Michael Bragg,"Large Glass of milk - 1.10, Large Mocha - 2.70, Regular Flavoured iced latte - Caramel - 2.75, Regular Glass of milk - 0.70",7.25,CASH,
23/07/2024 12:48,Longridge,Jason Brown,"Large Frappes - Strawberries & Cream - 3.25, Regular Smoothies - Glowing Greens - 2.00, Large Speciality Tea - Earl Grey - 1.60, Regular Mocha - 2.30",9.15,CASH,
23/07/2024 12:54,Longridge,Barbara Bautista,"Large Flavoured iced latte - Caramel - 3.25, Regular Glass of milk - 0.70, Large Mocha - 2.70, Regular Frappes - Strawberries & Cream - 2.75",9.4,CARD,6536738382004964
23/07/2024 13:00,Longridge,Michael Villarreal,Regular Flavoured iced latte - Caramel - 2.75,2.75,CASH,
23/07/2024 13:01,Longridge,Salvatore Davis,"Large Frappes - Strawberries & Cream - 3.25, Regular Glass of milk - 0.70, Regular Mocha - 2.30, Large Frappes - Strawberries & Cream - 3.25",9.5,CARD,4619734127065022
23/07/2024 13:02,Longridge,Brandie Miller,"Regular Frappes - Strawberries & Cream - 2.75, Large Frappes - Strawberries & Cream - 3.25",6.0,CARD,7975745964609951
23/07/2024 13:03,Longridge,Holly Kleinman,"Large Frappes - Strawberries & Cream - 3.25, Large Speciality Tea - Earl Grey - 1.60",4.85,CARD,2010070131294331
23/07/2024 13:04,Longridge,Mary Meyers,"Regular Mocha - 2.30, Large Mocha - 2.70",5.0,CARD,6339395492811838
23/07/2024 13:05,Longridge,Shane Seggerman,"Regular Frappes - Strawberries & Cream - 2.75, Large Flavoured iced latte - Caramel - 3.25",6.0,CASH,
23/07/2024 13:06,Longridge,Hershel Carmona,"Large Smoothies - Glowing Greens - 2.50, Large Mocha - 2.70, Regular Speciality Tea - Earl Grey - 1.30, Regular Frappes - Strawberries & Cream - 2.75, Large Glass of milk - 1.10",10.35,CARD,3524932861041710
23/07/2024 13:07,Longridge,James Daniel,"Large Frappes - Strawberries & Cream - 3.25, Regular Frappes - Strawberries & Cream - 2.75",6.0,CARD,7037710872647623
23/07/2024 13:08,Longridge,Bobbie Vital,"Large Flavoured iced latte - Caramel - 3.25, Regular Frappes - Strawberries & Cream - 2.75, Regular Flavoured iced latte - Caramel - 2.75, Large Mocha - 2.70, Regular Frappes - Strawberries & Cream - 2.75",14.2,CARD,3076515967757684
23/07/2024 13:09,Longridge,Cindy Welch,"Regular Mocha - 2.30, Regular Smoothies - Glowing Greens - 2.00, Large Smoothies - Glowing Greens - 2.50, Large Flavoured iced latte - Caramel - 3.25, Regular Smoothies - Glowing Greens - 2.00, Large Frappes - Strawberries & Cream - 3.25",15.3,CARD,7012716586461059
23/07/2024 13:10,Longridge,Lori Armstrong,Large Frappes - Strawberries & Cream - 3.25,3.25,CARD,1767258678491242
23/07/2024 13:10,Longridge,Lester Jones,"Large Glass of milk - 1.10, Regular Frappes - Strawberries & Cream - 2.75, Large Smoothies - Glowing Greens - 2.50, Regular Smoothies - Glowing Greens - 2.00",8.35,CARD,1306455002740258
23/07/2024 13:11,Longridge,Sherri Abrial,Large Speciality Tea - Earl Grey - 1.60,1.6,CARD,3491610063739096
23/07/2024 13:12,Longridge,Thomas Cook,"Regular Frappes - Strawberries & Cream - 2.75, Regular Frappes - Strawberries & Cream - 2.75, Regular Frappes - Strawberries & Cream - 2.75, Regular Frappes - Strawberries & Cream - 2.75",11.0,CASH,
23/07/2024 13:13,Longridge,Sandra Stuckey,"Large Speciality Tea - Earl Grey - 1.60, Large Flavoured iced latte - Caramel - 3.25, Regular Flavoured iced latte - Caramel - 2.75, Regular Glass of milk - 0.70, Large Flavoured iced latte - Caramel - 3.25",11.55,CARD,6222233367546061
23/07/2024 13:14,Longridge,John Sterner,"Large Flavoured iced latte - Caramel - 3.25, Large Smoothies - Glowing Greens - 2.50",5.75,CARD,4085670139797889
23/07/2024 13:15,Longridge,Jeanie Moore,"Regular Smoothies - Glowing Greens - 2.00, Regular Frappes - Strawberries & Cream - 2.75, Regular Flavoured iced latte - Caramel - 2.75",7.5,CASH,
23/07/2024 13:16,Longridge,Gina Parke,Regular Frappes - Strawberries & Cream - 2.75,2.75,CASH,
23/07/2024 13:17,Longridge,Mellissa Sheets,"Regular Speciality Tea - Earl Grey - 1.30, Regular Flavoured iced latte - Caramel - 2.75, Regular Mocha - 2.30, Large Glass of milk - 1.10, Regular Mocha - 2.30, Regular Frappes - Strawberries & Cream - 2.75",12.5,CARD,4995075859659471
23/07/2024 13:18,Longridge,Kevin Hooker,"Large Flavoured iced latte - Caramel - 3.25, Large Smoothies - Glowing Greens - 2.50, Regular Glass of milk - 0.70",6.45,CARD,3790310293721230
23/07/2024 13:19,Longridge,Joy Kuehn,"Regular Mocha - 2.30, Regular Flavoured iced latte - Caramel - 2.75, Large Glass of milk - 1.10",6.15,CARD,3084108429457773
23/07/2024 13:20,Longridge,Esmeralda Nichols,"Large Speciality Tea - Earl Grey - 1.60, Regular Glass of milk - 0.70, Large Speciality Tea - Earl Grey - 1.60, Regular Smoothies - Glowing Greens - 2.00, Regular Glass of milk - 0.70",6.6,CARD,3499567457958039
23/07/2024 13:21,Longridge,David Wilson,"Regular Frappes - Strawberries & Cream - 2.75, Regular Flavoured iced latte - Caramel - 2.75",5.5,CARD,7357777221732701
23/07/2024 13:22,Longridge,Annie Sheppard,Regular Smoothies - Glowing Greens - 2.00,2.0,CARD,3015745707475385
23/07/2024 13:23,Longridge,James Zerbe,"Large Speciality Tea - Earl Grey - 1.60, Large Speciality Tea - Earl Grey - 1.60, Large Flavoured iced latte - Caramel - 3.25",6.45,CASH,
23/07/2024 13:24,Longridge,Dorothy Traficante,"Regular Speciality Tea - Earl Grey - 1.30, Regular Mocha - 2.30",3.6,CARD,4394464693432181
23/07/2024 13:25,Longridge,Doreen Templeton,"Large Frappes - Strawberries & Cream - 3.25, Regular Speciality Tea - Earl Grey - 1.30",4.55,CARD,7611578591340639
23/07/2024 13:26,Longridge,Carmen Crabtree,"Regular Speciality Tea - Earl Grey - 1.30, Large Flavoured iced latte - Caramel - 3.25",4.55,CASH,
23/07/2024 13:27,Longridge,Brandon Anderson,"Regular Smoothies - Glowing Greens - 2.00, Regular Smoothies - Glowing Greens - 2.00, Regular Flavoured iced latte - Caramel - 2.75",6.75,CARD,8848771708091448
23/07/2024 13:28,Longridge,Annie Bradford,"Regular Smoothies - Glowing Greens - 2.00, Large Smoothies - Glowing Greens - 2.50, Large Smoothies - Glowing Greens - 2.50, Large Glass of milk - 1.10",8.1,CASH,
23/07/2024 13:29,Longridge,William Argenbright,"Regular Mocha - 2.30, Regular Glass of milk - 0.70, Regular Mocha - 2.30, Regular Smoothies - Glowing Greens - 2.00, Regular Flavoured iced latte - Caramel - 2.75, Large Speciality Tea - Earl Grey - 1.60",11.65,CARD,9298818800074327
23/07/2024 13:29,Longridge,Jim Reyes,"Large Flavoured iced latte - Caramel - 3.25, Large Frappes - Strawberries & Cream - 3.25, Large Smoothies - Glowing Greens - 2.50",9.0,CARD,1805877099920964
23/07/2024 13:30,Longridge,David Williams,"Large Mocha - 2.70, Large Speciality Tea - Earl Grey - 1.60, Regular Smoothies - Glowing Greens - 2.00, Large Frappes - Strawberries & Cream - 3.25",9.55,CASH,
23/07/2024 13:31,Longridge,Nancy Brown,Regular Mocha - 2.30,2.3,CARD,2768649890201943
23/07/2024 13:32,Longridge,John Gil,"Regular Flavoured iced latte - Caramel - 2.75, Large Glass of milk - 1.10",3.85,CASH,
23/07/2024 13:33,Longridge,John Rice,"Large Smoothies - Glowing Greens - 2.50, Regular Mocha - 2.30, Regular Frappes - Strawberries & Cream - 2.75, Regular Speciality Tea - Earl Grey - 1.30, Regular Mocha - 2.30",11.15,CARD,8251070206004713
23/07/2024 13:34,Longridge,Frank Marriott,Regular Speciality Tea - Earl Grey - 1.30,1.3,CARD,3561227769275203
23/07/2024 13:35,Longridge,Marian Luhman,Regular Smoothies - Glowing Greens - 2.00,2.0,CARD,8065325521917913
23/07/2024 13:36,Longridge,Jennifer Rosica,"Large Flavoured iced latte - Caramel - 3.25, Regular Flavoured iced latte - Caramel - 2.75, Regular Glass of milk - 0.70",6.7,CARD,4041010928257496
23/07/2024 13:37,Longridge,Maria Carlson,Regular Frappes - Strawberries & Cream - 2.75,2.75,CARD,7646539997306684
23/07/2024 13:38,Longridge,Joann Clarkson,"Large Glass of milk - 1.10, Large Flavoured iced latte - Caramel - 3.25, Large Mocha - 2.70",7.05,CASH,
23/07/2024 13:39,Longridge,Mary Baker,Large Smoothies - Glowing Greens - 2.50,2.5,CARD,3037084893939036
23/07/2024 13:40,Longridge,Jamie Williams,"Regular Glass of milk - 0.70, Regular Glass of milk - 0.70",1.4,CARD,2718187972191883
23/07/2024 13:41,Longridge,Ellen Cooper,"Large Frappes - Strawberries & Cream - 3.25, Large Speciality Tea - Earl Grey - 1.60, Regular Flavoured iced latte - Caramel - 2.75, Regular Smoothies - Glowing Greens - 2.00",9.6,CASH,
23/07/2024 13:42,Longridge,Beverly Crawford,"Regular Mocha - 2.30, Large Mocha - 2.70, Regular Flavoured iced latte - Caramel - 2.75, Regular Flavoured iced latte - Caramel - 2.75",10.5,CARD,4496247500318953
23/07/2024 13:43,Longridge,Olivia Carroll,"Regular Flavoured iced latte - Caramel - 2.75, Regular Frappes - Strawberries & Cream - 2.75, Large Speciality Tea - Earl Grey - 1.60, Large Speciality Tea - Earl Grey - 1.60, Regular Mocha - 2.30",11.0,CARD,7516293471493295
23/07/2024 13:44,Longridge,Albert Doss,"Large Flavoured iced latte - Caramel - 3.25, Large Smoothies - Glowing Greens - 2.50, Large Speciality Tea - Earl Grey - 1.60, Large Flavoured iced latte - Caramel - 3.25",10.6,CARD,8080753943953807
23/07/2024 13:45,Longridge,Peter Green,Regular Speciality Tea - Earl Grey - 1.30,1.3,CARD,5230000465698376
23/07/2024 13:46,Longridge,Christine Larkin,"Regular Flavoured iced latte - Caramel - 2.75, Large Mocha - 2.70",5.45,CARD,8633339950258486
23/07/2024 13:47,Longridge,Mason Sides,"Large Frappes - Strawberries & Cream - 3.25, Regular Flavoured iced latte - Caramel - 2.75, Large Frappes - Strawberries & Cream - 3.25, Large Frappes - Strawberries & Cream - 3.25",12.5,CASH,
23/07/2024 13:48,Longridge,Paula Brown,"Large Flavoured iced latte - Caramel - 3.25, Large Flavoured iced latte - Caramel - 3.25, Large Speciality Tea - Earl Grey - 1.60, Regular Glass of milk - 0.70",8.8,CARD,1217050525460195
23/07/2024 13:48,Longridge,James Knows,"Regular Glass of milk - 0.70, Regular Mocha - 2.30",3.0,CARD,7061792829983106
23/07/2024 13:49,Longridge,Ricky Butterfield,"Regular Mocha - 2.30, Regular Speciality Tea - Earl Grey - 1.30, Regular Speciality Tea - Earl Grey - 1.30",4.9,CASH,
23/07/2024 13:50,Longridge,Thomas Lusk,"Large Glass of milk - 1.10, Large Flavoured iced latte - Caramel - 3.25, Large Mocha - 2.70, Regular Mocha - 2.30, Large Frappes - Strawberries & Cream - 3.25, Large Smoothies - Glowing Greens - 2.50",15.1,CARD,1934240705846796
23/07/2024 13:51,Longridge,Lonnie Johnson,"Large Speciality Tea - Earl Grey - 1.60, Regular Speciality Tea - Earl Grey - 1.30",2.9,CARD,5251749933287994
23/07/2024 13:52,Longridge,David Lightner,"Large Mocha - 2.70, Regular Speciality Tea - Earl Grey - 1.30, Regular Speciality Tea - Earl Grey - 1.30",5.3,CARD,9431179108866428
23/07/2024 13:53,Longridge,Justin Wright,Large Frappes - Strawberries & Cream - 3.25,3.25,CASH,
23/07/2024 13:54,Longridge,Robert Goolsby,"Regular Glass of milk - 0.70, Large Frappes - Strawberries & Cream - 3.25",3.95,CASH,
23/07/2024 13:55,Longridge,Brandon Gruwell,"Large Glass of milk - 1.10, Regular Flavoured iced latte - Caramel - 2.75, Large Smoothies - Glowing Greens - 2.50, Large Flavoured iced latte - Caramel - 3.25, Large Frappes - Strawberries & Cream - 3.25",12.85,CARD,5144651785190180
23/07/2024 13:56,Longridge,Carolyn Cooper,"Regular Mocha - 2.30, Large Frappes - Strawberries & Cream - 3.25, Large Glass of milk - 1.10, Large Frappes - Strawberries & Cream - 3.25, Regular Smoothies - Glowing Greens - 2.00, Large Frappes - Strawberries & Cream - 3.25",15.15,CASH,
23/07/2024 13:57,Longridge,Joshua Shelby,"Regular Flavoured iced latte - Caramel - 2.75, Regular Mocha - 2.30",5.05,CARD,7905696562696615
23/07/2024 13:58,Longridge,Ann Thompson,"Large Mocha - 2.70, Large Frappes - Strawberries & Cream - 3.25, Regular Smoothies - Glowing Greens - 2.00, Regular Smoothies - Glowing Greens - 2.00",9.95,CASH,
23/07/2024 13:59,Longridge,Annie Carrabine,Regular Glass of milk - 0.70,0.7,CARD,9459715113019455
23/07/2024 14:00,Longridge,Karen Lamblin,"Regular Frappes - Strawberries & Cream - 2.75, Regular Speciality Tea - Earl Grey - 1.30, Large Mocha - 2.70, Large Frappes - Strawberries & Cream - 3.25, Large Frappes - Strawberries & Cream - 3.25, Large Speciality Tea - Earl Grey - 1.60",14.85,CARD,4039864858388928
23/07/2024 14:03,Longridge,Terry Crow,"Large Frappes - Strawberries & Cream - 3.25, Regular Smoothies - Glowing Greens - 2.00",5.25,CASH,
23/07/2024 14:06,Longridge,Tammy Beebe,Large Speciality Tea - Earl Grey - 1.60,1.6,CARD,5998199994033319
23/07/2024 14:09,Longridge,Allan Krause,"Large Flavoured iced latte - Caramel - 3.25, Regular Speciality Tea - Earl Grey - 1.30, Large Flavoured iced latte - Caramel - 3.25, Large Glass of milk - 1.10, Regular Glass of milk - 0.70, Large Flavoured iced latte - Caramel - 3.25",12.85,CARD,3847625380918855
23/07/2024 14:12,Longridge,Susie Savitch,Large Flavoured iced latte - Caramel - 3.25,3.25,CARD,3787484937669006
23/07/2024 14:16,Longridge,Lee Dowdy,"Large Frappes - Strawberries & Cream - 3.25, Regular Speciality Tea - Earl Grey - 1.30",4.55,CASH,
23/07/2024 14:19,Longridge,Sharon Wentworth,"Regular Mocha - 2.30, Regular Flavoured iced latte - Caramel - 2.75",5.05,CARD,2462335626499809
23/07/2024 14:22,Longridge,Estelle Schwartz,"Large Smoothies - Glowing Greens - 2.50, Large Speciality Tea - Earl Grey - 1.60, Regular Flavoured iced latte - Caramel - 2.75, Regular Frappes - Strawberries & Cream - 2.75, Regular Smoothies - Glowing Greens - 2.00, Regular Flavoured iced latte - Caramel - 2.75",14.35,CARD,7789072502969148
23/07/2024 14:25,Longridge,Angela Schamber,"Regular Frappes - Strawberries & Cream - 2.75, Large Frappes - Strawberries & Cream - 3.25",6.0,CASH,
23/07/2024 14:28,Longridge,Shirley Mcdaniel,Regular Glass of milk - 0.70,0.7,CARD,4100331420802437
23/07/2024 14:31,Longridge,Dottie Travis,"Large Smoothies - Glowing Greens - 2.50, Regular Glass of milk - 0.70, Large Flavoured iced latte - Caramel - 3.25",6.45,CARD,6250640668395044
23/07/2024 14:35,Longridge,Ronald Gibson,Large Mocha - 2.70,2.7,CARD,4052803575799895
23/07/2024 14:38,Longridge,Tarsha Bacon,"Large Flavoured iced latte - Caramel - 3.25, Regular Flavoured iced latte - Caramel - 2.75, Regular Speciality Tea - Earl Grey - 1.30, Large Glass of milk - 1.10, Regular Glass of milk - 0.70",9.1,CASH,
23/07/2024 14:41,Longridge,Edward Andersen,"Large Flavoured iced latte - Caramel - 3.25, Large Mocha - 2.70, Regular Speciality Tea - Earl Grey - 1.30, Large Mocha - 2.70, Large Frappes - Strawberries & Cream - 3.25",13.2,CARD,7208453196855653
23/07/2024 14:44,Longridge,Richard Pettus,"Regular Speciality Tea - Earl Grey - 1.30, Regular Flavoured iced latte - Caramel - 2.75, Large Frappes - Strawberries & Cream - 3.25",7.3,CASH,
23/07/2024 14:47,Longridge,Mike Smith,"Regular Speciality Tea - Earl Grey - 1.30, Large Speciality Tea - Earl Grey - 1.60, Large Glass of milk - 1.10, Regular Speciality Tea - Earl Grey - 1.30",5.3,CASH,
23/07/2024 14:50,Longridge,Alvera Nealy,"Large Speciality Tea - Earl Grey - 1.60, Regular Mocha - 2.30, Regular Frappes - Strawberries & Cream - 2.75, Large Frappes - Strawberries & Cream - 3.25, Large Flavoured iced latte - Caramel - 3.25",13.15,CARD,8242357474987512
23/07/2024 14:53,Longridge,Linwood Palma,"Large Frappes - Strawberries & Cream - 3.25, Regular Smoothies - Glowing Greens - 2.00, Regular Glass of milk - 0.70",5.95,CARD,6743194903737818
23/07/2024 14:57,Longridge,Leigh Martin,Large Mocha - 2.70,2.7,CARD,2769552446342652
23/07/2024 15:00,Longridge,Marie Guest,"Large Smoothies - Glowing Greens - 2.50, Large Flavoured iced latte - Caramel - 3.25, Large Frappes - Strawberries & Cream - 3.25, Regular Mocha - 2.30, Regular Flavoured iced latte - Caramel - 2.75, Large Smoothies - Glowing Greens - 2.50",16.55,CARD,7537339197407101
23/07/2024 15:01,Longridge,Charles Cozzolino,"Large Flavoured iced latte - Caramel - 3.25, Large Smoothies - Glowing Greens - 2.50, Regular Glass of milk - 0.70",6.45,CASH,
23/07/2024 15:02,Longridge,Efrain Cann,"Regular Speciality Tea - Earl Grey - 1.30, Large Speciality Tea - Earl Grey - 1.60, Large Frappes - Strawberries & Cream - 3.25, Regular Mocha - 2.30, Large Speciality Tea - Earl Grey - 1.60, Regular Smoothies - Glowing Greens - 2.00",12.05,CASH,
23/07/2024 15:03,Longridge,Thomas Sobieski,"Regular Smoothies - Glowing Greens - 2.00, Regular Frappes - Strawberries & Cream - 2.75, Regular Speciality Tea - Earl Grey - 1.30, Regular Frappes - Strawberries & Cream - 2.75",8.8,CASH,
23/07/2024 15:04,Longridge,Leslie Olson,Large Frappes - Strawberries & Cream - 3.25,3.25,CARD,5861216490938141
23/07/2024 15:05,Longridge,Michael Flannery,"Regular Frappes - Strawberries & Cream - 2.75, Large Smoothies - Glowing Greens - 2.50, Large Mocha - 2.70",7.95,CARD,1220731686057681
23/07/2024 15:06,Longridge,John Fields,"Regular Glass of milk - 0.70, Regular Speciality Tea - Earl Grey - 1.30",2.0,CARD,9099582535077895
23/07/2024 15:07,Longridge,Tricia Baltazar,Regular Mocha - 2.30,2.3,CARD,8216547653145845
23/07/2024 15:08,Longridge,James Keith,"Regular Glass of milk - 0.70, Large Speciality Tea - Earl Grey - 1.60, Large Speciality Tea - Earl Grey - 1.60",3.9,CARD,9628152688987605
23/07/2024 15:09,Longridge,Helen Curry,"Large Frappes - Strawberries & Cream - 3.25, Regular Frappes - Strawberries & Cream - 2.75, Large Smoothies - Glowing Greens - 2.50, Large Speciality Tea - Earl Grey - 1.60",10.1,CARD,5505477660742144
23/07/2024 15:10,Longridge,Lucinda Phillips,"Regular Flavoured iced latte - Caramel - 2.75, Regular Frappes - Strawberries & Cream - 2.75, Large Speciality Tea - Earl Grey - 1.60",7.1,CASH,
23/07/2024 15:11,Longridge,Olivia Hawkins,"Regular Speciality Tea - Earl Grey - 1.30, Regular Frappes - Strawberries & Cream - 2.75, Large Flavoured iced latte - Caramel - 3.25, Large Frappes - Strawberries & Cream - 3.25, Regular Frappes - Strawberries & Cream - 2.75, Regular Speciality Tea - Earl Grey - 1.30",14.6,CARD,6408614893410093
23/07/2024 15:12,Longridge,Dustin Lang,"Regular Mocha - 2.30, Large Flavoured iced latte - Caramel - 3.25, Large Mocha - 2.70, Large Frappes - Strawberries & Cream - 3.25",11.5,CARD,6033501749334430
23/07/2024 15:13,Longridge,Phillip Gantt,"Regular Speciality Tea - Earl Grey - 1.30, Large Mocha - 2.70, Large Frappes - Strawberries & Cream - 3.25, Regular Speciality Tea - Earl Grey - 1.30, Regular Speciality Tea - Earl Grey - 1.30",9.85,CARD,2732766369817067
23/07/2024 15:14,Longridge,Gertrude Johnson,"Large Speciality Tea - Earl Grey - 1.60, Large Glass of milk - 1.10",2.7,CASH,
23/07/2024 15:15,Longridge,Janice Valdovinos,"Regular Smoothies - Glowing Greens - 2.00, Large Frappes - Strawberries & Cream - 3.25",5.25,CASH,
23/07/2024 15:16,Longridge,Harlan Drayton,"Regular Frappes - Strawberries & Cream - 2.75, Large Flavoured iced latte - Caramel - 3.25, Large Speciality Tea - Earl Grey - 1.60, Regular Frappes - Strawberries & Cream - 2.75, Regular Speciality Tea - Earl Grey - 1.30, Large Flavoured iced latte - Caramel - 3.25",14.9,CASH,
23/07/2024 15:17,Longridge,Arthur Denton,"Regular Flavoured iced latte - Caramel - 2.75, Large Glass of milk - 1.10, Large Frappes - Strawberries & Cream - 3.25",7.1,CARD,2542508708733627
23/07/2024 15:18,Longridge,Patrick Denning,"Regular Mocha - 2.30, Large Frappes - Strawberries & Cream - 3.25, Regular Speciality Tea - Earl Grey - 1.30, Large Speciality Tea - Earl Grey - 1.60",8.45,CARD,4788543628932924
23/07/2024 15:19,Longridge,Peter Lawton,"Large Speciality Tea - Earl Grey - 1.60, Regular Glass of milk - 0.70, Regular Frappes - Strawberries & Cream - 2.75, Regular Speciality Tea - Earl Grey - 1.30",6.35,CARD,9361012222812348
23/07/2024 15:20,Longridge,Marshall Morales,"Regular Speciality Tea - Earl Grey - 1.30, Large Speciality Tea - Earl Grey - 1.60, Large Flavoured iced latte - Caramel - 3.25, Large Frappes - Strawberries & Cream - 3.25, Large Frappes - Strawberries & Cream - 3.25",12.65,CARD,6409521307579684
23/07/2024 15:21,Longridge,Oscar Hauser,"Regular Speciality Tea - Earl Grey - 1.30, Regular Flavoured iced latte - Caramel - 2.75, Large Speciality Tea - Earl Grey - 1.60",5.65,CARD,2591128951639864
23/07/2024 15:22,Longridge,Virgina Capps,Large Mocha - 2.70,2.7,CARD,1676289154519829
23/07/2024 15:23,Longridge,Ashley Ortega,Large Flavoured iced latte - Caramel - 3.25,3.25,CARD,4275492447314445
23/07/2024 15:25,Longridge,Francine Moore,Regular Mocha - 2.30,2.3,CARD,8823445385987448
23/07/2024 15:26,Longridge,Randy Oskins,"Regular Speciality Tea - Earl Grey - 1.30, Large Mocha - 2.70, Regular Flavoured iced latte - Caramel - 2.75, Regular Mocha - 2.30",9.05,CARD,1989080014967147
23/07/2024 15:27,Longridge,Matthew Hare,"Large Flavoured iced latte - Caramel - 3.25, Large Mocha - 2.70",5.95,CARD,8045589275593916
23/07/2024 15:28,Longridge,Sonia Brown,"Regular Smoothies - Glowing Greens - 2.00, Regular Mocha - 2.30",4.3,CARD,6965652794236022
23/07/2024 15:29,Longridge,Brandy Wixom,"Regular Flavoured iced latte - Caramel - 2.75, Large Smoothies - Glowing Greens - 2.50, Regular Smoothies - Glowing Greens - 2.00, Large Glass of milk - 1.10",8.35,CASH,
23/07/2024 15:30,Longridge,Matthew Fagerstrom,Large Glass of milk - 1.10,1.1,CASH,
23/07/2024 15:31,Longridge,Rodolfo Wallis,"Regular Frappes - Strawberries & Cream - 2.75, Large Flavoured iced latte - Caramel - 3.25, Large Flavoured iced latte - Caramel - 3.25, Regular Mocha - 2.30",11.55,CARD,6472210088531515
23/07/2024 15:32,Longridge,David Yoshina,"Large Smoothies - Glowing Greens - 2.50, Large Frappes - Strawberries & Cream - 3.25, Large Smoothies - Glowing Greens - 2.50, Regular Speciality Tea - Earl Grey - 1.30, Regular Frappes - Strawberries & Cream - 2.75",12.3,CASH,
23/07/2024 15:33,Longridge,Marcia Brown,"Large Flavoured iced latte - Caramel - 3.25, Regular Flavoured iced latte - Caramel - 2.75, Regular Speciality Tea - Earl Grey - 1.30, Regular Frappes - Strawberries & Cream - 2.75",10.05,CASH,
23/07/2024 15:34,Longridge,Kevin Curry,"Regular Flavoured iced latte - Caramel - 2.75, Large Mocha - 2.70",5.45,CARD,6528620516023380
23/07/2024 15:35,Longridge,Margaret Foster,"Regular Flavoured iced latte - Caramel - 2.75, Regular Glass of milk - 0.70, Large Speciality Tea - Earl Grey - 1.60, Large Mocha - 2.70, Large Mocha - 2.70, Large Flavoured iced latte - Caramel - 3.25",13.7,CARD,5491242318087543
23/07/2024 15:36,Longridge,Paul Maldonado,"Regular Flavoured iced latte - Caramel - 2.75, Large Flavoured iced latte - Caramel - 3.25, Large Mocha - 2.70, Large Speciality Tea - Earl Grey - 1.60",10.3,CARD,5083982327589047
23/07/2024 15:37,Longridge,Joshua Moody,"Large Smoothies - Glowing Greens - 2.50, Large Frappes - Strawberries & Cream - 3.25, Regular Speciality Tea - Earl Grey - 1.30, Regular Mocha - 2.30",9.35,CARD,5656528674722727
23/07/2024 15:38,Longridge,Anthony Cromer,"Large Speciality Tea - Earl Grey - 1.60, Regular Flavoured iced latte - Caramel - 2.75",4.35,CASH,
23/07/2024 15:39,Longridge,Renee Sword,"Large Mocha - 2.70, Regular Frappes - Strawberries & Cream - 2.75, Large Frappes - Strawberries & Cream - 3.25",8.7,CARD,8300445667305994
23/07/2024 15:40,Longridge,Megan Wentzloff,"Regular Glass of milk - 0.70, Regular Mocha - 2.30",3.0,CARD,9890830378300652
23/07/2024 15:41,Longridge,Shirley Merrithew,"Large Frappes - Strawberries & Cream - 3.25, Large Mocha - 2.70, Large Mocha - 2.70, Regular Speciality Tea - Earl Grey - 1.30",9.95,CASH,
23/07/2024 15:42,Longridge,Marty Smith,"Large Speciality Tea - Earl Grey - 1.60, Large Frappes - Strawberries & Cream - 3.25, Regular Smoothies - Glowing Greens - 2.00, Regular Flavoured iced latte - Caramel - 2.75, Large Frappes - Strawberries & Cream - 3.25",12.85,CARD,9565391469650323
23/07/2024 15:43,Longridge,Jeanette Porter,"Large Flavoured iced latte - Caramel - 3.25, Regular Speciality Tea - Earl Grey - 1.30, Large Mocha - 2.70",7.25,CASH,
23/07/2024 15:44,Longridge,Brent Garrett,Large Flavoured iced latte - Caramel - 3.25,3.25,CARD,4216105784333516
23/07/2024 15:45,Longridge,Maria Hess,"Regular Mocha - 2.30, Large Smoothies - Glowing Greens - 2.50, Regular Glass of milk - 0.70",5.5,CARD,3735501262726400
23/07/2024 15:46,Longridge,Charles Singh,"Regular Glass of milk - 0.70, Large Smoothies - Glowing Greens - 2.50, Large Speciality Tea - Earl Grey - 1.60, Regular Glass of milk - 0.70",5.5,CARD,8052332914177241
23/07/2024 15:47,Longridge,Viola Elkins,"Large Smoothies - Glowing Greens - 2.50, Large Glass of milk - 1.10, Regular Frappes - Strawberries & Cream - 2.75, Regular Smoothies - Glowing Greens - 2.00, Large Smoothies - Glowing Greens - 2.50, Regular Smoothies - Glowing Greens - 2.00",12.85,CASH,
23/07/2024 15:48,Longridge,Geraldine Johnson,Regular Smoothies - Glowing Greens - 2.00,2.0,CASH,
23/07/2024 15:49,Longridge,Susan Smith,"Large Flavoured iced latte - Caramel - 3.25, Large Mocha - 2.70, Large Glass of milk - 1.10, Large Smoothies - Glowing Greens - 2.50",9.55,CARD,5526982345997537
23/07/2024 15:50,Longridge,James Thames,"Large Mocha - 2.70, Regular Glass of milk - 0.70, Large Speciality Tea - Earl Grey - 1.60, Regular Flavoured iced latte - Caramel - 2.75, Large Speciality Tea - Earl Grey - 1.60",9.35,CASH,
23/07/2024 15:51,Longridge,Abbie Ceballos,Large Glass of milk - 1.10,1.1,CARD,2624903572710552
23/07/2024 15:52,Longridge,Arnold Salsman,"Large Glass of milk - 1.10, Regular Mocha - 2.30",3.4,CARD,5106266071864526
23/07/2024 15:53,Longridge,Wayne Gray,"Large Flavoured iced latte - Caramel - 3.25, Large Glass of milk - 1.10, Regular Smoothies - Glowing Greens - 2.00, Regular Flavoured iced latte - Caramel - 2.75",9.1,CASH,
23/07/2024 15:54,Longridge,Marc Gallegos,Large Flavoured iced latte - Caramel - 3.25,3.25,CARD,3833959146038686
23/07/2024 15:56,Longridge,Sammie Bernd,"Large Flavoured iced latte - Caramel - 3.25, Large Frappes - Strawberries & Cream - 3.25",6.5,CASH,
23/07/2024 15:57,Longridge,Robert Nelms,"Large Glass of milk - 1.10, Large Frappes - Strawberries & Cream - 3.25, Large Glass of milk - 1.10, Large Smoothies - Glowing Greens - 2.50, Large Flavoured iced latte - Caramel - 3.25",11.2,CASH,
23/07/2024 15:58,Longridge,Octavia Dilworth,Regular Flavoured iced latte - Caramel - 2.75,2.75,CARD,3330770243841566
23/07/2024 15:59,Longridge,Valene Marsh,"Large Flavoured iced latte - Caramel - 3.25, Regular Frappes - Strawberries & Cream - 2.75, Large Speciality Tea - Earl Grey - 1.60, Regular Frappes - Strawberries & Cream - 2.75, Regular Flavoured iced latte - Caramel - 2.75, Regular Mocha - 2.30",15.4,CARD,9151773801477048
23/07/2024 16:00,Longridge,Connie Rowe,"Large Frappes - Strawberries & Cream - 3.25, Large Frappes - Strawberries & Cream - 3.25, Regular Frappes - Strawberries & Cream - 2.75, Large Smoothies - Glowing Greens - 2.50, Regular Mocha - 2.30",14.05,CARD,7535012097875587
23/07/2024 16:02,Longridge,Jeremy Portillo,"Large Speciality Tea - Earl Grey - 1.60, Large Speciality Tea - Earl Grey - 1.60, Large Speciality Tea - Earl Grey - 1.60, Large Mocha - 2.70",7.5,CARD,9465424731560527
23/07/2024 16:04,Longridge,Phillip Damelio,"Regular Smoothies - Glowing Greens - 2.00, Large Frappes - Strawberries & Cream - 3.25, Large Speciality Tea - Earl Grey - 1.60",6.85,CARD,5919739229148977
23/07/2024 16:06,Longridge,Nancy Morse,"Large Frappes - Strawberries & Cream - 3.25, Regular Smoothies - Glowing Greens - 2.00, Large Flavoured iced latte - Caramel - 3.25",8.5,CASH,
23/07/2024 16:08,Longridge,Heidi Mckissack,Large Speciality Tea - Earl Grey - 1.60,1.6,CARD,1000481397633693
23/07/2024 16:10,Longridge,Jason Davis,"Regular Glass of milk - 0.70, Regular Mocha - 2.30, Regular Flavoured iced latte - Caramel - 2.75",5.75,CARD,3044269989140391
23/07/2024 16:12,Longridge,Argelia Brooks,"Large Glass of milk - 1.10, Large Speciality Tea - Earl Grey - 1.60, Regular Smoothies - Glowing Greens - 2.00",4.7,CARD,2877640961309268
23/07/2024 16:14,Longridge,Timothy Harne,Regular Smoothies - Glowing Greens - 2.00,2.0,CARD,7091681393308447
23/07/2024 16:16,Longridge,Timothy Howard,"Regular Frappes - Strawberries & Cream - 2.75, Regular Flavoured iced latte - Caramel - 2.75, Large Smoothies - Glowing Greens - 2.50, Large Frappes - Strawberries & Cream - 3.25",11.25,CARD,7013000814452131
23/07/2024 16:18,Longridge,Andre Rendon,"Large Smoothies - Glowing Greens - 2.50, Large Speciality Tea - Earl Grey - 1.60, Large Mocha - 2.70, Large Speciality Tea - Earl Grey - 1.60",8.4,CASH,
23/07/2024 16:20,Longridge,John Shelton,Regular Speciality Tea - Earl Grey - 1.30,1.3,CARD,5576950475534834
23/07/2024 16:22,Longridge,Margaret Delgado,"Large Flavoured iced latte - Caramel - 3.25, Large Smoothies - Glowing Greens - 2.50, Regular Mocha - 2.30",8.05,CARD,9928843551263522
23/07/2024 16:24,Longridge,Jason Macklin,"Regular Flavoured iced latte - Caramel - 2.75, Large Frappes - Strawberries & Cream - 3.25, Large Mocha - 2.70, Regular Glass of milk - 0.70",9.4,CARD,4942933360809625
23/07/2024 16:26,Longridge,Ashley Trippel,Regular Speciality Tea - Earl Grey - 1.30,1.3,CARD,3008922407174815
23/07/2024 16:28,Longridge,Corey Piper,"Large Speciality Tea - Earl Grey - 1.60, Regular Speciality Tea - Earl Grey - 1.30, Large Speciality Tea - Earl Grey - 1.60",4.5,CASH,
23/07/2024 16:30,Longridge,Henry Mendez,"Regular Glass of milk - 0.70, Large Speciality Tea - Earl Grey - 1.60, Large Mocha - 2.70, Regular Mocha - 2.30, Large Flavoured iced latte - Caramel - 3.25",10.55,CARD,1215915893516006
23/07/2024 16:32,Longridge,Jonathan Lovell,Regular Flavoured iced latte - Caramel - 2.75,2.75,CARD,9662149696843725
23/07/2024 16:34,Longridge,Brittany Campana,Regular Frappes - Strawberries & Cream - 2.75,2.75,CARD,5967183292656010
23/07/2024 16:36,Longridge,Janice Doughtry,Large Speciality Tea - Earl Grey - 1.60,1.6,CASH,
23/07/2024 16:38,Longridge,Fannie Harrison,"Regular Smoothies - Glowing Greens - 2.00, Regular Frappes - Strawberries & Cream - 2.75, Regular Smoothies - Glowing Greens - 2.00, Regular Smoothies - Glowing Greens - 2.00",8.75,CARD,8374608685232808
23/07/2024 16:40,Longridge,Melissa Olson,"Large Frappes - Strawberries & Cream - 3.25, Regular Mocha - 2.30, Large Mocha - 2.70, Large Speciality Tea - Earl Grey - 1.60",9.85,CARD,9989383943491758
23/07/2024 16:42,Longridge,Jonathan Hart,Large Mocha - 2.70,2.7,CASH,
23/07/2024 16:44,Longridge,Robert Hesser,"Large Frappes - Strawberries & Cream - 3.25, Large Mocha - 2.70, Large Glass of milk - 1.10",7.05,CASH,
23/07/2024 16:46,Longridge,Fannie Mcdonald,"Regular Glass of milk - 0.70, Regular Smoothies - Glowing Greens - 2.00, Large Frappes - Strawberries & Cream - 3.25, Regular Frappes - Strawberries & Cream - 2.75, Regular Flavoured iced latte - Caramel - 2.75",11.45,CARD,1741378760548743
23/07/2024 16:48,Longridge,Julia Shaefer,"Regular Mocha - 2.30, Regular Smoothies - Glowing Greens - 2.00, Regular Speciality Tea - Earl Grey - 1.30",5.6,CASH,
23/07/2024 16:50,Longridge,Stephen Wright,"Large Speciality Tea - Earl Grey - 1.60, Regular Frappes - Strawberries & Cream - 2.75, Large Smoothies - Glowing Greens - 2.50, Large Mocha - 2.70",9.55,CASH,
23/07/2024 16:52,Longridge,Isaac Fields,"Large Speciality Tea - Earl Grey - 1.60, Regular Speciality Tea - Earl Grey - 1.30",2.9,CARD,7606508166165269
23/07/2024 16:54,Longridge,Elia Watson,"Regular Speciality Tea - Earl Grey - 1.30, Regular Smoothies - Glowing Greens - 2.00, Large Glass of milk - 1.10",4.4,CARD,3641311556798339
23/07/2024 16:56,Longridge,Ronald Aponte,"Large Smoothies - Glowing Greens - 2.50, Regular Flavoured iced latte - Caramel - 2.75",5.25,CARD,4686257130341679
23/07/2024 16:58,Longridge,Doris Mason,Regular Frappes - Strawberries & Cream - 2.75,2.75,CARD,1322116003116926
