23/07/2024 09:00,Uppingham,Lillian Daniels,Large Flavoured latte - Caramel - 2.85,2.85,CARD,2599983771877008
23/07/2024 09:01,Uppingham,Aurora Bradley,"Large Smoothies - Berry Beautiful - 2.50, Large Smoothies - Berry Beautiful - 2.50, Regular Flavoured latte - Hazelnut - 2.55, Regular Mocha - 2.30",9.85,CASH,
23/07/2024 09:02,Uppingham,Jason Linn,"Large Speciality Tea - Green - 1.60, Large Cortado - 2.35",3.95,CARD,1873738398206439
23/07/2024 09:03,Uppingham,Paula Fonte,"Large Cortado - 2.35, Regular Smoothies - Berry Beautiful - 2.00, Large Mocha - 2.70, Regular Mocha - 2.30, Regular Red Label tea - 1.20, Large Flavoured latte - Caramel - 2.85",13.4,CARD,9496110166658068
23/07/2024 09:04,Uppingham,Jerry Batts,Regular Red Label tea - 1.20,1.2,CASH,
23/07/2024 09:05,Uppingham,Laura Stout,"Large Speciality Tea - Green - 1.60, Large Flavoured hot chocolate - Vanilla - 2.90",4.5,CARD,4288274738253745
23/07/2024 09:06,Uppingham,Jason Blevins,"Large Speciality Tea - Peppermint - 1.60, Large Flavoured latte - Hazelnut - 2.85",4.45,CARD,7768395549947032
23/07/2024 09:07,Uppingham,Beverly Webb,"Large Red Label tea - 1.80, Large Speciality Tea - Green - 1.60, Regular Speciality Tea - Peppermint - 1.30, Regular Mocha - 2.30, Large Red Label tea - 1.80, Regular Red Label tea - 1.20",10.0,CARD,1978295114701866
23/07/2024 09:08,Uppingham,Robin Charlot,"Regular Speciality Tea - Green - 1.30, Large Smoothies - Berry Beautiful - 2.50, Large Flavoured latte - Caramel - 2.85, Large Red Label tea - 1.80",8.45,CASH,
23/07/2024 09:09,Uppingham,Bryan Jones,Regular Red Label tea - 1.20,1.2,CARD,9894054457176053
23/07/2024 09:10,Uppingham,Ramona Kelleher,"Regular Red Label tea - 1.20, Large Speciality Tea - Peppermint - 1.60",2.8,CASH,
23/07/2024 09:11,Uppingham,Mary White,"Large Speciality Tea - Green - 1.60, Large Mocha - 2.70, Regular Mocha - 2.30",6.6,CASH,
23/07/2024 09:12,Uppingham,Stephen Krueger,Regular Cortado - 2.05,2.05,CARD,8105239300039111
23/07/2024 09:13,Uppingham,Jo Waters,"Regular Red Label tea - 1.20, Regular Speciality Tea - Peppermint - 1.30",2.5,CARD,8616686074607583
23/07/2024 09:14,Uppingham,Susanna Fultz,Regular Flavoured latte - Hazelnut - 2.55,2.55,CARD,1251605642860331
23/07/2024 09:15,Uppingham,Lucia Boyce,"Large Speciality Tea - Green - 1.60, Regular Smoothies - Berry Beautiful - 2.00, Regular Flavoured latte - Caramel - 2.55, Regular Flavoured hot chocolate - Vanilla - 2.60, Large Flavoured latte - Hazelnut - 2.85",11.6,CASH,
23/07/2024 09:16,Uppingham,Marilyn Parrott,"Regular Flavoured latte - Caramel - 2.55, Regular Red Label tea - 1.20, Large Flavoured latte - Caramel - 2.85, Large Red Label tea - 1.80",8.4,CARD,5325077735260518
23/07/2024 09:17,Uppingham,Scott Burton,"Large Mocha - 2.70, Large Mocha - 2.70, Regular Mocha - 2.30, Regular Flavoured latte - Hazelnut - 2.55, Regular Cortado - 2.05",12.3,CARD,1026445091407062
23/07/2024 09:18,Uppingham,Charles Weis,Regular Flavoured latte - Hazelnut - 2.55,2.55,CARD,8470525099906215
23/07/2024 09:19,Uppingham,Deborah Nemerofsky,"Regular Cortado - 2.05, Large Smoothies - Berry Beautiful - 2.50, Regular Flavoured latte - Hazelnut - 2.55, Regular Red Label tea - 1.20, Large Cortado - 2.35",10.65,CARD,5793316180458061
23/07/2024 09:20,Uppingham,William Long,"Regular Flavoured latte - Caramel - 2.55, Large Flavoured hot chocolate - Vanilla - 2.90, Large Mocha - 2.70",8.15,CARD,4276116753343652
23/07/2024 09:21,Uppingham,Lacy Craze,"Regular Mocha - 2.30, Regular Flavoured latte - Hazelnut - 2.55",4.85,CASH,
23/07/2024 09:22,Uppingham,Leonard Sharp,"Large Mocha - 2.70, Regular Flavoured latte - Hazelnut - 2.55, Large Speciality Tea - Peppermint - 1.60",6.85,CASH,
23/07/2024 09:23,Uppingham,Joseph Cruz,Regular Cortado - 2.05,2.05,CARD,2943064905776102
23/07/2024 09:24,Uppingham,Beth Rivera,Regular Speciality Tea - Peppermint - 1.30,1.3,CARD,3015403848404730
23/07/2024 09:25,Uppingham,Dwight Michelson,"Regular Hot chocolate - 2.20, Large Red Label tea - 1.80, Large Cortado - 2.35, Large Smoothies - Berry Beautiful - 2.50, Regular Speciality Tea - Peppermint - 1.30",10.15,CARD,8909394096855698
23/07/2024 09:26,Uppingham,Patrick Mcneal,"Large Hot chocolate - 2.90, Regular Mocha - 2.30",5.2,CARD,8038940017757894
23/07/2024 09:27,Uppingham,Thelma Warren,"Regular Cortado - 2.05, Large Speciality Tea - Green - 1.60, Regular Cortado - 2.05",5.7,CARD,3295917176438115
23/07/2024 09:28,Uppingham,Vera Fleming,"Large Flavoured hot chocolate - Vanilla - 2.90, Regular Flavoured latte - Hazelnut - 2.55, Regular Speciality Tea - Peppermint - 1.30",6.75,CASH,
23/07/2024 09:29,Uppingham,Nadene Spires,"Regular Hot chocolate - 2.20, Regular Mocha - 2.30",4.5,CARD,6825003656247866
23/07/2024 09:30,Uppingham,Gustavo Johnson,"Large Cortado - 2.35, Regular Cortado - 2.05",4.4,CARD,8918790003468637
23/07/2024 09:31,Uppingham,Mary Wingo,"Regular Flavoured latte - Hazelnut - 2.55, Large Flavoured latte - Caramel - 2.85, Large Flavoured hot chocolate - Vanilla - 2.90, Regular Speciality Tea - Green - 1.30",9.6,CARD,6365554129803384
23/07/2024 09:32,Uppingham,Adam Diaz,"Regular Speciality Tea - Green - 1.30, Large Mocha - 2.70, Regular Hot chocolate - 2.20, Regular Speciality Tea - Green - 1.30",7.5,CARD,9076905093419866
23/07/2024 09:33,Uppingham,Martha Howie,"Large Flavoured hot chocolate - Vanilla - 2.90, Large Cortado - 2.35, Large Flavoured latte - Caramel - 2.85",8.1,CARD,6398997144490733
23/07/2024 09:34,Uppingham,Ellen Thomas,"Large Mocha - 2.70, Large Mocha - 2.70",5.4,CARD,3691047126183847
23/07/2024 09:35,Uppingham,Gay Thornton,"Regular Flavoured latte - Hazelnut - 2.55, Regular Mocha - 2.30, Large Speciality Tea - Green - 1.60",6.45,CARD,1452464531166326
23/07/2024 09:36,Uppingham,James Smith,"Large Mocha - 2.70, Large Smoothies - Berry Beautiful - 2.50",5.2,CARD,1547069962337698
23/07/2024 09:37,Uppingham,Daryl Curry,Large Hot chocolate - 2.90,2.9,CARD,1131422452420344
23/07/2024 09:38,Uppingham,Patrick Bailey,Large Speciality Tea - Green - 1.60,1.6,CARD,7968165857480692
23/07/2024 09:39,Uppingham,Richard Long,"Large Cortado - 2.35, Regular Mocha - 2.30, Large Hot chocolate - 2.90, Regular Speciality Tea - Peppermint - 1.30",8.85,CARD,2283143991029474
23/07/2024 09:40,Uppingham,Georgia Castanon,"Large Speciality Tea - Green - 1.60, Large Speciality Tea - Peppermint - 1.60",3.2,CARD,3568147869773928
23/07/2024 09:41,Uppingham,Rita Wilson,"Regular Speciality Tea - Peppermint - 1.30, Regular Speciality Tea - Green - 1.30, Large Speciality Tea - Peppermint - 1.60",4.2,CARD,7879912293749598
23/07/2024 09:42,Uppingham,Carol Repine,"Regular Cortado - 2.05, Large Hot chocolate - 2.90, Regular Smoothies - Berry Beautiful - 2.00, Regular Mocha - 2.30",9.25,CARD,8677609752698721
23/07/2024 09:43,Uppingham,Donnell Sutphin,"Regular Smoothies - Berry Beautiful - 2.00, Large Speciality Tea - Peppermint - 1.60, Regular Flavoured latte - Hazelnut - 2.55",6.15,CARD,6790388613100406
23/07/2024 09:44,Uppingham,Thomas Goode,Large Speciality Tea - Peppermint - 1.60,1.6,CARD,5296891653801518
23/07/2024 09:45,Uppingham,Chester Willis,"Regular Smoothies - Berry Beautiful - 2.00, Large Speciality Tea - Peppermint - 1.60",3.6,CASH,
23/07/2024 09:46,Uppingham,Joanne Black,"Large Red Label tea - 1.80, Large Flavoured latte - Hazelnut - 2.85",4.65,CARD,6163090675439709
23/07/2024 09:47,Uppingham,James Stellmacher,"Large Hot chocolate - 2.90, Large Flavoured hot chocolate - Vanilla - 2.90, Regular Speciality Tea - Green - 1.30, Large Cortado - 2.35",9.45,CARD,2767986110913632
23/07/2024 09:48,Uppingham,Diane Drutman,"Large Flavoured latte - Hazelnut - 2.85, Large Flavoured latte - Caramel - 2.85",5.7,CARD,8187732730142633
23/07/2024 09:49,Uppingham,Fred Calico,"Regular Flavoured latte - Caramel - 2.55, Large Cortado - 2.35, Large Speciality Tea - Green - 1.60, Regular Cortado - 2.05",8.55,CARD,4648740597790850
23/07/2024 09:50,Uppingham,Tammy Ontiveros,"Large Cortado - 2.35, Regular Hot chocolate - 2.20, Regular Speciality Tea - Peppermint - 1.30, Regular Red Label tea - 1.20",7.05,CARD,9280691299775553
23/07/2024 09:51,Uppingham,Susanne Godinho,"Large Flavoured latte - Hazelnut - 2.85, Regular Mocha - 2.30",5.15,CARD,8258491175084080
23/07/2024 09:52,Uppingham,Rodrigo Thomas,"Large Smoothies - Berry Beautiful - 2.50, Regular Speciality Tea - Green - 1.30, Regular Mocha - 2.30, Large Hot chocolate - 2.90",9.0,CARD,5540299836282591
23/07/2024 09:53,Uppingham,Melinda Letson,Regular Mocha - 2.30,2.3,CASH,
23/07/2024 09:54,Uppingham,David James,"Large Cortado - 2.35, Regular Flavoured latte - Hazelnut - 2.55, Regular Red Label tea - 1.20, Regular Flavoured latte - Caramel - 2.55, Large Red Label tea - 1.80, Regular Smoothies - Berry Beautiful - 2.00",12.45,CASH,
23/07/2024 09:55,Uppingham,Richard Dean,"Regular Cortado - 2.05, Large Mocha - 2.70, Regular Smoothies - Berry Beautiful - 2.00",6.75,CARD,1512340250714278
23/07/2024 09:56,Uppingham,Mary Gonzalez,"Regular Red Label tea - 1.20, Regular Flavoured latte - Hazelnut - 2.55, Large Cortado - 2.35, Regular Hot chocolate - 2.20, Large Cortado - 2.35",10.65,CARD,8255643853715118
23/07/2024 09:57,Uppingham,Jenny Ahlstrom,"Regular Mocha - 2.30, Large Speciality Tea - Green - 1.60, Regular Flavoured latte - Hazelnut - 2.55, Large Speciality Tea - Peppermint - 1.60",8.05,CARD,7779502810493034
23/07/2024 09:58,Uppingham,Anthony Mull,Large Red Label tea - 1.80,1.8,CARD,9912121957867917
23/07/2024 09:59,Uppingham,Vera Dupre,"Large Hot chocolate - 2.90, Large Mocha - 2.70, Regular Flavoured latte - Caramel - 2.55",8.15,CARD,3071628421549833
23/07/2024 10:01,Uppingham,Jessie Price,"Regular Red Label tea - 1.20, Regular Hot chocolate - 2.20, Regular Flavoured latte - Hazelnut - 2.55",5.95,CASH,
23/07/2024 10:02,Uppingham,Manuel Goyette,"Large Speciality Tea - Green - 1.60, Regular Red Label tea - 1.20, Large Red Label tea - 1.80",4.6,CARD,3572683328184959
23/07/2024 10:03,Uppingham,Rebecca Manning,"Regular Flavoured latte - Caramel - 2.55, Large Cortado - 2.35",4.9,CASH,
23/07/2024 10:04,Uppingham,Marian Gillespie,"Regular Flavoured latte - Caramel - 2.55, Large Hot chocolate - 2.90",5.45,CASH,
23/07/2024 10:06,Uppingham,Luis Cobb,"Large Flavoured latte - Caramel - 2.85, Large Hot chocolate - 2.90, Large Smoothies - Berry Beautiful - 2.50, Large Flavoured latte - Hazelnut - 2.85",11.1,CASH,
23/07/2024 10:07,Uppingham,John Snyder,"Regular Flavoured latte - Hazelnut - 2.55, Large Red Label tea - 1.80, Regular Flavoured latte - Hazelnut - 2.55, Large Flavoured latte - Hazelnut - 2.85",9.75,CASH,
23/07/2024 10:08,Uppingham,Cathy Smith,Regular Flavoured latte - Caramel - 2.55,2.55,CASH,
23/07/2024 10:09,Uppingham,Carina Parmenter,"Large Smoothies - Berry Beautiful - 2.50, Regular Flavoured latte - Hazelnut - 2.55, Regular Cortado - 2.05, Regular Hot chocolate - 2.20",9.3,CARD,2888535333927783
23/07/2024 10:11,Uppingham,Will Warden,"Large Mocha - 2.70, Regular Flavoured latte - Hazelnut - 2.55",5.25,CARD,8576051244121140
23/07/2024 10:12,Uppingham,Karen Nolan,"Regular Speciality Tea - Peppermint - 1.30, Large Cortado - 2.35, Regular Cortado - 2.05",5.7,CASH,
23/07/2024 10:13,Uppingham,Lula Spates,"Regular Flavoured latte - Caramel - 2.55, Regular Flavoured latte - Caramel - 2.55",5.1,CASH,
23/07/2024 10:14,Uppingham,Maudie Anderson,Regular Flavoured latte - Hazelnut - 2.55,2.55,CASH,
23/07/2024 10:16,Uppingham,Randy Halfmann,"Regular Red Label tea - 1.20, Large Flavoured latte - Caramel - 2.85, Regular Speciality Tea - Green - 1.30, Large Mocha - 2.70, Large Red Label tea - 1.80, Regular Smoothies - Berry Beautiful - 2.00",11.85,CARD,3211340690959126
23/07/2024 10:17,Uppingham,John Courtney,Large Cortado - 2.35,2.35,CASH,
23/07/2024 10:18,Uppingham,Donna Barnes,Large Speciality Tea - Peppermint - 1.60,1.6,CARD,8409222041994118
23/07/2024 10:19,Uppingham,Keith Jones,"Large Red Label tea - 1.80, Large Red Label tea - 1.80",3.6,CASH,
23/07/2024 10:21,Uppingham,Rebecca Davis,Large Smoothies - Berry Beautiful - 2.50,2.5,CARD,6984919737147624
23/07/2024 10:22,Uppingham,Jonathan Olds,Regular Speciality Tea - Green - 1.30,1.3,CARD,6848736517801772
23/07/2024 10:23,Uppingham,Eric Jones,"Large Red Label tea - 1.80, Large Speciality Tea - Peppermint - 1.60, Regular Speciality Tea - Peppermint - 1.30, Regular Flavoured latte - Hazelnut - 2.55",7.25,CARD,9408503136654598
23/07/2024 10:24,Uppingham,Louise Krueger,"Regular Red Label tea - 1.20, Large Cortado - 2.35",3.55,CASH,
23/07/2024 10:26,Uppingham,Steven Mixon,"Large Red Label tea - 1.80, Large Flavoured hot chocolate - Vanilla - 2.90, Large Speciality Tea - Peppermint - 1.60",6.3,CASH,
23/07/2024 10:27,Uppingham,Matthew Karsten,"Large Speciality Tea - Green - 1.60, Large Smoothies - Berry Beautiful - 2.50, Large Hot chocolate - 2.90, Large Speciality Tea - Green - 1.60, Large Hot chocolate - 2.90, Large Speciality Tea - Green - 1.60",13.1,CARD,6870420306565833
23/07/2024 10:28,Uppingham,Jack Hong,"Large Hot chocolate - 2.90, Large Flavoured latte - Caramel - 2.85, Large Flavoured latte - Caramel - 2.85",8.6,CASH,
23/07/2024 10:29,Uppingham,Barry Nunez,"Large Hot chocolate - 2.90, Regular Flavoured latte - Caramel - 2.55, Large Flavoured hot chocolate - Vanilla - 2.90, Regular Mocha - 2.30, Large Red Label tea - 1.80, Regular Red Label tea - 1.20",13.65,CASH,
23/07/2024 10:31,Uppingham,Glen Ivie,"Regular Cortado - 2.05, Large Flavoured latte - Caramel - 2.85, Large Speciality Tea - Green - 1.60, Large Speciality Tea - Green - 1.60, Regular Mocha - 2.30",10.4,CASH,
23/07/2024 10:32,Uppingham,Leslie George,Regular Mocha - 2.30,2.3,CASH,
23/07/2024 10:33,Uppingham,Timothy Santos,"Large Mocha - 2.70, Regular Flavoured latte - Caramel - 2.55, Large Flavoured hot chocolate - Vanilla - 2.90",8.15,CARD,3843082146449148
23/07/2024 10:34,Uppingham,Maria Woodward,Large Smoothies - Berry Beautiful - 2.50,2.5,CARD,5357534949268524
23/07/2024 10:36,Uppingham,Justin Sheppard,"Regular Smoothies - Berry Beautiful - 2.00, Regular Flavoured hot chocolate - Vanilla - 2.60",4.6,CARD,1795296659752355
23/07/2024 10:37,Uppingham,Charles Floyd,Large Flavoured hot chocolate - Vanilla - 2.90,2.9,CARD,4794461838480833
23/07/2024 10:38,Uppingham,Robert Moore,"Large Cortado - 2.35, Regular Flavoured latte - Caramel - 2.55",4.9,CASH,
23/07/2024 10:39,Uppingham,Joseph Tidwell,Regular Speciality Tea - Green - 1.30,1.3,CARD,2207045410421451
23/07/2024 10:41,Uppingham,Judy Rowe,"Regular Speciality Tea - Peppermint - 1.30, Large Mocha - 2.70, Large Speciality Tea - Green - 1.60",5.6,CASH,
23/07/2024 10:42,Uppingham,Jose Corona,"Regular Mocha - 2.30, Regular Flavoured latte - Caramel - 2.55, Large Flavoured latte - Caramel - 2.85, Regular Flavoured latte - Caramel - 2.55",10.25,CARD,9999070432603723
23/07/2024 10:43,Uppingham,Steven Maione,Large Flavoured latte - Hazelnut - 2.85,2.85,CARD,1766733911464546
23/07/2024 10:44,Uppingham,Dora Garcia,"Large Flavoured latte - Caramel - 2.85, Regular Flavoured latte - Caramel - 2.55, Large Speciality Tea - Green - 1.60",7.0,CASH,
23/07/2024 10:46,Uppingham,Augustine Jackson,"Large Hot chocolate - 2.90, Large Flavoured latte - Hazelnut - 2.85, Large Hot chocolate - 2.90, Large Flavoured latte - Caramel - 2.85",11.5,CARD,4410995945660469
23/07/2024 10:47,Uppingham,Edward Avery,"Large Speciality Tea - Green - 1.60, Large Speciality Tea - Green - 1.60, Regular Flavoured latte - Hazelnut - 2.55",5.75,CASH,
23/07/2024 10:48,Uppingham,Matthew Malmquist,"Large Cortado - 2.35, Large Flavoured latte - Hazelnut - 2.85",5.2,CARD,8365881742407404
23/07/2024 10:49,Uppingham,Patricia Dillard,"Large Speciality Tea - Peppermint - 1.60, Regular Cortado - 2.05, Large Cortado - 2.35",6.0,CARD,9596968289176732
23/07/2024 10:51,Uppingham,Betty Griggs,"Regular Speciality Tea - Peppermint - 1.30, Large Speciality Tea - Green - 1.60",2.9,CARD,2679383369086610
23/07/2024 10:52,Uppingham,Connie Abdelhamid,Regular Speciality Tea - Peppermint - 1.30,1.3,CASH,
23/07/2024 10:53,Uppingham,Elizabeth Spradley,"Large Mocha - 2.70, Regular Hot chocolate - 2.20",4.9,CARD,9642227794622469
23/07/2024 10:54,Uppingham,Daniel Ferguson,"Regular Red Label tea - 1.20, Regular Mocha - 2.30, Large Mocha - 2.70, Large Flavoured hot chocolate - Vanilla - 2.90, Regular Mocha - 2.30",11.4,CASH,
23/07/2024 10:56,Uppingham,Jolene Lovett,"Large Red Label tea - 1.80, Large Speciality Tea - Peppermint - 1.60",3.4,CARD,7012424850345067
23/07/2024 10:57,Uppingham,Nancy Merrifield,"Large Speciality Tea - Green - 1.60, Regular Speciality Tea - Green - 1.30, Regular Flavoured latte - Hazelnut - 2.55",5.45,CARD,2959765243531787
23/07/2024 10:58,Uppingham,Jessie Houston,"Regular Mocha - 2.30, Regular Cortado - 2.05, Large Mocha - 2.70",7.05,CARD,6488449715213606
23/07/2024 10:59,Uppingham,Louis Janow,"Large Speciality Tea - Peppermint - 1.60, Regular Smoothies - Berry Beautiful - 2.00, Regular Cortado - 2.05",5.65,CARD,4363239353084613
23/07/2024 11:01,Uppingham,Brady Shay,"Regular Hot chocolate - 2.20, Regular Hot chocolate - 2.20, Regular Flavoured latte - Caramel - 2.55, Regular Mocha - 2.30",9.25,CARD,1321365275614512
23/07/2024 11:03,Uppingham,Emily Bishop,Large Smoothies - Berry Beautiful - 2.50,2.5,CARD,7834136123071240
23/07/2024 11:05,Uppingham,Ana Watland,Large Speciality Tea - Green - 1.60,1.6,CARD,8851878576809898
23/07/2024 11:07,Uppingham,Shelley King,Large Speciality Tea - Green - 1.60,1.6,CARD,7695451652150424
23/07/2024 11:09,Uppingham,Cecelia Cover,Regular Hot chocolate - 2.20,2.2,CARD,3533495544976110
23/07/2024 11:11,Uppingham,Anthony Jack,Large Red Label tea - 1.80,1.8,CARD,5107597232831552
23/07/2024 11:13,Uppingham,Penny Parson,"Regular Red Label tea - 1.20, Regular Red Label tea - 1.20",2.4,CASH,
23/07/2024 11:15,Uppingham,Georgia Cruz,Large Cortado - 2.35,2.35,CARD,1246980635428895
23/07/2024 11:17,Uppingham,Vivian Mori,"Regular Speciality Tea - Green - 1.30, Large Smoothies - Berry Beautiful - 2.50, Large Flavoured latte - Hazelnut - 2.85, Regular Flavoured latte - Hazelnut - 2.55",9.2,CARD,4356192236580896
23/07/2024 11:19,Uppingham,Daniel Nunez,Large Flavoured latte - Caramel - 2.85,2.85,CARD,9945362924186102
23/07/2024 11:21,Uppingham,Velva Minor,Large Flavoured latte - Caramel - 2.85,2.85,CASH,
23/07/2024 11:23,Uppingham,Donna Payne,Large Speciality Tea - Peppermint - 1.60,1.6,CARD,2780792915686722
23/07/2024 11:25,Uppingham,Donald Topper,Regular Hot chocolate - 2.20,2.2,CASH,
23/07/2024 11:27,Uppingham,Helen Goodwyn,Regular Cortado - 2.05,2.05,CASH,
23/07/2024 11:29,Uppingham,Barbara Knight,Regular Flavoured latte - Caramel - 2.55,2.55,CARD,6867836042252590
23/07/2024 11:31,Uppingham,Enrique Guiles,Regular Flavoured hot chocolate - Vanilla - 2.60,2.6,CARD,6132834534045080
23/07/2024 11:33,Uppingham,Conrad Johnson,"Large Flavoured hot chocolate - Vanilla - 2.90, Large Mocha - 2.70",5.6,CARD,1936353906094575
23/07/2024 11:35,Uppingham,Glenn Bell,"Large Red Label tea - 1.80, Large Speciality Tea - Green - 1.60, Regular Flavoured hot chocolate - Vanilla - 2.60",6.0,CARD,7489151315255559
23/07/2024 11:37,Uppingham,Harley Bush,"Large Cortado - 2.35, Large Red Label tea - 1.80",4.15,CARD,4295730510658268
23/07/2024 11:39,Uppingham,Annie Mixon,"Large Flavoured latte - Hazelnut - 2.85, Regular Flavoured latte - Caramel - 2.55, Regular Red Label tea - 1.20",6.6,CASH,
23/07/2024 11:41,Uppingham,James Hines,"Large Flavoured latte - Hazelnut - 2.85, Regular Hot chocolate - 2.20, Large Hot chocolate - 2.90, Large Flavoured latte - Caramel - 2.85",10.8,CASH,
23/07/2024 11:43,Uppingham,Myrna Pedlow,"Regular Mocha - 2.30, Large Hot chocolate - 2.90, Large Smoothies - Berry Beautiful - 2.50, Regular Smoothies - Berry Beautiful - 2.00",9.7,CARD,4770649086814175
23/07/2024 11:45,Uppingham,Donna Jenkins,"Regular Speciality Tea - Green - 1.30, Regular Flavoured latte - Hazelnut - 2.55, Regular Speciality Tea - Green - 1.30, Regular Smoothies - Berry Beautiful - 2.00, Large Hot chocolate - 2.90, Regular Mocha - 2.30",12.35,CARD,2147087971951648
23/07/2024 11:47,Uppingham,Kristin Lee,"Regular Red Label tea - 1.20, Large Mocha - 2.70",3.9,CARD,2775630462143359
23/07/2024 11:49,Uppingham,Tom Gordon,Large Speciality Tea - Green - 1.60,1.6,CARD,4214790621479176
23/07/2024 11:51,Uppingham,Kimberly Espinoza,"Regular Mocha - 2.30, Regular Red Label tea - 1.20, Regular Smoothies - Berry Beautiful - 2.00, Regular Cortado - 2.05, Large Cortado - 2.35",9.9,CARD,9927700705069213
23/07/2024 11:53,Uppingham,Leonard Longsworth,"Regular Cortado - 2.05, Large Speciality Tea - Green - 1.60, Regular Cortado - 2.05",5.7,CARD,5211558161232836
23/07/2024 11:55,Uppingham,Shani Atkinson,Large Smoothies - Berry Beautiful - 2.50,2.5,CARD,6646098280908626
23/07/2024 11:57,Uppingham,Matthew Lozano,"Large Red Label tea - 1.80, Large Hot chocolate - 2.90, Large Flavoured latte - Caramel - 2.85",7.55,CARD,8355194759913286
23/07/2024 11:59,Uppingham,Gloria Winslett,"Regular Cortado - 2.05, Large Mocha - 2.70, Regular Flavoured latte - Hazelnut - 2.55",7.3,CARD,6252236432994174
23/07/2024 12:01,Uppingham,Richard Fisherman,Regular Flavoured latte - Hazelnut - 2.55,2.55,CARD,2960875167510948
23/07/2024 12:04,Uppingham,Frank Treadway,"Regular Mocha - 2.30, Regular Flavoured latte - Caramel - 2.55, Regular Mocha - 2.30",7.15,CASH,
23/07/2024 12:07,Uppingham,Katherine Harrison,"Large Speciality Tea - Green - 1.60, Large Mocha - 2.70",4.3,CARD,4838960378959151
23/07/2024 12:10,Uppingham,Frances Horne,"Large Cortado - 2.35, Regular Speciality Tea - Green - 1.30",3.65,CARD,7291516824871046
23/07/2024 12:13,Uppingham,William Mares,"Large Smoothies - Berry Beautiful - 2.50, Large Flavoured latte - Caramel - 2.85",5.35,CARD,7378202138061058
23/07/2024 12:16,Uppingham,Erick Woods,Regular Mocha - 2.30,2.3,CASH,
23/07/2024 12:19,Uppingham,Cole Ballou,"Large Hot chocolate - 2.90, Regular Flavoured latte - Hazelnut - 2.55",5.45,CARD,8697422620380558
23/07/2024 12:23,Uppingham,Susan Markis,"Regular Red Label tea - 1.20, Large Mocha - 2.70",3.9,CASH,
23/07/2024 12:26,Uppingham,Jeannine Miller,"Regular Flavoured latte - Hazelnut - 2.55, Regular Flavoured latte - Hazelnut - 2.55, Regular Hot chocolate - 2.20",7.3,CASH,
23/07/2024 12:29,Uppingham,Gary Pina,"Regular Speciality Tea - Peppermint - 1.30, Large Speciality Tea - Green - 1.60, Regular Flavoured latte - Hazelnut - 2.55, Regular Flavoured latte - Hazelnut - 2.55, Large Flavoured latte - Hazelnut - 2.85",10.85,CASH,
23/07/2024 12:32,Uppingham,Curtis Avila,"Large Cortado - 2.35, Regular Smoothies - Berry Beautiful - 2.00, Regular Speciality Tea - Green - 1.30",5.65,CARD,1892253377532828
23/07/2024 12:35,Uppingham,Casey Brown,"Large Smoothies - Berry Beautiful - 2.50, Large Speciality Tea - Peppermint - 1.60, Large Flavoured latte - Hazelnut - 2.85, Regular Flavoured latte - Hazelnut - 2.55",9.5,CARD,3653017070978706
23/07/2024 12:38,Uppingham,Roy Apodaca,Large Red Label tea - 1.80,1.8,CARD,3719261453902047
23/07/2024 12:41,Uppingham,Lester Palmer,"Large Hot chocolate - 2.90, Regular Mocha - 2.30, Large Hot chocolate - 2.90, Regular Flavoured latte - Caramel - 2.55, Large Flavoured hot chocolate - Vanilla - 2.90",13.55,CASH,
23/07/2024 12:45,Uppingham,Aurelio Parent,"Regular Cortado - 2.05, Large Hot chocolate - 2.90, Large Speciality Tea - Peppermint - 1.60",6.55,CARD,8045236207269682
23/07/2024 12:48,Uppingham,Clara Cook,"Regular Flavoured latte - Hazelnut - 2.55, Regular Red Label tea - 1.20, Large Flavoured latte - Caramel - 2.85",6.6,CASH,
23/07/2024 12:51,Uppingham,Ngoc Redmond,"Large Flavoured latte - Hazelnut - 2.85, Regular Mocha - 2.30, Regular Smoothies - Berry Beautiful - 2.00, Regular Flavoured latte - Hazelnut - 2.55, Regular Hot chocolate - 2.20, Regular Flavoured latte - Caramel - 2.55",14.45,CARD,5663368980850499
23/07/2024 12:54,Uppingham,Carlos Davis,"Large Flavoured latte - Caramel - 2.85, Large Flavoured latte - Hazelnut - 2.85, Regular Flavoured latte - Hazelnut - 2.55, Regular Speciality Tea - Green - 1.30",9.55,CARD,8597394811747956
23/07/2024 12:57,Uppingham,Jose Boucher,"Large Flavoured latte - Caramel - 2.85, Regular Flavoured latte - Hazelnut - 2.55, Large Speciality Tea - Green - 1.60, Large Smoothies - Berry Beautiful - 2.50",9.5,CASH,
23/07/2024 13:00,Uppingham,Bruce Miller,"Large Flavoured latte - Hazelnut - 2.85, Large Cortado - 2.35, Regular Speciality Tea - Peppermint - 1.30",6.5,CARD,8304197853799092
23/07/2024 13:02,Uppingham,Catherine Newton,"Large Red Label tea - 1.80, Large Speciality Tea - Peppermint - 1.60, Regular Speciality Tea - Peppermint - 1.30",4.7,CARD,4191064254710737
23/07/2024 13:04,Uppingham,Michael Jones,Regular Flavoured latte - Caramel - 2.55,2.55,CARD,1143305409268030
23/07/2024 13:06,Uppingham,Ralph Willis,"Large Speciality Tea - Peppermint - 1.60, Regular Flavoured latte - Hazelnut - 2.55, Large Speciality Tea - Peppermint - 1.60, Regular Flavoured latte - Hazelnut - 2.55",8.3,CASH,
23/07/2024 13:08,Uppingham,Amparo Sample,"Regular Flavoured latte - Hazelnut - 2.55, Regular Flavoured latte - Hazelnut - 2.55, Large Mocha - 2.70, Regular Flavoured latte - Caramel - 2.55",10.35,CARD,6255166715847035
23/07/2024 13:10,Uppingham,Alfred Hernadez,"Large Mocha - 2.70, Regular Cortado - 2.05",4.75,CARD,7366810465392329
23/07/2024 13:12,Uppingham,Albert Smith,Large Flavoured hot chocolate - Vanilla - 2.90,2.9,CARD,2596942829180755
23/07/2024 13:13,Uppingham,Herbert Blaze,"Regular Speciality Tea - Peppermint - 1.30, Regular Red Label tea - 1.20, Regular Flavoured latte - Hazelnut - 2.55",5.05,CARD,7123925952741585
23/07/2024 13:15,Uppingham,Randi Camacho,Large Red Label tea - 1.80,1.8,CARD,7708265815959220
23/07/2024 13:17,Uppingham,Maria Null,"Regular Red Label tea - 1.20, Large Hot chocolate - 2.90, Large Flavoured latte - Hazelnut - 2.85, Regular Hot chocolate - 2.20, Large Flavoured latte - Hazelnut - 2.85",12.0,CARD,9642706172109625
23/07/2024 13:19,Uppingham,James Stock,"Large Mocha - 2.70, Large Speciality Tea - Peppermint - 1.60, Regular Mocha - 2.30",6.6,CARD,5816694863734925
23/07/2024 13:21,Uppingham,Benito Norwood,"Regular Hot chocolate - 2.20, Large Flavoured latte - Hazelnut - 2.85, Large Red Label tea - 1.80, Large Flavoured latte - Hazelnut - 2.85, Regular Hot chocolate - 2.20, Large Red Label tea - 1.80",13.7,CARD,1572320188302870
23/07/2024 13:23,Uppingham,Juan Roberts,"Large Speciality Tea - Green - 1.60, Regular Flavoured latte - Hazelnut - 2.55, Regular Smoothies - Berry Beautiful - 2.00, Regular Mocha - 2.30",8.45,CARD,3909680361741418
23/07/2024 13:25,Uppingham,Blanche Nowakowski,Large Speciality Tea - Peppermint - 1.60,1.6,CARD,3020271988490627
23/07/2024 13:26,Uppingham,Rob Hamilton,"Large Flavoured latte - Hazelnut - 2.85, Large Smoothies - Berry Beautiful - 2.50",5.35,CASH,
23/07/2024 13:28,Uppingham,Michiko Smith,"Regular Flavoured latte - Hazelnut - 2.55, Large Speciality Tea - Green - 1.60, Regular Cortado - 2.05",6.2,CARD,6871528619722921
23/07/2024 13:30,Uppingham,Anita Swan,Regular Cortado - 2.05,2.05,CASH,
23/07/2024 13:32,Uppingham,Marlene Frey,"Large Speciality Tea - Peppermint - 1.60, Large Speciality Tea - Green - 1.60",3.2,CASH,
23/07/2024 13:34,Uppingham,Patricia Meder,Regular Mocha - 2.30,2.3,CARD,8536607224269862
23/07/2024 13:36,Uppingham,Jeffery Ward,"Large Speciality Tea - Peppermint - 1.60, Regular Red Label tea - 1.20, Regular Flavoured hot chocolate - Vanilla - 2.60",5.4,CARD,3485818384705150
23/07/2024 13:38,Uppingham,Janet Post,Large Speciality Tea - Green - 1.60,1.6,CARD,6240364037718882
23/07/2024 13:40,Uppingham,Jeffery Bloom,"Large Flavoured latte - Caramel - 2.85, Regular Mocha - 2.30",5.15,CARD,9371936210290246
23/07/2024 13:41,Uppingham,Connie Grimm,Regular Hot chocolate - 2.20,2.2,CASH,
23/07/2024 13:43,Uppingham,Patrick Brock,"Regular Hot chocolate - 2.20, Large Flavoured latte - Hazelnut - 2.85, Regular Flavoured latte - Hazelnut - 2.55",7.6,CASH,
23/07/2024 13:45,Uppingham,Donna Harper,Large Flavoured latte - Hazelnut - 2.85,2.85,CARD,1068278153170773
23/07/2024 13:47,Uppingham,Rita Groh,Large Speciality Tea - Green - 1.60,1.6,CARD,2604802128778598
23/07/2024 13:49,Uppingham,Roger Edwards,"Regular Flavoured hot chocolate - Vanilla - 2.60, Large Hot chocolate - 2.90, Large Flavoured latte - Caramel - 2.85",8.35,CARD,3385899263435619
23/07/2024 13:51,Uppingham,Jordan Maland,"Regular Speciality Tea - Green - 1.30, Regular Cortado - 2.05, Regular Flavoured latte - Hazelnut - 2.55, Large Flavoured hot chocolate - Vanilla - 2.90",8.8,CARD,9442889338182841
23/07/2024 13:53,Uppingham,Stephanie Roberson,"Large Speciality Tea - Green - 1.60, Regular Flavoured latte - Hazelnut - 2.55, Regular Red Label tea - 1.20, Regular Red Label tea - 1.20",6.55,CARD,1632016061691523
23/07/2024 13:54,Uppingham,Raymond Peterson,Regular Speciality Tea - Green - 1.30,1.3,CASH,
23/07/2024 13:56,Uppingham,Cruz Halton,"Regular Flavoured latte - Caramel - 2.55, Regular Cortado - 2.05",4.6,CARD,8856793519710615
23/07/2024 13:58,Uppingham,Rose Delperdang,"Regular Mocha - 2.30, Regular Flavoured latte - Hazelnut - 2.55",4.85,CARD,7100201839044147
23/07/2024 14:00,Uppingham,Sharon Smith,"Large Red Label tea - 1.80, Regular Flavoured latte - Caramel - 2.55",4.35,CARD,6624030076834196
23/07/2024 14:03,Uppingham,Kim Siegel,"Large Flavoured latte - Caramel - 2.85, Large Red Label tea - 1.80, Large Red Label tea - 1.80, Large Flavoured latte - Hazelnut - 2.85",9.3,CARD,7530023939982652
23/07/2024 14:07,Uppingham,Richard Wood,Large Speciality Tea - Green - 1.60,1.6,CARD,9916996716555732
23/07/2024 14:10,Uppingham,Noe Elmore,"Regular Smoothies - Berry Beautiful - 2.00, Regular Flavoured latte - Hazelnut - 2.55, Regular Cortado - 2.05",6.6,CARD,8620395482611880
23/07/2024 14:13,Uppingham,William Pereira,"Large Smoothies - Berry Beautiful - 2.50, Regular Red Label tea - 1.20, Large Flavoured latte - Hazelnut - 2.85, Large Speciality Tea - Peppermint - 1.60",8.15,CASH,
23/07/2024 14:17,Uppingham,Erwin Jackson,"Regular Hot chocolate - 2.20, Large Smoothies - Berry Beautiful - 2.50, Regular Flavoured latte - Caramel - 2.55",7.25,CARD,2095321792424914
23/07/2024 14:20,Uppingham,Karen Malloy,"Large Speciality Tea - Peppermint - 1.60, Large Cortado - 2.35, Regular Mocha - 2.30, Regular Hot chocolate - 2.20",8.45,CARD,7543421006766781
23/07/2024 14:23,Uppingham,Mary Mckee,Regular Cortado - 2.05,2.05,CASH,
23/07/2024 14:27,Uppingham,Crystal Lee,Large Flavoured latte - Caramel - 2.85,2.85,CASH,
23/07/2024 14:30,Uppingham,George Jones,"Regular Flavoured hot chocolate - Vanilla - 2.60, Large Speciality Tea - Green - 1.60, Large Flavoured latte - Hazelnut - 2.85, Large Flavoured latte - Hazelnut - 2.85",9.9,CARD,7180069657744453
23/07/2024 14:33,Uppingham,Frederick Chiles,"Large Flavoured latte - Caramel - 2.85, Large Flavoured latte - Hazelnut - 2.85, Large Cortado - 2.35",8.05,CASH,
23/07/2024 14:37,Uppingham,Jose Bethel,"Large Mocha - 2.70, Large Flavoured latte - Caramel - 2.85",5.55,CARD,9824970986982801
23/07/2024 14:40,Uppingham,Ursula Kroetch,"Regular Smoothies - Berry Beautiful - 2.00, Regular Hot chocolate - 2.20, Large Cortado - 2.35, Large Hot chocolate - 2.90, Regular Mocha - 2.30",11.75,CARD,1899451432214066
23/07/2024 14:43,Uppingham,Larue Borders,"Large Flavoured latte - Caramel - 2.85, Large Flavoured latte - Hazelnut - 2.85, Large Flavoured latte - Caramel - 2.85, Regular Flavoured latte - Caramel - 2.55",11.1,CASH,
23/07/2024 14:47,Uppingham,Vernon Mihalik,"Large Hot chocolate - 2.90, Regular Flavoured latte - Caramel - 2.55, Regular Flavoured hot chocolate - Vanilla - 2.60",8.05,CASH,
23/07/2024 14:50,Uppingham,Elton Burns,"Regular Flavoured hot chocolate - Vanilla - 2.60, Large Smoothies - Berry Beautiful - 2.50",5.1,CARD,7275082373086419
23/07/2024 14:53,Uppingham,Thelma Cameron,"Large Speciality Tea - Peppermint - 1.60, Regular Flavoured latte - Caramel - 2.55, Regular Smoothies - Berry Beautiful - 2.00",6.15,CARD,6442792336869795
23/07/2024 14:57,Uppingham,Ashely White,Regular Flavoured latte - Hazelnut - 2.55,2.55,CARD,7923201290706268
23/07/2024 15:00,Uppingham,Carole Jimenez,"Regular Flavoured hot chocolate - Vanilla - 2.60, Large Flavoured latte - Caramel - 2.85, Regular Flavoured latte - Hazelnut - 2.55, Large Mocha - 2.70, Regular Red Label tea - 1.20, Large Smoothies - Berry Beautiful - 2.50",14.4,CASH,
23/07/2024 15:03,Uppingham,Barbara Johnson,Regular Speciality Tea - Green - 1.30,1.3,CARD,2926407811326298
23/07/2024 15:07,Uppingham,Nina Rooney,"Regular Smoothies - Berry Beautiful - 2.00, Regular Smoothies - Berry Beautiful - 2.00, Large Flavoured hot chocolate - Vanilla - 2.90, Large Cortado - 2.35, Large Mocha - 2.70",11.95,CASH,
23/07/2024 15:10,Uppingham,Lee Goodman,"Regular Red Label tea - 1.20, Large Flavoured latte - Hazelnut - 2.85, Large Flavoured latte - Hazelnut - 2.85, Regular Flavoured latte - Hazelnut - 2.55",9.45,CARD,3271645696752484
23/07/2024 15:13,Uppingham,Jack Bradley,Large Speciality Tea - Peppermint - 1.60,1.6,CASH,
23/07/2024 15:17,Uppingham,Maxine Galvan,Large Flavoured latte - Caramel - 2.85,2.85,CARD,1875513957449960
23/07/2024 15:20,Uppingham,Brian Rodgers,Regular Red Label tea - 1.20,1.2,CARD,9909174061427952
23/07/2024 15:23,Uppingham,Candace Otano,"Regular Smoothies - Berry Beautiful - 2.00, Regular Hot chocolate - 2.20",4.2,CASH,
23/07/2024 15:27,Uppingham,Gladys Ibarra,"Large Flavoured latte - Hazelnut - 2.85, Regular Hot chocolate - 2.20",5.05,CASH,
23/07/2024 15:30,Uppingham,Donald Reynolds,Regular Smoothies - Berry Beautiful - 2.00,2.0,CARD,2113211455472123
23/07/2024 15:33,Uppingham,David Ducharme,Regular Flavoured hot chocolate - Vanilla - 2.60,2.6,CARD,8611710208716785
23/07/2024 15:37,Uppingham,Robert Crain,"Regular Speciality Tea - Peppermint - 1.30, Large Mocha - 2.70, Large Hot chocolate - 2.90",6.9,CASH,
23/07/2024 15:40,Uppingham,Sally Hedrington,"Regular Flavoured latte - Caramel - 2.55, Large Hot chocolate - 2.90",5.45,CARD,6165292112185990
23/07/2024 15:43,Uppingham,Christy Denny,"Large Mocha - 2.70, Regular Flavoured hot chocolate - Vanilla - 2.60, Regular Speciality Tea - Peppermint - 1.30, Large Flavoured latte - Hazelnut - 2.85, Large Smoothies - Berry Beautiful - 2.50",11.95,CARD,6605005869969724
23/07/2024 15:47,Uppingham,Kathleen Thomas,"Large Flavoured latte - Caramel - 2.85, Large Hot chocolate - 2.90",5.75,CARD,6011542882489011
23/07/2024 15:50,Uppingham,Manuel Jones,Large Speciality Tea - Green - 1.60,1.6,CASH,
23/07/2024 15:53,Uppingham,Carlos Wada,"Regular Speciality Tea - Green - 1.30, Regular Hot chocolate - 2.20, Regular Mocha - 2.30, Regular Speciality Tea - Peppermint - 1.30",7.1,CARD,8611441193035246
23/07/2024 15:57,Uppingham,Vicky Maymi,"Regular Hot chocolate - 2.20, Regular Smoothies - Berry Beautiful - 2.00",4.2,CARD,7671036894921136
23/07/2024 16:00,Uppingham,Thomas Louis,"Regular Cortado - 2.05, Regular Flavoured latte - Hazelnut - 2.55, Large Smoothies - Berry Beautiful - 2.50",7.1,CARD,1550527569176056
23/07/2024 16:02,Uppingham,Theodore Rains,Large Speciality Tea - Green - 1.60,1.6,CARD,3008946259804963
23/07/2024 16:04,Uppingham,Celeste Golden,Large Speciality Tea - Green - 1.60,1.6,CARD,7067489629988384
23/07/2024 16:05,Uppingham,John Mckinney,"Regular Speciality Tea - Peppermint - 1.30, Large Cortado - 2.35, Large Flavoured hot chocolate - Vanilla - 2.90, Large Flavoured latte - Caramel - 2.85",9.4,CARD,5683406883830193
23/07/2024 16:07,Uppingham,Jerome Lynch,"Regular Mocha - 2.30, Regular Cortado - 2.05, Regular Flavoured hot chocolate - Vanilla - 2.60, Large Flavoured latte - Caramel - 2.85",9.8,CARD,5563060800442850
23/07/2024 16:09,Uppingham,Ana Smith,"Large Smoothies - Berry Beautiful - 2.50, Regular Smoothies - Berry Beautiful - 2.00",4.5,CARD,2136351763522823
23/07/2024 16:11,Uppingham,Alycia Demonbreun,"Large Cortado - 2.35, Large Hot chocolate - 2.90",5.25,CARD,6123753492907175
23/07/2024 16:12,Uppingham,Spencer Martin,"Large Flavoured hot chocolate - Vanilla - 2.90, Large Red Label tea - 1.80, Regular Flavoured latte - Hazelnut - 2.55",7.25,CASH,
23/07/2024 16:14,Uppingham,Clarence Gutirrez,"Regular Smoothies - Berry Beautiful - 2.00, Regular Speciality Tea - Green - 1.30, Large Flavoured latte - Hazelnut - 2.85, Regular Cortado - 2.05, Large Cortado - 2.35",10.55,CARD,8064685385040380
23/07/2024 16:16,Uppingham,Barbara Pelayo,"Large Speciality Tea - Peppermint - 1.60, Large Speciality Tea - Peppermint - 1.60",3.2,CARD,7507951922694681
23/07/2024 16:18,Uppingham,Nakia Snyder,"Large Cortado - 2.35, Large Flavoured latte - Hazelnut - 2.85, Large Flavoured latte - Hazelnut - 2.85, Regular Smoothies - Berry Beautiful - 2.00, Large Mocha - 2.70",12.75,CARD,9791846439274879
23/07/2024 16:19,Uppingham,Cheryl Flores,"Large Hot chocolate - 2.90, Large Speciality Tea - Green - 1.60",4.5,CASH,
23/07/2024 16:21,Uppingham,Gregorio Fissel,"Large Flavoured latte - Hazelnut - 2.85, Regular Cortado - 2.05",4.9,CARD,7827815337867522
23/07/2024 16:23,Uppingham,Felix Barnes,"Regular Speciality Tea - Peppermint - 1.30, Large Red Label tea - 1.80",3.1,CARD,5840005443183444
23/07/2024 16:25,Uppingham,Christine Thompson,Large Smoothies - Berry Beautiful - 2.50,2.5,CARD,4066822913165595
23/07/2024 16:26,Uppingham,Lona Dandridge,"Regular Flavoured latte - Hazelnut - 2.55, Large Smoothies - Berry Beautiful - 2.50, Regular Mocha - 2.30, Regular Flavoured latte - Caramel - 2.55, Regular Flavoured hot chocolate - Vanilla - 2.60, Large Hot chocolate - 2.90",15.4,CARD,3028569481462982
23/07/2024 16:28,Uppingham,Nancy Hulse,"Large Hot chocolate - 2.90, Large Speciality Tea - Green - 1.60, Regular Mocha - 2.30, Regular Speciality Tea - Peppermint - 1.30",8.1,CASH,
23/07/2024 16:30,Uppingham,Mary Hollister,Regular Flavoured hot chocolate - Vanilla - 2.60,2.6,CASH,
23/07/2024 16:32,Uppingham,Carrie Shaw,"Regular Smoothies - Berry Beautiful - 2.00, Large Hot chocolate - 2.90, Regular Flavoured latte - Caramel - 2.55, Regular Speciality Tea - Green - 1.30, Regular Hot chocolate - 2.20",10.95,CASH,
23/07/2024 16:33,Uppingham,Virginia Christou,"Regular Smoothies - Berry Beautiful - 2.00, Regular Smoothies - Berry Beautiful - 2.00",4.0,CARD,6069251036934601
23/07/2024 16:35,Uppingham,William Pitts,"Large Mocha - 2.70, Regular Cortado - 2.05, Regular Smoothies - Berry Beautiful - 2.00",6.75,CASH,
23/07/2024 16:37,Uppingham,Tyrone Mazza,"Large Red Label tea - 1.80, Regular Red Label tea - 1.20, Regular Speciality Tea - Green - 1.30, Regular Mocha - 2.30, Large Speciality Tea - Peppermint - 1.60",8.2,CARD,3954701028047395
23/07/2024 16:39,Uppingham,Penny Kingston,"Regular Cortado - 2.05, Large Flavoured latte - Hazelnut - 2.85, Large Red Label tea - 1.80, Regular Hot chocolate - 2.20, Large Red Label tea - 1.80, Large Red Label tea - 1.80",12.5,CARD,5429130771678404
23/07/2024 16:41,Uppingham,Donna Lee,"Regular Speciality Tea - Peppermint - 1.30, Large Hot chocolate - 2.90",4.2,CARD,2048276682409799
23/07/2024 16:42,Uppingham,Barry Patel,"Regular Flavoured latte - Hazelnut - 2.55, Regular Flavoured latte - Caramel - 2.55",5.1,CASH,
23/07/2024 16:44,Uppingham,Linda Sigman,Large Flavoured latte - Hazelnut - 2.85,2.85,CARD,3373055402462490
23/07/2024 16:46,Uppingham,Tammy Szczesny,"Regular Smoothies - Berry Beautiful - 2.00, Large Hot chocolate - 2.90, Regular Smoothies - Berry Beautiful - 2.00",6.9,CARD,2037364338871317
23/07/2024 16:48,Uppingham,Gilberte Naron,"Regular Red Label tea - 1.20, Regular Speciality Tea - Green - 1.30, Regular Mocha - 2.30",4.8,CARD,4171863702120653
23/07/2024 16:49,Uppingham,Irma Carson,"Large Red Label tea - 1.80, Large Hot chocolate - 2.90, Regular Red Label tea - 1.20",5.9,CARD,3126974007501591
23/07/2024 16:51,Uppingham,Cindy Hepburn,Large Speciality Tea - Peppermint - 1.60,1.6,CASH,
23/07/2024 16:53,Uppingham,Sharon Nielson,"Regular Flavoured latte - Caramel - 2.55, Large Red Label tea - 1.80, Regular Red Label tea - 1.20",5.55,CARD,1474739130328393
23/07/2024 16:55,Uppingham,Judith Davis,"Regular Speciality Tea - Peppermint - 1.30, Large Smoothies - Berry Beautiful - 2.50",3.8,CARD,3643258140224001
23/07/2024 16:56,Uppingham,Cora Martin,Regular Flavoured latte - Hazelnut - 2.55,2.55,CARD,5227570150510562
23/07/2024 16:58,Uppingham,Harrison Ralph,"Regular Mocha - 2.30, Regular Red Label tea - 1.20, Large Red Label tea - 1.80, Regular Speciality Tea - Peppermint - 1.30",6.6,CARD,3394239529515085
